ticker,name,sector,industry,price,market_cap,eps0,eps1,eps2,eg1,eg2,pe1,pe2,peg1,peg2,pe_implausible,sector_pe1,sector_eg1,sector_pe1_mean
A,Agilent Technologies,Health Care,Life Sciences Tools & Services,148.4499969482422,41927021224.88611,4.2,4.092807424593968,3.988350622574168,-0.025522041763341084,-0.025522041763341104,36.2709459663789,37.2208993131174,,,False,26.111110051472984,0.13106796116504843,35.670037593695405
AA,Alcoa,Materials,Aluminum,51.709999084472656,13646757159.333689,4.63,6.945,10.4175,0.5000000000000001,0.5,7.445644216626732,4.9637628110844885,0.1489128843325346,0.09927525622168977,False,19.867320548497293,0.18077595481441627,23.483754427797003
AAL,American Airlines Group,Industrials,Passenger Airlines,14.43000030517578,9552226594.947195,0.2700000000000001,0.2700000000000001,,0.0,,53.444445574725094,,,,False,26.16367280461197,0.1419973073572504,33.292022761598915
AAMI,Acadian Asset Management Inc.,Financials,Asset Management & Custody Banks,92.98999786376952,3300226926.9049067,2.14,2.775515151515152,3.5997590449954098,0.2969696969696971,0.29696969696969716,33.503689508957045,25.832283967186502,1.1281854630567163,0.869862623384851,False,12.175904990939271,0.2321522761151244,16.818363553496667
AAON,AAON,Industrials,Building Products,88.08999633789062,7263340757.555756,1.72,1.436116504854369,1.1990875671599586,-0.16504854368932037,-0.16504854368932034,61.33903206329593,73.46418956418,,,False,26.16367280461197,0.1419973073572504,33.292022761598915
AAP,"Advance Auto Parts, Inc.",Consumer Discretionary,Automotive Retail,56.720001220703125,3420216073.6083984,1.02,1.53,2.295,0.5,0.49999999999999994,37.07189622268178,24.714597481787855,0.7414379244536355,0.4942919496357572,False,17.12461478795241,0.09201273225257235,23.63279043999208
AAPL,Apple Inc.,Information Technology,"Technology Hardware, Storage & Peripherals",305.5899963378906,4459835412754.517,8.44,10.20538681948424,12.340037930723064,0.20916905444126066,0.2091690544412608,29.943989556030818,24.764105106764823,1.431568815760926,1.1839277646932769,False,32.824054964173854,0.16017875776961116,46.8792043447928
AAT,American Assets Trust,Real Estate,Diversified REITs,22.64999961853028,1390504676.981217,0.29,0.145,0.0725,-0.5,-0.5,156.2068939208985,312.413787841797,,,False,24.37544947652672,0.18871373771277855,37.44019231073693
ABBV,AbbVie,Health Care,Biotechnology,250.3300018310547,442362473189.7384,3.54,5.3100000000000005,7.965000000000001,0.5000000000000001,0.5,47.14312652185587,31.42875101457058,0.9428625304371171,0.6285750202914115,False,26.111110051472984,0.13106796116504843,35.670037593695405
ABCB,Ameris Bancorp,Financials,Regional Banks,89.04000091552734,5975228621.998512,5.54,6.006183953033268,6.511596692720999,0.08414872798434446,0.08414872798434432,14.824720922934768,13.674065688844165,1.7617284631673633,1.6249878062789247,False,12.175904990939271,0.2321522761151244,16.818363553496667
ABG,Asbury Automotive Group,Consumer Discretionary,Automotive Retail,208.5399932861328,3743692650.6532135,31.4,45.47785977859778,65.86737993763701,0.44833948339483387,0.448339483394834,4.585527865677472,3.1660587301875025,0.10227802893815598,0.07061744163628092,False,17.12461478795241,0.09201273225257235,23.63279043999208
ABM,"ABM Industries, Inc.",Industrials,Environmental & Facilities Services,47.720001220703125,2795481717.069916,2.71,3.415860465116279,4.305572958355868,0.2604651162790698,0.26046511627906976,13.970126036479856,11.083310324144536,0.5363530531862801,0.4255199499448349,False,26.16367280461197,0.1419973073572504,33.292022761598915
ABNB,Airbnb,Consumer Discretionary,"Hotels, Resorts & Cruise Lines",179.2899932861328,107932575958.25195,4.87,6.515631868131869,8.717342636758847,0.337912087912088,0.33791208791208804,27.516900419596297,20.56704672019107,0.8143212807100041,0.6086508135080932,False,17.12461478795241,0.09201273225257235,23.63279043999208
ABR,Arbor Realty Trust,Financials,Mortgage REITs,5.0,932790215.0,0.12,0.06,0.03,-0.5,-0.5,83.33333333333334,166.66666666666669,,,False,12.175904990939271,0.2321522761151244,16.818363553496667
ABT,Abbott Laboratories,Health Care,Health Care Equipment,110.37000274658205,192243842572.76077,3.32,3.4445,3.5736687500000004,0.03750000000000008,0.03750000000000008,32.042387210504295,30.88422863663064,8.544636589467794,8.235794303101487,False,26.111110051472984,0.13106796116504843,35.670037593695405
ACA,"Arcosa, Inc.",Industrials,Construction & Engineering,145.00999450683594,7120978103.338242,10.14,15.21,22.815,0.5,0.5,9.533858941935302,6.355905961290201,0.19067717883870602,0.12711811922580402,False,26.16367280461197,0.1419973073572504,33.292022761598915
ACAD,Acadia Pharmaceuticals,Health Care,Pharmaceuticals,29.01000022888184,4998583116.617604,0.78,0.997377049180328,1.275334587476485,0.278688524590164,0.27868852459016397,29.08629214269875,22.746972060315688,1.0436846004144842,0.8162148798113276,False,26.111110051472984,0.13106796116504843,35.670037593695405
ACGL,Arch Capital Group,Financials,Property & Casualty Insurance,97.80999755859376,33375619980.981083,12.67,15.646091617933724,19.3212456919318,0.23489278752436654,0.23489278752436638,6.251401305005965,5.062302872088493,0.26613849539154016,0.21551546667065544,False,12.175904990939271,0.2321522761151244,16.818363553496667
ACHC,Acadia Healthcare,Health Care,Health Care Facilities,30.0,2766353310.0,0.87,1.305,1.9575,0.49999999999999994,0.5000000000000001,22.98850574712644,15.32567049808429,0.45977011494252884,0.30651340996168575,False,26.111110051472984,0.13106796116504843,35.670037593695405
ACI,Albertsons,Consumer Staples,Food Retail,12.199999809265137,5920973240.031472,1.43,1.038020304568528,0.75348682006751,-0.27411167512690354,-0.27411167512690365,11.75314177918349,16.191391122371662,,,False,21.581219732454,0.027309224733112505,30.262301818219143
ACIW,ACI Worldwide,Information Technology,Application Software,52.130001068115234,5262796821.161831,1.68,1.8327272727272723,1.999338842975206,0.0909090909090907,0.09090909090909077,28.44394899549939,26.073619912541112,3.12883438950494,2.8680981903795266,False,32.824054964173854,0.16017875776961116,46.8792043447928
ACLS,"Axcelis Technologies, Inc.",Information Technology,Semiconductor Materials & Equipment,144.11000061035156,4450331398.638565,2.86,1.4899089253187612,0.7761638481624148,-0.47905282331511845,-0.4790528233151184,96.72403336970392,185.66956055932675,,,False,32.824054964173854,0.16017875776961116,46.8792043447928
ACM,AECOM,Industrials,Construction & Engineering,62.220001220703125,8007491720.600128,2.26,1.5384337349397588,1.0472470605312814,-0.31927710843373497,-0.3192771084337351,40.443731704270974,59.412915600964446,,,False,26.16367280461197,0.1419973073572504,33.292022761598915
ACMR,"ACM Research, Inc.",Information Technology,Semiconductor Materials & Equipment,85.63999938964844,1214091722.947235,2.43,3.645000000000001,5.467500000000001,0.5000000000000002,0.49999999999999994,23.495198735157317,15.66346582343821,0.46990397470314615,0.31326931646876427,False,32.824054964173854,0.16017875776961116,46.8792043447928
ACN,Accenture,Information Technology,IT Consulting & Other Services,169.97999572753906,108280001265.5134,12.52,12.48012738853503,12.44038175990912,-0.0031847133757963355,-0.0031847133757962457,13.620052939819555,13.663567485953164,,,False,32.824054964173854,0.16017875776961116,46.8792043447928
ACT,"Enact Holdings, Inc.",Financials,Commercial & Residential Mortgage Finance,49.77999877929688,6843936974.553254,4.640000000000001,4.89309090909091,5.159986776859506,0.05454545454545462,0.05454545454545463,10.17352828798056,9.64731130756777,1.8651468527964332,1.7686737397207553,False,12.175904990939271,0.2321522761151244,16.818363553496667
ADAM,"Adamas Trust, Inc.",Real Estate,Mortgage REITs,10.119999885559082,909583424.0340748,1.19,1.19,,0.0,,8.50420158450343,,,,False,24.37544947652672,0.18871373771277855,37.44019231073693
ADBE,Adobe Inc.,Information Technology,Application Software,254.0399932861328,100980897331.2378,16.97,22.586737254901955,30.062504409073423,0.3309803921568625,0.33098039215686265,11.247308117997388,8.450393547699866,0.3398179585413905,0.25531402306439177,False,32.824054964173854,0.16017875776961116,46.8792043447928
ADC,Agree Realty,Real Estate,Retail REITs,74.54000091552734,9271233881.27266,1.82,1.8505027932960891,1.8815168065915542,0.016759776536312675,0.016759776536312776,40.28094482514007,39.61697320714326,24.03429707900049,23.638127346928915,False,24.37544947652672,0.18871373771277855,37.44019231073693
ADEA,"Adeia, Inc.",Information Technology,IT Consulting & Other Services,29.670000076293945,3272012058.913708,0.58,0.8699999999999999,1.3049999999999997,0.4999999999999999,0.4999999999999999,34.10344836355626,22.735632242370844,0.6820689672711254,0.454712644847417,False,32.824054964173854,0.16017875776961116,46.8792043447928
ADI,Analog Devices,Information Technology,Semiconductors,390.2799987792969,190100329376.61133,6.27,9.405,14.107499999999998,0.5,0.4999999999999999,41.49707589359882,27.664717262399215,0.8299415178719763,0.5532943452479845,False,32.824054964173854,0.16017875776961116,46.8792043447928
ADIG,ADI Global Distribution,Information Technology,Electronic Equipment & Instruments,21.43000030517578,1627034156.3099213,,,,,,,,,,False,32.824054964173854,0.16017875776961116,46.8792043447928
ADM,Archer Daniels Midland,Consumer Staples,Agricultural Products & Services,81.29000091552734,39178494943.31718,3.16,3.273967213114755,3.3920447191615173,0.03606557377049205,0.036065573770491986,24.82920433347604,23.964896587690475,6.884461201554673,6.64481223567778,False,21.581219732454,0.027309224733112505,30.262301818219143
ADMA,"ADMA Biologics, Inc.",Health Care,Biotechnology,9.34000015258789,2092016945.3773496,0.64,0.8714893617021278,1.186708918062472,0.3617021276595746,0.36170212765957455,10.717285331338642,7.870506415201815,0.2963014179840682,0.21759635383205014,False,26.111110051472984,0.13106796116504843,35.670037593695405
ADNT,Adient,Consumer Discretionary,Automotive Parts & Equipment,20.100000381469727,1549648362.6101456,0.81,0.81,,0.0,,24.814815285765093,,,,False,17.12461478795241,0.09201273225257235,23.63279043999208
ADP,Automatic Data Processing,Industrials,Human Resource & Employment Services,266.0599975585937,105695722836.34026,11.55,13.752835051546397,16.375798437666074,0.19072164948453643,0.19072164948453635,19.34582917350393,16.247146578613687,1.014348880989123,0.8518774152029867,False,26.16367280461197,0.1419973073572504,33.292022761598915
ADSK,Autodesk,Information Technology,Application Software,241.63999938964844,50986039871.21582,6.08,7.621938144329898,9.554924519077483,0.2536082474226806,0.2536082474226807,31.703222305655803,25.289577003689246,1.25008640798724,0.9971906379503472,False,32.824054964173854,0.16017875776961116,46.8792043447928
ADT,ADT Inc.,Consumer Discretionary,Specialized Consumer Services,7.179999828338623,5462432249.122693,-0.5800000000000001,-0.5800000000000001,,0.0,,,,,,False,17.12461478795241,0.09201273225257235,23.63279043999208
ADUS,Addus HomeCare Corp.,Health Care,Health Care Services,114.9000015258789,2145677098.4947205,5.29,6.46284064665127,7.895710628356864,0.22170900692840645,0.22170900692840648,17.77856020408216,14.55220523320903,0.8018871425382892,0.6563650902061989,False,26.111110051472984,0.13106796116504843,35.670037593695405
AEE,Ameren,Utilities,Multi-Utilities,109.47000122070312,30306031024.91342,5.77,7.053580508474576,8.62270329108015,0.22245762711864417,0.22245762711864409,15.519777663156972,12.695554691525286,0.6976509578104846,0.5706954108952319,False,22.02248481825099,-0.002881844380403428,27.042817602825924
AEIS,Advanced Energy,Information Technology,Semiconductor Materials & Equipment,348.6300048828125,13962785790.0188,4.73,7.095000000000001,10.642500000000002,0.5,0.5000000000000001,49.13742140702078,32.758280938013854,0.9827484281404156,0.6551656187602769,False,32.824054964173854,0.16017875776961116,46.8792043447928
AEO,American Eagle Outfitters,Consumer Discretionary,Apparel Retail,16.350000381469727,2739824058.474153,0.76,0.38,0.19,-0.5,-0.5,43.02631679334139,86.05263358668277,,,False,17.12461478795241,0.09201273225257235,23.63279043999208
AEP,American Electric Power,Utilities,Electric Utilities,126.52999877929688,,,,,,,,,,,False,22.02248481825099,-0.002881844380403428,27.042817602825924
AES,AES Corporation,Utilities,Independent Power Producers & Energy Traders,14.760000228881836,10530354342.093143,2.02,2.305310734463277,2.6309195952631743,0.14124293785310732,0.14124293785310718,6.402607686776014,5.6102057453433405,0.4533046242237419,0.39720256677030896,False,22.02248481825099,-0.002881844380403428,27.042817602825924
AESI,"Atlas Energy Solutions, Inc.",Energy,Oil & Gas Equipment & Services,12.81999969482422,1602544203.6719744,-0.81,-0.405,-0.2025,0.5,0.5,,,,,False,18.15927134438993,0.0,31.84763181292061
AFG,American Financial Group,Financials,Multi-line Insurance,146.60000610351562,12156287421.712463,9.93,10.51224946695096,11.128639361068553,0.05863539445629009,0.05863539445628985,13.94563614233143,13.173219236160003,2.3783648548194285,2.2466326624578383,False,12.175904990939271,0.2321522761151244,16.818363553496667
AFL,Aflac,Financials,Life & Health Insurance,120.9800033569336,60652513875.01616,7.8,9.76565008025682,12.22665660128462,0.2520064205457463,0.2520064205457461,12.388320527838534,9.894773960055652,0.4915874961046758,0.3926397565041196,False,12.175904990939271,0.2321522761151244,16.818363553496667
AGCO,AGCO,Industrials,Agricultural & Farm Machinery,99.75,6985664967.75,10.15,10.15,,0.0,,9.827586206896552,,,,False,26.16367280461197,0.1419973073572504,33.292022761598915
AGNT,"eXp World Holdings, Inc.",Real Estate,Real Estate Services,4.25,710251232.25,-0.04,-0.04,,0.0,,,,,,False,24.37544947652672,0.18871373771277855,37.44019231073693
AGO,Assured Guaranty Ltd.,Financials,Property & Casualty Insurance,76.22000122070312,3352095287.4455566,7.05,5.015388496468214,3.567960534823502,-0.2885973763874874,-0.2885973763874874,15.197227747038237,21.362344251510486,,,False,12.175904990939271,0.2321522761151244,16.818363553496667
AGX,"Argan, Inc.",Industrials,Construction & Engineering,589.27001953125,8261121953.503418,9.51,14.265,21.3975,0.5000000000000001,0.5,41.30879912592008,27.539199417280056,0.8261759825184014,0.5507839883456012,False,26.16367280461197,0.1419973073572504,33.292022761598915
AGYS,"Agilysys, Inc.",Information Technology,Application Software,111.33000183105467,3140150429.68634,1.25,0.625,0.3125,-0.5,-0.5,178.12800292968748,356.25600585937497,,,False,32.824054964173854,0.16017875776961116,46.8792043447928
AHCO,AdaptHealth Corp.,Health Care,Health Care Equipment,5.809999942779541,792159770.9583225,-0.85,-0.425,-0.2125,0.5,0.5,,,,,False,26.111110051472984,0.13106796116504843,35.670037593695405
AHR,American Healthcare REIT,Real Estate,Health Care REITs,54.68000030517578,11920173083.527946,0.68,0.68,,0.0,,80.41176515467026,,,,False,24.37544947652672,0.18871373771277855,37.44019231073693
AIG,American International Group,Financials,Multi-line Insurance,75.80999755859375,39640529865.29535,6.1,6.1,,0.0,,12.427868452228484,,,,False,12.175904990939271,0.2321522761151244,16.818363553496667
AIN,Albany International Corp.,Industrials,Industrial Machinery & Supplies & Components,63.880001068115234,1814192030.334473,-1.91,-0.955,-0.4775,0.5,0.5,,,,,False,26.16367280461197,0.1419973073572504,33.292022761598915
AIR,AAR Corp.,Industrials,Aerospace & Defense,153.7100067138672,6131872138.952759,3.31,4.965,7.4475,0.49999999999999994,0.5,30.958712329076977,20.639141552717984,0.6191742465815396,0.4127828310543597,False,26.16367280461197,0.1419973073572504,33.292022761598915
AIT,Applied Industrial Technologies,Industrials,Trading Companies & Distributors,358.7799987792969,13166815510.881592,10.36,11.238701570680629,12.19193175625668,0.08481675392670168,0.08481675392670145,31.92361648922837,29.427658057155497,3.763833795952229,3.469557215380684,False,26.16367280461197,0.1419973073572504,33.292022761598915
AIZ,Assurant,Financials,Multi-line Insurance,281.1099853515625,13865403418.853882,21.09,31.635,47.4525,0.5000000000000001,0.49999999999999994,8.886043475630235,5.92402898375349,0.17772086951260466,0.11848057967506982,False,12.175904990939271,0.2321522761151244,16.818363553496667
AJG,Arthur J. Gallagher & Co.,Financials,Insurance Brokers,247.97000122070312,63554711312.86621,6.85,5.778633004926108,4.874832030017713,-0.15640394088669957,-0.15640394088669962,42.91153305795961,50.867393931479135,,,False,12.175904990939271,0.2321522761151244,16.818363553496667
AKAM,Akamai Technologies,Information Technology,Internet Services & Infrastructure,122.97000122070312,17672831584.165314,2.91,2.671324921135647,2.4522257162475505,-0.08201892744479485,-0.08201892744479473,46.03333733300609,50.14628156207191,,,False,32.824054964173854,0.16017875776961116,46.8792043447928
AKR,Acadia Realty Trust,Real Estate,Retail REITs,20.81999969482422,2859267230.1293797,0.31,0.4649999999999999,0.6974999999999999,0.4999999999999997,0.5000000000000001,44.7741928920951,29.849461928063402,0.8954838578419025,0.5969892385612678,False,24.37544947652672,0.18871373771277855,37.44019231073693
ALB,Albemarle Corporation,Materials,Specialty Chemicals,133.99000549316406,15811498235.651138,3.98,3.98,,0.0,,33.66583052592062,,,,False,19.867320548497293,0.18077595481441627,23.483754427797003
ALG,Alamo Group,Industrials,Construction Machinery & Heavy Transportation Equipment,161.8699951171875,1970114045.12146,9.63,9.329668008048287,9.038702506791248,-0.03118712273641885,-0.031187122736418535,17.350027351192935,17.90854328877028,,,False,26.16367280461197,0.1419973073572504,33.292022761598915
ALGM,Allegro MicroSystems,Information Technology,Semiconductors,44.25,8248290535.5,0.0799999999999999,0.0799999999999999,,0.0,,553.1250000000007,,,,True,32.824054964173854,0.16017875776961116,46.8792043447928
ALGN,Align Technology,Health Care,Health Care Supplies,171.16000366210938,12159181328.475708,5.58,5.671475409836066,5.7644504165546895,0.016393442622950807,0.0163934426229508,30.179096494937774,29.69233687405168,18.409248861912058,18.112325493171546,False,26.111110051472984,0.13106796116504843,35.670037593695405
ALGT,Allegiant Travel Company,Industrials,Passenger Airlines,84.30000305175781,2304572829.9282074,-3.94,-1.97,-0.985,0.5,0.5,,,,,False,26.16367280461197,0.1419973073572504,33.292022761598915
ALHC,"Alignment Healthcare, Inc.",Health Care,Health Care Services,13.460000038146973,2792077113.453023,0.31,0.31,,0.0,,43.41935496176443,,,,False,26.111110051472984,0.13106796116504843,35.670037593695405
ALK,Alaska Air Group,Industrials,Passenger Airlines,44.040000915527344,4915001506.975708,-0.33,-0.165,-0.0825,0.5,0.5,,,,,False,26.16367280461197,0.1419973073572504,33.292022761598915
ALKS,Alkermes plc,Health Care,Pharmaceuticals,49.84999847412109,8362998853.213561,0.61,0.305,0.1525,-0.5,-0.5,163.442617947938,326.885235895876,,,False,26.111110051472984,0.13106796116504843,35.670037593695405
ALL,Allstate,Financials,Property & Casualty Insurance,258.1000061035156,65262638438.32245,50.08,75.12,112.68,0.5000000000000001,0.5,3.435836076990357,2.290557384660238,0.06871672153980712,0.04581114769320476,False,12.175904990939271,0.2321522761151244,16.818363553496667
ALLE,Allegion,Industrials,Building Products,162.10000610351562,13784463529.623352,7.77,8.77513081395349,9.910285817502707,0.12936046511627938,0.1293604651162792,18.472659785966673,16.356743800186702,1.4279988688477574,1.2644314308458924,False,26.16367280461197,0.1419973073572504,33.292022761598915
ALLY,Ally Financial,Financials,Consumer Finance,43.61000061035156,13266148797.398758,4.33,6.495,9.7425,0.5,0.49999999999999994,6.714395782964059,4.476263855309373,0.13428791565928117,0.08952527710618748,False,12.175904990939271,0.2321522761151244,16.818363553496667
ALRM,"Alarm.Com, Inc.",Financials,Application Software,55.0,2699962540.0,2.23,2.0982700421940925,1.974321600883049,-0.05907172995780604,-0.05907172995780591,26.212069416236,27.85767018676203,,,False,12.175904990939271,0.2321522761151244,16.818363553496667
ALSN,Allison Transmission,Industrials,Construction Machinery & Heavy Transportation Equipment,127.11000061035156,10496494460.581636,7.4,6.419695193434936,5.569254915758328,-0.1324736225087924,-0.13247362250879238,19.80000557352627,22.823519938132307,,,False,26.16367280461197,0.1419973073572504,33.292022761598915
ALV,Autoliv,Consumer Discretionary,Automotive Parts & Equipment,120.76000213623048,8844126481.371576,7.67,8.274106891701827,8.925794635633334,0.07876230661040767,0.07876230661040778,14.594928941193851,13.529327871171876,1.8530347280694384,1.717741449357717,False,17.12461478795241,0.09201273225257235,23.63279043999208
AM,Antero Midstream,Energy,Oil & Gas Storage & Transportation,22.14999961853028,10514028918.92624,0.99,1.153058823529412,1.342974394463668,0.16470588235294134,0.16470588235294123,19.20977418197198,16.49324045926887,1.1663077181911548,1.0013753135984667,False,18.15927134438993,0.0,31.84763181292061
AMAT,Applied Materials,Information Technology,Semiconductor Materials & Equipment,535.3099975585938,425014420534.9225,10.9,14.90715181932246,20.38744728113109,0.3676286072772898,0.36762860727728974,35.909609296708965,26.256842760988118,0.9767903962278857,0.7142219686180046,False,32.824054964173854,0.16017875776961116,46.8792043447928
AMCR,Amcor,Materials,Paper & Plastic Packaging Products & Materials,45.52999877929688,21050598701.31317,1.773,2.6595000000000004,3.9892500000000006,0.5000000000000003,0.5,17.119758894264663,11.413172596176443,0.342395177885293,0.22826345192352884,False,19.867320548497293,0.18077595481441627,23.483754427797003
AMD,Advanced Micro Devices,Information Technology,Semiconductors,506.0,826032371252.0,3.51,5.265,7.897499999999999,0.5,0.4999999999999999,96.10636277302945,64.07090851535297,1.9221272554605888,1.2814181703070597,False,32.824054964173854,0.16017875776961116,46.8792043447928
AME,Ametek,Industrials,Electrical Components & Equipment,254.1699981689453,58271329967.690125,6.66,7.673979238754325,8.842335939464325,0.1522491349480968,0.1522491349480968,33.12101717520457,28.744666557459826,2.175448628098665,1.888001962524067,False,26.16367280461197,0.1419973073572504,33.292022761598915
AMG,Affiliated Managers Group,Financials,Asset Management & Custody Banks,371.3999938964844,9604378958.363497,20.46,30.69,46.035000000000004,0.5,0.5000000000000001,12.10166158020477,8.06777438680318,0.2420332316040954,0.16135548773606354,False,12.175904990939271,0.2321522761151244,16.818363553496667
AMGN,Amgen,Health Care,Biotechnology,419.3800048828125,226730252896.7047,16.29,24.435,36.652499999999996,0.5,0.49999999999999994,17.1630859375,11.442057291666668,0.34326171875,0.2288411458333334,False,26.111110051472984,0.13106796116504843,35.670037593695405
AMH,American Homes 4 Rent,Real Estate,Single-Family Residential REITs,33.630001068115234,12195696382.364891,1.21,1.3943809523809525,1.6068580498866214,0.1523809523809525,0.15238095238095234,24.118230395137623,20.92904290487149,1.5827588696809052,1.373468440632192,False,24.37544947652672,0.18871373771277855,37.44019231073693
AMKR,Amkor Technology,Information Technology,Semiconductors,61.29999923706055,15194585164.288277,1.15,0.8587662337662336,0.6412864732669926,-0.25324675324675333,-0.2532467532467533,71.38147359173782,95.58910376632716,,,False,32.824054964173854,0.16017875776961116,46.8792043447928
AMN,"Amn Healthcare Services, Inc.",Health Care,Health Care Services,34.540000915527344,1337733924.5983658,-0.1399999999999999,-0.0699999999999999,-0.03499999999999995,0.5000000000000004,0.5,,,,,False,26.111110051472984,0.13106796116504843,35.670037593695405
AMP,Ameriprise Financial,Financials,Asset Management & Custody Banks,561.6300048828125,49610586218.28455,41.72,61.48210526315789,90.60520775623267,0.47368421052631576,0.47368421052631565,9.134853181733186,6.198650373318948,0.19284690050325617,0.13086039677006672,False,12.175904990939271,0.2321522761151244,16.818363553496667
AMPH,"Amphstar Pharmaceuticals, Inc.",Health Care,Pharmaceuticals,20.86000061035156,887341537.8031005,1.82,1.1704593639575973,0.7527335838879248,-0.3568904593639575,-0.3568904593639576,17.822063074295045,27.712328846293943,,,False,26.111110051472984,0.13106796116504843,35.670037593695405
AMR,"Alpha Metallurgical Resources, Inc.",Materials,Steel,169.00999450683594,2142885325.8019257,-2.62,-1.31,-0.655,0.5,0.5,,,,,False,19.867320548497293,0.18077595481441627,23.483754427797003
AMRX,Amneal Pharmaceuticals,Health Care,Pharmaceuticals,18.420000076293945,5882499212.34477,0.45,0.45,,0.0,,40.933333502875435,,,,False,26.111110051472984,0.13106796116504843,35.670037593695405
AMSF,"Amerisafe, Inc.",Financials,Property & Casualty Insurance,26.40999984741211,489537288.951622,2.66,2.650037453183521,2.640112219276467,-0.003745318352059779,-0.003745318352059829,9.965896827490294,10.003362605037248,,,False,12.175904990939271,0.2321522761151244,16.818363553496667
AMT,American Tower,Real Estate,Telecom Tower REITs,172.22999572753906,80240761283.36006,5.48,6.243326403326404,7.112978937677483,0.13929313929313933,0.1392931392931393,27.58625524300252,24.213483160372647,1.9804460853558519,1.738311253752126,False,24.37544947652672,0.18871373771277855,37.44019231073693
AMTM,Amentum,Industrials,Diversified Support Services,20.43000030517578,4995266092.207436,0.71,0.71,,0.0,,28.77464831714899,,,,False,26.16367280461197,0.1419973073572504,33.292022761598915
AMZN,Amazon,Consumer Discretionary,Broadline Retail,261.3099975585937,2818571573165.546,12.16,18.24,27.36,0.49999999999999983,0.5000000000000001,14.326206006501849,9.550804004334566,0.2865241201300371,0.19101608008669127,False,17.12461478795241,0.09201273225257235,23.63279043999208
AN,AutoNation,Consumer Discretionary,Automotive Retail,204.9600067138672,6776143019.725861,19.15,21.893880597014924,25.030914234796164,0.14328358208955225,0.1432835820895521,9.361520257026159,8.188274898443247,0.6533561012716174,0.5714733522871854,False,17.12461478795241,0.09201273225257235,23.63279043999208
ANDE,"The Andersons, Inc.",Consumer Staples,Food Distributors,68.87999725341797,2340237168.28331,3.44,5.16,7.74,0.5000000000000001,0.5,13.348836677018985,8.89922445134599,0.26697673354037965,0.1779844890269198,False,21.581219732454,0.027309224733112505,30.262301818219143
ANET,Arista Networks,Information Technology,Communications Equipment,201.8000030517578,254515137815.35217,3.12,4.345714285714286,6.05295918367347,0.3928571428571429,0.3928571428571428,46.43655560033874,33.33906555921756,1.1820214152813495,0.8486307596891745,False,32.824054964173854,0.16017875776961116,46.8792043447928
ANF,Abercrombie & Fitch,Consumer Discretionary,Apparel Retail,105.16000366210938,4672438786.313782,8.33,7.735663322185061,7.183731936878657,-0.0713489409141584,-0.0713489409141583,13.594180522376362,14.63863136683265,,,False,17.12461478795241,0.09201273225257235,23.63279043999208
ANIP,"ANI Pharmaceuticals, Inc.",Health Care,Pharmaceuticals,76.0,1856090240.0,3.82,5.73,8.595,0.5000000000000002,0.5,13.263525305410122,8.842350203606747,0.2652705061082023,0.17684700407213494,False,26.111110051472984,0.13106796116504843,35.670037593695405
AON,Aon plc,Financials,Insurance Brokers,347.2200012207031,73654193452.42218,12.98,12.199884141926145,11.466654320217334,-0.060101375814626795,-0.060101375814626955,28.460926118752738,30.280846664096707,,,False,12.175904990939271,0.2321522761151244,16.818363553496667
AORT,Artivion,Health Care,Health Care Equipment,28.31999969482422,1380776163.8407822,-0.09,-0.045,-0.0225,0.5,0.5,,,,,False,26.111110051472984,0.13106796116504843,35.670037593695405
AOS,A. O. Smith,Industrials,Building Products,61.400001525878906,4649956458.758148,3.77,3.710939947780679,3.6528051183115307,-0.015665796344647473,-0.015665796344647348,16.545673707977695,16.80900007998795,,,False,26.16367280461197,0.1419973073572504,33.292022761598915
AOSL,"Alpha and Omega Semiconductor, Ltd.",Information Technology,Semiconductors,31.06999969482422,929911979.3262177,-1.35,-1.35,,0.0,,,,,,False,32.824054964173854,0.16017875776961116,46.8792043447928
APA,APA Corporation,Energy,Oil & Gas Exploration & Production,41.58000183105469,14567616427.312777,5.609999999999999,8.415,12.622499999999999,0.5,0.5,4.9411766881823755,3.294117792121584,0.09882353376364751,0.06588235584243168,False,18.15927134438993,0.0,31.84763181292061
APAM,"Artisan Partners Asset Management, Inc.",Financials,Asset Management & Custody Banks,41.47999954223633,3362652195.730549,3.74,4.007908309455588,4.2950077585569915,0.07163323782234964,0.07163323782234969,10.34953804815728,9.657724007505054,1.444795511522755,1.3482182714477033,False,12.175904990939271,0.2321522761151244,16.818363553496667
APD,Air Products,Materials,Industrial Gases,300.8599853515625,66997165293.80493,2.9600000000000004,4.44,6.66,0.49999999999999994,0.4999999999999999,67.76125796206362,45.17417197470908,1.3552251592412727,0.9034834394941819,False,19.867320548497293,0.18077595481441627,23.483754427797003
APG,APi Group,Industrials,Construction & Engineering,44.720001220703125,19326209009.379425,0.68,0.68,,0.0,,65.76470767750459,,,,False,26.16367280461197,0.1419973073572504,33.292022761598915
APH,Amphenol,Information Technology,Electronic Components,170.8699951171875,210679877277.16296,3.92,5.88,8.82,0.5,0.5000000000000001,29.05952297911352,19.373015319409014,0.5811904595822704,0.3874603063881802,False,32.824054964173854,0.16017875776961116,46.8792043447928
APLE,"Apple Hospitality REIT, Inc.",Real Estate,Hotel & Resort REITs,15.90999984741211,3756075689.156639,0.88,0.8701123595505618,0.8603358161848251,-0.011235955056179818,-0.011235955056179758,18.284994659345013,18.492778689564844,,,False,24.37544947652672,0.18871373771277855,37.44019231073693
APO,Apollo Global Management,Financials,Asset Management & Custody Banks,134.5399932861328,79451672647.03166,2.6499999999999995,1.3249999999999995,0.6624999999999998,-0.5000000000000001,-0.5,101.5396175744399,203.0792351488798,,,False,12.175904990939271,0.2321522761151244,16.818363553496667
APOG,"Apogee Enterprises, Inc.",Industrials,Building Products,42.18000030517578,880224647.2884979,2.28,1.14,0.57,-0.5,-0.5,37.000000267698056,74.00000053539611,,,False,26.16367280461197,0.1419973073572504,33.292022761598915
APP,AppLovin,Communication Services,Advertising,311.9800109863281,104604089863.61694,12.16,18.24,27.36,0.49999999999999983,0.5000000000000001,17.10416726898729,11.402778179324859,0.3420833453797459,0.22805556358649712,False,16.09388154288399,0.09932629665828746,22.61772188630623
APPF,AppFolio,Information Technology,Application Software,195.96499633789065,6983212644.500733,4.27,5.03671270718232,5.941094823112847,0.17955801104972385,0.17955801104972363,38.907320653498026,32.984660600857815,2.166838473317889,1.8369918673093135,False,32.824054964173854,0.16017875776961116,46.8792043447928
APTV,Aptiv,Consumer Discretionary,Automotive Parts & Equipment,50.040000915527344,10389972073.333992,1.06,0.53,0.265,-0.5,-0.5,94.41509606703272,188.83019213406544,,,False,17.12461478795241,0.09201273225257235,23.63279043999208
AR,Antero Resources,Energy,Oil & Gas Exploration & Production,36.400001525878906,11190780069.114683,3.36,5.04,7.5600000000000005,0.5000000000000001,0.5000000000000001,7.222222524975973,4.814815016650648,0.14444445049951943,0.09629630033301294,False,18.15927134438993,0.0,31.84763181292061
ARCB,ArcBest Corp.,Industrials,Cargo Ground Transportation,145.8699951171875,3260391898.8425293,2.17,1.085,0.5425,-0.5,-0.5,134.44239181307603,268.88478362615206,,,False,26.16367280461197,0.1419973073572504,33.292022761598915
ARE,Alexandria Real Estate Equities,Real Estate,Office REITs,46.93999862670898,8179180696.507377,-0.3499999999999998,-0.1749999999999999,-0.08749999999999995,0.5,0.5,,,,,False,24.37544947652672,0.18871373771277855,37.44019231073693
ARES,Ares Management,Financials,Asset Management & Custody Banks,141.33999633789062,14605003581.705383,,,,,,,,,,False,12.175904990939271,0.2321522761151244,16.818363553496667
ARLO,Arlo Technologies,Information Technology,Communications Equipment,13.710000038146973,1475378401.9451218,0.25,0.25,,0.0,,54.84000015258789,,,,False,32.824054964173854,0.16017875776961116,46.8792043447928
ARMK,Aramark,Consumer Discretionary,Distributors,61.79999923706055,16292027518.070051,1.37,1.8047115384615384,2.377360392011834,0.3173076923076922,0.3173076923076922,34.24369929487078,25.9952169829676,1.07919537171714,0.8192432018874641,False,17.12461478795241,0.09201273225257235,23.63279043999208
AROC,"Archrock, Inc.",Energy,Oil & Gas Equipment & Services,34.619998931884766,6070207777.418613,1.55,2.184090909090909,3.077582644628099,0.40909090909090906,0.409090909090909,15.850988064546614,11.249088303871792,0.38746859713336174,0.2749777140946439,False,18.15927134438993,0.0,31.84763181292061
ARR,Armour Residential REIT,Real Estate,Mortgage REITs,16.459999084472656,2329963007.564316,0.92,1.1755555555555557,1.502098765432099,0.27777777777777785,0.2777777777777778,14.001889580364262,10.95800054115464,0.5040680248931133,0.39448801948156703,False,24.37544947652672,0.18871373771277855,37.44019231073693
ARW,Arrow Electronics,Information Technology,Technology Distributors,220.3600006103516,11217519043.350206,15.489999999999998,23.235,34.8525,0.5000000000000001,0.5,9.483968177764218,6.322645451842812,0.1896793635552843,0.12645290903685624,False,32.824054964173854,0.16017875776961116,46.8792043447928
ARWR,Arrowhead Pharmaceuticals,Health Care,Biotechnology,88.69999694824219,12529270791.825577,-3.33,-3.33,,0.0,,,,,,False,26.111110051472984,0.13106796116504843,35.670037593695405
ASB,Associated Bank,Financials,Regional Banks,32.060001373291016,6054520326.88554,2.71,3.047344398340249,3.4266818753120645,0.12448132780082993,0.12448132780082993,10.520636062911908,9.355990004286973,0.8451577637205896,0.7515978636777199,False,12.175904990939271,0.2321522761151244,16.818363553496667
ASH,Ashland Global,Materials,Diversified Chemicals,74.16999816894531,3396494169.049835,-15.78,-15.78,,0.0,,,,,,False,19.867320548497293,0.18077595481441627,23.483754427797003
ASO,Academy Sports + Outdoors,Consumer Discretionary,Specialty Stores,46.09999847412109,2859046808.4674754,4.38,3.324852686308492,2.5238916405599996,-0.24090121317157712,-0.24090121317157703,13.865275494447502,18.265442831726503,,,False,17.12461478795241,0.09201273225257235,23.63279043999208
ASTE,"Astec Industries, Inc.",Industrials,Construction Machinery & Heavy Transportation Equipment,43.25,995847122.75,1.05,1.05,,0.0,,41.19047619047619,,,,False,26.16367280461197,0.1419973073572504,33.292022761598915
ASTH,"Astrana Health, Inc.",Health Care,Health Care Facilities,39.75,2215552428.0,0.89,0.6712711864406778,0.506297759264579,-0.24576271186440693,-0.24576271186440687,59.21600807978792,78.51111183612332,,,False,26.111110051472984,0.13106796116504843,35.670037593695405
ATEN,"A10 Networks, Inc.",Information Technology,Systems Software,27.350000381469727,1985856752.0481436,0.6000000000000001,0.6428571428571429,0.6887755102040817,0.07142857142857136,0.07142857142857141,42.5444450378418,39.70814870198568,5.956222305297858,5.559140818277996,False,32.824054964173854,0.16017875776961116,46.8792043447928
ATI,ATI Inc.,Industrials,Aerospace & Defense,231.77999877929688,31561571205.516388,3.42,5.13,7.695,0.5,0.5000000000000001,45.18128631175378,30.120857541169183,0.9036257262350756,0.6024171508233835,False,26.16367280461197,0.1419973073572504,33.292022761598915
ATMU,Atmus Filtration Technologies Inc.,Industrials,Industrial Machinery & Supplies & Components,51.130001068115234,4171979382.6634254,2.75,3.3314977973568283,4.035955481379418,0.2114537444933921,0.2114537444933921,15.34745156028054,12.668623651577027,0.7258065633716003,0.5991203268558302,False,26.16367280461197,0.1419973073572504,33.292022761598915
ATO,Atmos Energy,Utilities,Gas Utilities,169.89999389648438,28711154123.275726,8.5,7.861806311207835,7.271529232346746,-0.07508161044613704,-0.07508161044613709,21.610808912231022,23.365098106282716,,,False,22.02248481825099,-0.002881844380403428,27.042817602825924
ATR,AptarGroup,Materials,"Metal, Glass & Plastic Containers",131.74000549316406,8376178283.721573,6.07,7.0584099616858245,8.207767905638498,0.16283524904214566,0.16283524904214572,18.664260960792845,16.05064945886963,1.1462052025333953,0.9856987079446987,False,19.867320548497293,0.18077595481441627,23.483754427797003
AUB,"Atlantic Union Bankshares, Corp.",Financials,Regional Banks,42.540000915527344,6075345806.590942,2.7,3.298642533936652,4.030015765442968,0.22171945701357468,0.22171945701357462,12.896214269316244,10.555790198218112,0.5816455823507938,0.4760876803686129,False,12.175904990939271,0.2321522761151244,16.818363553496667
AVA,Avista Corporation,Utilities,Multi-Utilities,39.02999877929688,3268872852.662659,2.0700000000000003,1.7779668049792534,1.5271333138203547,-0.14107883817427383,-0.14107883817427383,21.95204020119617,25.557689316368485,,,False,22.02248481825099,-0.002881844380403428,27.042817602825924
AVAV,AeroVironment,Industrials,Aerospace & Defense,181.1300048828125,9166632721.00952,-4.99,-2.495,-1.2475,0.5,0.5,,,,,False,26.16367280461197,0.1419973073572504,33.292022761598915
AVGO,Broadcom,Information Technology,Semiconductors,392.4299926757813,1867017162255.5825,5.29,7.935,11.9025,0.4999999999999999,0.5000000000000001,49.455575636519384,32.97038375767959,0.989111512730388,0.6594076751535917,False,32.824054964173854,0.16017875776961116,46.8792043447928
AVNT,Avient,Materials,Specialty Chemicals,45.38999938964844,4163150318.518829,2.24,3.3599999999999994,5.039999999999999,0.4999999999999996,0.5,13.508928389776322,9.005952259850883,0.2701785677955266,0.18011904519701766,False,19.867320548497293,0.18077595481441627,23.483754427797003
AVT,Avnet,Information Technology,Technology Distributors,98.62999725341795,8094857693.34983,3.51,3.159,2.8430999999999997,-0.1,-0.10000000000000003,31.221904796903438,34.69100532989271,,,False,32.824054964173854,0.16017875776961116,46.8792043447928
AVTR,Avantor,Health Care,Life Sciences Tools & Services,13.5,9217197927.0,-0.8,-0.4,-0.2,0.5,0.5,,,,,False,26.111110051472984,0.13106796116504843,35.670037593695405
AVY,Avery Dennison,Materials,Paper & Plastic Packaging Products & Materials,176.6199951171875,13385701269.980713,9.39,10.193306358381504,11.065334879214141,0.0855491329479769,0.08554913294797692,17.327056492514885,15.961558962753328,2.0253924143277526,1.8657768247002193,False,19.867320548497293,0.18077595481441627,23.483754427797003
AWI,"Armstrong World Industries, Inc.",Industrials,Building Products,179.1699981689453,7572230457.034454,7.8,9.828756058158318,12.385185339844082,0.26009693053311767,0.2600969305331177,18.22916319306002,14.466476944236097,0.7008603736959108,0.5561956042535497,False,26.16367280461197,0.1419973073572504,33.292022761598915
AWK,American Water Works,Utilities,Water Utilities,134.35000610351562,26699240885.09549,6.03,6.623114754098362,7.274568664337545,0.09836065573770504,0.098360655737705,20.285018619129357,18.468449787565532,2.0623102262781488,1.8776257284024944,False,22.02248481825099,-0.002881844380403428,27.042817602825924
AWR,American States Water Company,Utilities,Water Utilities,87.87000274658203,3482782565.482498,3.78,4.579615384615385,5.548380177514795,0.2115384615384618,0.21153846153846176,19.187201405989185,15.837055128752977,0.907031339192215,0.7486607879046855,False,22.02248481825099,-0.002881844380403428,27.042817602825924
AX,"Axos Financial, Inc.",Financials,Regional Banks,99.31999969482422,5649781930.840187,8.120000000000001,7.982372881355935,7.847078425739734,-0.016949152542372694,-0.016949152542372694,12.442415453530293,12.656939857901504,,,False,12.175904990939271,0.2321522761151244,16.818363553496667
AXON,Axon Enterprise,Industrials,Aerospace & Defense,604.3200073242188,49093395227.8006,2.82,1.8934285714285712,1.2713020408163263,-0.3285714285714286,-0.3285714285714286,319.1670477795029,475.35517754394056,,,True,26.16367280461197,0.1419973073572504,33.292022761598915
AXP,American Express,Financials,Consumer Finance,336.2099914550781,227045913182.46024,17.03,19.85084873374401,23.138942774514746,0.1656399726214919,0.16563997262149202,16.936806882396034,14.53004982688233,1.0225072254206875,0.8772067271518637,False,12.175904990939271,0.2321522761151244,16.818363553496667
AXTA,Axalta,Materials,Specialty Chemicals,36.11000061035156,7728217843.106689,1.88,2.388108108108108,3.03354273192111,0.27027027027027034,0.2702702702702702,15.120756253768763,11.903574072115834,0.5594679813894441,0.440432240668286,False,19.867320548497293,0.18077595481441627,23.483754427797003
AYI,Acuity Brands,Industrials,Electrical Components & Equipment,360.3999938964844,10788770956.08792,14.59,17.362814029363786,20.66259842483015,0.19004893964110942,0.19004893964110933,20.757003633568853,17.442142875089385,1.0921925517062403,0.9177711229553468,False,26.16367280461197,0.1419973073572504,33.292022761598915
AZO,AutoZone,Consumer Discretionary,Automotive Retail,3019.300048828125,49291145148.63648,132.1,138.06796423767702,144.30554692457576,0.045177624812089506,0.04517762481208939,21.8682158855515,20.922965978613586,4.840497032880662,4.631267373094539,False,17.12461478795241,0.09201273225257235,23.63279043999208
AZTA,"Azenta, Inc.",Health Care,Life Sciences Tools & Services,33.58000183105469,1471085917.1555634,-2.67,-2.67,,0.0,,,,,,False,26.111110051472984,0.13106796116504843,35.670037593695405
AZZ,"AZZ, Inc.",Industrials,Heavy Electrical Equipment,153.24000549316406,4605092178.317825,11.69,17.535000000000004,26.302500000000006,0.5000000000000003,0.5,8.739093555355804,5.826062370237203,0.17478187110711596,0.11652124740474407,False,26.16367280461197,0.1419973073572504,33.292022761598915
BA,Boeing,Industrials,Aerospace & Defense,225.9499969482422,178584103606.98212,-8.84,-8.84,,0.0,,,,,,False,26.16367280461197,0.1419973073572504,33.292022761598915
BAC,Bank of America,Financials,Diversified Banks,63.88999938964844,446766688771.8151,4.28,5.567902735562311,7.243350671187444,0.30091185410334353,0.3009118541033435,11.474697462220682,8.82050342306216,0.3813308550576367,0.2931258208270152,False,12.175904990939271,0.2321522761151244,16.818363553496667
BAH,Booz Allen Hamilton,Industrials,Research & Consulting Services,74.97000122070312,9017764572.642242,6.84,6.84,6.84,0.0,0.0,10.960526494254843,10.960526494254843,,,False,26.16367280461197,0.1419973073572504,33.292022761598915
BALL,Ball Corporation,Materials,"Metal, Glass & Plastic Containers",61.18000030517578,16194551462.041054,3.54,5.3100000000000005,7.965000000000001,0.5000000000000001,0.5,11.521657307942707,7.6811048719618045,0.23043314615885407,0.15362209743923608,False,19.867320548497293,0.18077595481441627,23.483754427797003
BANC,"Banc Of California, Inc.",Financials,Regional Banks,19.690000534057617,3110046000.364683,-0.4200000000000001,-0.21,-0.105,0.5000000000000001,0.5,,,,,False,12.175904990939271,0.2321522761151244,16.818363553496667
BANF,Bancfirst Corp,Financials,Regional Banks,114.93000030517578,3861503773.1035233,7.51,8.78506230529595,10.27660715152221,0.1697819314641745,0.1697819314641745,13.082434285741133,11.183652212311328,0.7705433771968628,0.6587068550737496,False,12.175904990939271,0.2321522761151244,16.818363553496667
BANR,Banner Corporation,Financials,Regional Banks,73.6500015258789,2502988599.706856,5.88,7.143471074380165,8.67843180110648,0.21487603305785122,0.2148760330578511,10.310114055059637,8.486556467089907,0.4798168464085447,0.3949512817376459,False,12.175904990939271,0.2321522761151244,16.818363553496667
BAX,Baxter International,Health Care,Health Care Equipment,25.90999984741211,13395366255.202671,0.3,0.3,,0.0,,86.36666615804037,,,,False,26.111110051472984,0.13106796116504843,35.670037593695405
BBT,Beacon Financial Corp.,Financials,Regional Banks,32.61000061035156,2733242615.617279,1.91,2.865,4.2975,0.5000000000000002,0.5,11.382199165916775,7.58813277727785,0.2276439833183354,0.151762655545557,False,12.175904990939271,0.2321522761151244,16.818363553496667
BBWI,"Bath & Body Works, Inc.",Consumer Discretionary,Other Specialty Retail,18.809999465942383,3791377576.074379,2.06,2.050048309178744,2.0401446941585566,-0.004830917874396234,-0.004830917874396159,9.175393273282292,9.219934017327352,,,False,17.12461478795241,0.09201273225257235,23.63279043999208
BBY,Best Buy,Consumer Discretionary,Computer & Electronics Retail,85.44000244140625,18007943760.00818,3.79,2.907712550607288,2.230815904210855,-0.23279352226720637,-0.23279352226720634,29.383923257325332,38.299889417199765,,,False,17.12461478795241,0.09201273225257235,23.63279043999208
BC,Brunswick,Consumer Discretionary,Leisure Products,82.30000305175781,5332828522.146057,-0.7,-0.35,-0.175,0.5,0.5,,,,,False,17.12461478795241,0.09201273225257235,23.63279043999208
BCC,Boise Cascade,Industrials,Building Products,81.94000244140625,2858997386.1239624,4.35,2.175,1.0875,-0.5,-0.5,37.67356434087644,75.34712868175288,,,False,26.16367280461197,0.1419973073572504,33.292022761598915
BCO,Brink's,Industrials,Security & Alarm Services,111.27999877929688,4583582421.239685,3.73,3.5311928934010157,3.342982104666444,-0.05329949238578666,-0.053299492385786726,31.513429636555255,33.287644173733966,,,False,26.16367280461197,0.1419973073572504,33.292022761598915
BCPC,Balchem Corporation,Materials,Specialty Chemicals,178.3800048828125,5686401541.634399,5.09,5.942224770642202,6.937138551047892,0.16743119266055054,0.16743119266055045,30.019060498031987,25.713772843107947,1.7929192297454712,1.5357815013143923,False,19.867320548497293,0.18077595481441627,23.483754427797003
BDC,Belden Inc.,Information Technology,Electronic Components,137.58999633789062,5376768156.58139,5.98,7.673905579399141,9.847629906610914,0.283261802575107,0.28326180257510725,17.929592032935044,13.971889443725305,0.6329689308596772,0.4932500364224237,False,32.824054964173854,0.16017875776961116,46.8792043447928
BDX,Becton Dickinson,Health Care,Health Care Equipment,182.08999633789065,49598911414.48975,3.6,2.297872340425532,1.4667270258035312,-0.36170212765957444,-0.36170212765957444,79.24286877667463,124.14716108345691,,,False,26.111110051472984,0.13106796116504843,35.670037593695405
BEN,Franklin Resources,Financials,Asset Management & Custody Banks,34.189998626708984,17371148855.162544,1.41,1.807363636363636,2.3167115702479335,0.2818181818181817,0.2818181818181818,18.9170557262612,14.757986736799516,0.6712503644802364,0.5236704971122409,False,12.175904990939271,0.2321522761151244,16.818363553496667
BF-B,Brown–Forman,Consumer Staples,Distillers & Vintners,27.57999992370605,13036210983.938215,1.98,1.903106796116505,1.8291997360731458,-0.03883495145631064,-0.038834951456310524,14.492092603518637,15.077631698610297,,,False,21.581219732454,0.027309224733112505,30.262301818219143
BFAM,Bright Horizons Family Solutions Inc.,Consumer Discretionary,Specialized Consumer Services,70.29000091552734,3418575703.2669525,3.73,5.4347265625,7.918566436767578,0.45703124999999994,0.45703125,12.933493545109215,8.87660682988729,0.2829892604741846,0.19422319217531164,False,17.12461478795241,0.09201273225257235,23.63279043999208
BFH,"Bread Financial Holdings, Inc.",Financials,Consumer Finance,111.25,4274143565.0,14.6,21.9,32.849999999999994,0.49999999999999994,0.49999999999999983,5.0799086757990874,3.3866057838660586,0.10159817351598176,0.0677321156773212,False,12.175904990939271,0.2321522761151244,16.818363553496667
BFS,"Saul Centers, Inc.",Real Estate,Retail REITs,34.27000045776367,847055062.5845909,1.15,0.7779411764705881,0.5262543252595155,-0.3235294117647059,-0.32352941176470584,44.052174501473154,65.1206057847864,,,False,24.37544947652672,0.18871373771277855,37.44019231073693
BG,Bunge Global,Consumer Staples,Agricultural Products & Services,114.91000366210938,22294622305.16556,4.29,2.335545685279188,1.2715090088639234,-0.45558375634517767,-0.4555837563451776,49.20049493631429,90.3729370858174,,,False,21.581219732454,0.027309224733112505,30.262301818219143
BGC,"BGC Group, Inc.",Financials,Investment Banking & Brokerage,11.15999984741211,5346644326.896668,0.49,0.735,1.1025,0.5,0.5000000000000001,15.183673261785183,10.122448841190122,0.30367346523570365,0.2024489768238024,False,12.175904990939271,0.2321522761151244,16.818363553496667
BHE,"Benchmark Electronics, Inc.",Information Technology,Electronic Manufacturing Services,84.16999816894531,3023380694.8386383,1.33,1.33,1.33,0.0,0.0,63.28571290898144,63.28571290898144,,,False,32.824054964173854,0.16017875776961116,46.8792043447928
BHF,Brighthouse Financial,Financials,Life & Health Insurance,55.7400016784668,3205694618.151249,11.62,11.62,,0.0,,4.796902037733804,,,,False,12.175904990939271,0.2321522761151244,16.818363553496667
BIIB,Biogen,Health Care,Biotechnology,209.1499938964844,30878302119.444557,11.29,14.337919010123732,18.20867329857108,0.2699662542182226,0.26996625421822257,14.587193144891359,11.48628406183208,0.5403339460753509,0.42547110545703026,False,26.111110051472984,0.13106796116504843,35.670037593695405
BILL,Bill Holdings,Information Technology,Application Software,48.5,4830441259.5,-0.05,-0.05,,0.0,,,,,,False,32.824054964173854,0.16017875776961116,46.8792043447928
BIO,Bio-Rad Laboratories,Health Care,Life Sciences Tools & Services,355.2300109863281,9828514956.100067,-6.73,-6.73,,0.0,,,,,,False,26.111110051472984,0.13106796116504843,35.670037593695405
BJ,BJ's Wholesale Club,Consumer Staples,Consumer Staples Merchandise Retail,94.43000030517578,12058143231.379112,4.52,5.044543209876543,5.629959335467154,0.11604938271604939,0.11604938271604939,18.719237079839942,16.772767737467206,1.6130406419862076,1.4453129646115355,False,21.581219732454,0.027309224733112505,30.262301818219143
BJRI,"BJ's Restaurants, Inc.",Consumer Discretionary,Restaurants,66.2699966430664,1409812335.1353836,2.26,3.39,5.085,0.5000000000000002,0.49999999999999994,19.548671576125784,13.03244771741719,0.3909734315225155,0.26064895434834384,False,17.12461478795241,0.09201273225257235,23.63279043999208
BKE,"The Buckle, Inc.",Consumer Discretionary,Apparel Retail,43.18999862670898,2225066063.590675,3.47,3.551887905604719,3.6357082691588123,0.023598820058996776,0.023598820058996942,12.15973019828613,11.879390597172906,5.152685671523808,5.033891765552042,False,17.12461478795241,0.09201273225257235,23.63279043999208
BKH,Black Hills Corporation,Utilities,Multi-Utilities,73.38999938964844,5596217971.448776,2.95,1.9688914027149325,1.3140791036219572,-0.3325791855203619,-0.332579185520362,37.27478279830463,55.84899659949372,,,False,22.02248481825099,-0.002881844380403428,27.042817602825924
BKNG,Booking Holdings,Consumer Discretionary,"Hotels, Resorts & Cruise Lines",204.759994506836,153852667052.54367,89.39999999999999,56.487101561947824,35.69119287326408,-0.3681532263764225,-0.3681532263764225,3.6248982306568065,5.736989380935477,,,False,17.12461478795241,0.09201273225257235,23.63279043999208
BKR,Baker Hughes,Energy,Oil & Gas Equipment & Services,64.9000015258789,64424548722.600426,-0.77,-0.77,,0.0,,,,,,False,18.15927134438993,0.0,31.84763181292061
BKU,"BankUnited, Inc.",Financials,Regional Banks,47.86000061035156,3409175480.6167145,3.65,3.906891495601173,4.181863331068704,0.07038123167155425,0.07038123167155419,12.250148401673773,11.444659191700703,1.7405419187378155,1.6260953268208096,False,12.175904990939271,0.2321522761151244,16.818363553496667
BL,"BlackLine Systems, Inc.",Information Technology,Application Software,29.299999237060547,1703070366.6539383,0.62,0.5057894736842106,0.41261772853185597,-0.1842105263157894,-0.18421052631578952,57.929238866196705,71.01003473920888,,,False,32.824054964173854,0.16017875776961116,46.8792043447928
BLDR,Builders FirstSource,Industrials,Building Products,70.20999908447266,7554347147.462502,2.29,1.145,0.5725,-0.5,-0.5,61.318776492989215,122.63755298597843,,,False,26.16367280461197,0.1419973073572504,33.292022761598915
BLFS,"BioLife Solutions, Inc.",Health Care,Health Care Supplies,35.45000076293945,1733742694.112854,0.61,0.61,,0.0,,58.11475534908107,,,,False,26.111110051472984,0.13106796116504843,35.670037593695405
BLK,BlackRock,Financials,Asset Management & Custody Banks,1147.1099853515625,177717369217.48352,44.87,49.09331626432576,53.71414534943419,0.0941233845403557,0.09412338454035571,23.36590950946053,21.355826810407322,2.482476551769377,2.2689182836653035,False,12.175904990939271,0.2321522761151244,16.818363553496667
BLKB,Blackbaud,Information Technology,Application Software,43.38999938964844,1969476281.1260836,2.99,4.485,6.727500000000001,0.5,0.5000000000000001,9.674470320991848,6.449646880661231,0.19348940641983695,0.12899293761322458,False,32.824054964173854,0.16017875776961116,46.8792043447928
BMI,"Badger Meter, Inc.",Information Technology,Electronic Equipment & Instruments,128.6999969482422,3730607120.439163,4.28,3.9909368191721137,3.7213964239774837,-0.06753812636165572,-0.06753812636165558,32.248066752141646,34.58379121316125,,,False,32.824054964173854,0.16017875776961116,46.8792043447928
BMRN,BioMarin Pharmaceutical,Health Care,Biotechnology,66.63999938964844,12899755181.611954,1.84,1.3488446215139442,0.9887944635799432,-0.2669322709163347,-0.2669322709163347,49.40524529419233,67.39519874370802,,,False,26.111110051472984,0.13106796116504843,35.670037593695405
BMY,Bristol Myers Squibb,Health Care,Pharmaceuticals,64.62999725341797,132020642606.79665,4.65,4.65,,0.0,,13.898924140519993,,,,False,26.111110051472984,0.13106796116504843,35.670037593695405
BNL,"Broadstone Net Lease, Inc.",Real Estate,Industrial REITs,21.21999931335449,4071968712.857553,0.5700000000000001,0.3281818181818182,0.18895316804407716,-0.4242424242424243,-0.42424242424242414,64.65927768612171,112.30295598115875,,,False,24.37544947652672,0.18871373771277855,37.44019231073693
BNY,BNY Mellon,Financials,Asset Management & Custody Banks,164.27000427246094,111457878305.22244,8.5,11.767100977198696,16.28996063618712,0.38436482084690543,0.38436482084690565,13.960108321562771,10.08412530522299,0.3631994283660823,0.2623581753138523,False,12.175904990939271,0.2321522761151244,16.818363553496667
BOH,Bank of Hawaii,Financials,Regional Banks,79.83000183105469,3149325184.9158325,5.03,7.067290502793297,9.929740566773821,0.4050279329608939,0.4050279329608938,11.295701202533339,8.039485150113192,0.2788869676211679,0.1984921161200361,False,12.175904990939271,0.2321522761151244,16.818363553496667
BOOT,"Boot Barn Holdings, Inc.",Consumer Discretionary,Apparel Retail,164.1300048828125,4970651593.595215,8.19,10.399395348837208,13.20481362898864,0.26976744186046503,0.26976744186046503,15.782648834594449,12.429558605999292,0.5850464654203117,0.4607508793603187,False,17.12461478795241,0.09201273225257235,23.63279043999208
BOX,"Box, Inc.",Information Technology,Application Software,32.290000915527344,4470544976.004601,0.2,0.1481481481481481,0.10973936899862823,-0.25925925925925947,-0.2592592592592593,217.95750617980963,294.24263334274303,,,True,32.824054964173854,0.16017875776961116,46.8792043447928
BR,Broadridge Financial Solutions,Industrials,Data Processing & Outsourced Services,167.83999633789062,19137418158.759705,8.23,12.345,18.517500000000002,0.5,0.5000000000000001,13.595787471680083,9.063858314453388,0.27191574943360164,0.1812771662890677,False,26.16367280461197,0.1419973073572504,33.292022761598915
BRC,Brady Corporation,Industrials,Commercial Printing,94.26000213623048,4501951962.028504,,,,,,,,,,False,26.16367280461197,0.1419973073572504,33.292022761598915
BRK-B,Berkshire Hathaway,Financials,Multi-Sector Holdings,498.2300109863281,469074088.9734192,11849.0,15638.093227890398,20638.869086352566,0.319781688572065,0.3197816885720651,0.03186002306839682,0.024140373627147153,0.0009963054235739,0.0007549016873024281,False,12.175904990939271,0.2321522761151244,16.818363553496667
BRKR,Bruker,Health Care,Health Care Equipment,57.66999816894531,8749655501.743546,-0.75,-0.375,-0.1875,0.5,0.5,,,,,False,26.111110051472984,0.13106796116504843,35.670037593695405
BRO,Brown & Brown,Financials,Insurance Brokers,68.86000061035156,23041269387.249954,3.3600000000000003,2.9096907216494854,2.519732171325328,-0.13402061855670086,-0.1340206185567009,23.6657456746177,27.32830155283234,,,False,12.175904990939271,0.2321522761151244,16.818363553496667
BROS,Dutch Bros Inc.,Consumer Discretionary,Restaurants,50.41999816894531,7774965397.644043,0.75,1.125,1.6875,0.5,0.5,44.817776150173614,29.878517433449073,0.8963555230034723,0.5975703486689814,False,17.12461478795241,0.09201273225257235,23.63279043999208
BRX,Brixmor Property Group,Real Estate,Retail REITs,29.76000022888184,9132520194.3975,1.24,1.4370093457943924,1.6653192418551837,0.15887850467289713,0.15887850467289713,20.709677578631354,17.870447588012542,1.3034914711256211,1.1247869952454959,False,24.37544947652672,0.18871373771277855,37.44019231073693
BSX,Boston Scientific,Health Care,Health Care Equipment,51.43000030517578,74533874964.44975,2.55,3.825,5.737500000000001,0.5000000000000002,0.5000000000000001,13.445751713771445,8.96383447584763,0.2689150342754288,0.17927668951695255,False,26.111110051472984,0.13106796116504843,35.670037593695405
BSY,Bentley Systems,Information Technology,Application Software,34.7400016784668,11131940056.140842,0.95,1.0617647058823527,1.186678200692041,0.11764705882352923,0.11764705882352926,32.719115154234665,29.274997769578388,2.781124788109951,2.4883748104141663,False,32.824054964173854,0.16017875776961116,46.8792043447928
BTSG,BrightSpring Health Services,Health Care,Health Care Services,60.380001068115234,11947043082.92181,1.44,1.44,,0.0,,41.930556297302246,,,,False,26.111110051472984,0.13106796116504843,35.670037593695405
BTU,"Peabody Energy, Inc.",Energy,Coal & Consumable Fuels,25.90999984741211,3158428981.399536,-1.82,-0.91,-0.455,0.5,0.5,,,,,False,18.15927134438993,0.0,31.84763181292061
BURL,Burlington Stores,Consumer Discretionary,Apparel Retail,336.8500061035156,21202082475.268738,6.47,9.261261061946904,13.256716608583291,0.43141592920354005,0.43141592920354005,36.37193723947384,25.40976140995699,0.8430828529354957,0.5889852388359258,False,17.12461478795241,0.09201273225257235,23.63279043999208
BWA,BorgWarner,Consumer Discretionary,Automotive Parts & Equipment,69.9000015258789,14236278455.370192,4.26,4.536899999999999,4.831798499999999,0.06499999999999988,0.0649999999999999,15.40699630273511,14.466663195056443,2.3703071234977138,2.225640491547148,False,17.12461478795241,0.09201273225257235,23.63279043999208
BWXT,BWX Technologies,Industrials,Aerospace & Defense,171.5399932861328,15716833834.062197,3.74,4.454649681528663,5.305856627043694,0.1910828025477707,0.19108280254777069,38.50807707672917,32.330310700783315,2.01525603368216,1.691952926674327,False,26.16367280461197,0.1419973073572504,33.292022761598915
BX,Blackstone Inc.,Financials,Asset Management & Custody Banks,140.57000732421875,105515377772.72252,4.15,4.906695156695157,5.801363219454389,0.18233618233618237,0.1823361823361825,28.648612321556556,24.230513071967106,1.571197332010367,1.3288922012906947,False,12.175904990939271,0.2321522761151244,16.818363553496667
BXMT,"Blackstone Mortgage Trust, Inc.",Financials,Mortgage REITs,14.239999771118164,2400060697.263433,-0.1099999999999999,-0.1099999999999999,,0.0,,,,,,False,12.175904990939271,0.2321522761151244,16.818363553496667
BXP,"BXP, Inc.",Real Estate,Office REITs,66.69000244140625,10647829559.43872,0.8600000000000001,0.43,0.215,-0.5000000000000001,-0.5,155.09302893350292,310.18605786700584,,,False,24.37544947652672,0.18871373771277855,37.44019231073693
BYD,Boyd Gaming,Consumer Discretionary,Casinos & Gaming,82.7699966430664,6013688372.8806,22.77,34.155,51.2325,0.5000000000000001,0.5,2.4233639772527127,1.6155759848351419,0.04846727954505424,0.03231151969670284,False,17.12461478795241,0.09201273225257235,23.63279043999208
C,Citigroup,Financials,Diversified Banks,138.50999450683594,242298166327.2937,7.29,8.769653465346535,10.549632634055484,0.20297029702970296,0.20297029702970296,15.79423805674432,13.12936661507141,0.7781551432835007,0.6468614771327866,False,12.175904990939271,0.2321522761151244,16.818363553496667
CACC,Credit Acceptance,Financials,Specialized Finance,573.0900268554688,5949006870.975342,41.91,62.865,94.2975,0.5000000000000002,0.49999999999999994,9.116201811110614,6.077467874073743,0.1823240362222122,0.12154935748147487,False,12.175904990939271,0.2321522761151244,16.818363553496667
CACI,CACI International,Industrials,Diversified Support Services,649.3400268554688,14350115247.75348,22.1,25.59800838574424,29.649684765458478,0.158280922431866,0.15828092243186592,25.36681827235794,21.90040238174613,1.6026453398562546,1.3836413160387944,False,26.16367280461197,0.1419973073572504,33.292022761598915
CAG,Conagra Brands,Consumer Staples,Packaged Foods & Meats,15.539999961853027,7436910058.42417,-0.3299999999999999,-0.1649999999999999,-0.08249999999999995,0.5000000000000002,0.5,,,,,False,21.581219732454,0.027309224733112505,30.262301818219143
CAH,Cardinal Health,Health Care,Health Care Distributors,235.66000366210932,54808796912.19775,6.15,9.225,13.837499999999999,0.49999999999999983,0.4999999999999999,25.5457998549712,17.030533236647468,0.5109159970994241,0.34061066473294943,False,26.111110051472984,0.13106796116504843,35.670037593695405
CAKE,"The Cheesecake Factory, Inc.",Consumer Discretionary,Restaurants,109.06999969482422,5427392335.19426,4.23,5.885822368421051,8.189812045533237,0.39144736842105216,0.3914473684210524,18.530970333051975,13.317765913115371,0.4733962169115804,0.3402185577804265,False,17.12461478795241,0.09201273225257235,23.63279043999208
CALM,"Cal-Maine Foods, Inc.",Consumer Staples,Packaged Foods & Meats,80.43499755859375,3773775215.256348,17.69,26.535000000000004,39.80250000000001,0.5000000000000001,0.5000000000000001,3.0312793502390707,2.02085290015938,0.0606255870047814,0.04041705800318759,False,21.581219732454,0.027309224733112505,30.262301818219143
CALX,Calix,Information Technology,Application Software,39.52000045776367,2488336874.102627,0.64,0.64,,0.0,,61.75000071525574,,,,False,32.824054964173854,0.16017875776961116,46.8792043447928
CALY,Callaway Golf Company,Consumer Discretionary,Leisure Products,16.610000610351562,2965059862.7641754,-1.48,-1.48,,0.0,,,,,,False,17.12461478795241,0.09201273225257235,23.63279043999208
CAR,Avis Budget Group,Industrials,Passenger Ground Transportation,141.3000030517578,4991420629.603302,-12.15,-6.075,-3.0375,0.5,0.5,,,,,False,26.16367280461197,0.1419973073572504,33.292022761598915
CARG,CarGurus,Communication Services,Interactive Media & Services,35.77000045776367,3329309139.496563,1.84,2.7525203252032524,4.117591380791858,0.49593495934959364,0.49593495934959364,12.995362878972504,8.687117576704445,0.2620376449366586,0.17516646916961418,False,16.09388154288399,0.09932629665828746,22.61772188630623
CARR,Carrier Global,Industrials,Building Products,62.560001373291016,51961112403.50864,1.93,0.9933066666666668,0.5112218311111112,-0.4853333333333333,-0.48533333333333334,62.98155793439858,122.37349339585217,,,False,26.16367280461197,0.1419973073572504,33.292022761598915
CART,Maplebear Inc.,Consumer Staples,Food Retail,48.86000061035156,11311093414.916428,1.94,2.650422535211268,3.620999801626662,0.3661971830985918,0.3661971830985915,18.434796701748116,13.493510987877487,0.5034117560861981,0.3684766462074237,False,21.581219732454,0.027309224733112505,30.262301818219143
CASH,"Pathward Financial, Inc.",Financials,Regional Banks,85.38999938964844,1773837368.500946,7.98,8.468138297872342,8.986136119284746,0.06117021276595754,0.06117021276595748,10.083680306815852,9.502415527224963,1.6484625197229366,1.5534383644506886,False,12.175904990939271,0.2321522761151244,16.818363553496667
CASY,Casey's,Consumer Staples,Food Retail,870.010009765625,32194645590.516117,17.12,18.03657846153846,19.002229123786982,0.05353846153846146,0.053538461538461556,48.235867552199586,45.78462895579692,9.009572962336144,8.551726672778157,False,21.581219732454,0.027309224733112505,30.262301818219143
CAT,Caterpillar Inc.,Industrials,Construction Machinery & Heavy Transportation Equipment,881.6500244140625,405272377109.3815,22.74,25.237071742313315,28.00834609176206,0.10980966325036573,0.10980966325036572,34.934719583011635,31.47811804115693,3.181388463359602,2.8666072829480322,False,26.16367280461197,0.1419973073572504,33.292022761598915
CATY,Cathay General Bancorp,Financials,Regional Banks,64.4000015258789,4296370109.797211,4.890000000000001,6.259712041884818,8.013086880842085,0.28010471204188486,0.28010471204188503,10.288013425372819,8.036853023501873,0.36729169425162767,0.2869231640166087,False,12.175904990939271,0.2321522761151244,16.818363553496667
CAVA,Cava Group,Consumer Discretionary,Restaurants,71.0199966430664,8295575789.84935,0.67,0.6801515151515152,0.6904568411386593,0.015151515151515124,0.01515151515151516,104.41790551219387,102.85942931051933,68.91581763804807,67.88722334494273,False,17.12461478795241,0.09201273225257235,23.63279043999208
CB,Chubb Limited,Financials,Property & Casualty Insurance,340.8599853515625,132205990049.61548,23.51,25.90066073102155,28.534420514822706,0.1016869728209931,0.1016869728209933,13.160281465071282,11.945572371953261,1.2941954214959546,1.174739697776419,False,12.175904990939271,0.2321522761151244,16.818363553496667
CBOE,Cboe Global Markets,Financials,Financial Exchanges & Data,295.0,30807150605.0,12.09,18.135,27.2025,0.5000000000000001,0.4999999999999999,16.26688723462917,10.84459148975278,0.3253377446925833,0.21689182979505567,False,12.175904990939271,0.2321522761151244,16.818363553496667
CBRE,CBRE Group,Real Estate,Real Estate Services,147.9600067138672,42845563036.25009,3.69,5.535,8.3025,0.5000000000000001,0.5,26.731708530057304,17.821139020038203,0.5346341706011459,0.356422780400764,False,24.37544947652672,0.18871373771277855,37.44019231073693
CBRL,Cracker Barrel,Consumer Discretionary,Restaurants,59.040000915527344,1319630218.8633728,1.42,1.0132663316582913,0.723034266811444,-0.2864321608040202,-0.2864321608040201,58.26701141732763,81.65588219752253,,,False,17.12461478795241,0.09201273225257235,23.63279043999208
CBSH,Commerce Bancshares,Financials,Regional Banks,59.709999084472656,8564335217.063919,4.21,4.676543535620053,5.194788465688766,0.11081794195250663,0.11081794195250658,12.76797673958911,11.49421183920255,1.1521579010248264,1.0372157826328017,False,12.175904990939271,0.2321522761151244,16.818363553496667
CBT,Cabot Corp,Materials,Diversified Chemicals,86.4000015258789,4460919083.5826645,4.62,3.1435051546391755,2.1388797959400576,-0.31958762886597936,-0.31958762886597936,27.485242516103416,40.394977637303505,,,False,19.867320548497293,0.18077595481441627,23.483754427797003
CBU,"Community Bank System, Inc.",Financials,Regional Banks,65.01000213623047,3420560096.4496994,4.25,5.26603498542274,6.524970462987359,0.23906705539358591,0.2390670553935858,12.34515196275546,9.963263819353232,0.5163886735640396,0.4167560353705075,False,12.175904990939271,0.2321522761151244,16.818363553496667
CC,Chemours,Materials,Diversified Chemicals,15.720000267028809,2365844241.587568,-2.0,-2.0,,0.0,,,,,,False,19.867320548497293,0.18077595481441627,23.483754427797003
CCI,Crown Castle,Real Estate,Telecom Tower REITs,74.44000244140625,31670903917.869568,1.97,2.955,4.4325,0.5000000000000001,0.5,25.19120217983291,16.794134786555272,0.5038240435966581,0.33588269573110546,False,24.37544947652672,0.18871373771277855,37.44019231073693
CCK,Crown Holdings,Materials,Paper & Plastic Packaging Products & Materials,116.23999786376952,12642321566.30248,7.2,10.8,16.200000000000003,0.5000000000000001,0.5000000000000001,10.762962765163843,7.175308510109228,0.2152592553032768,0.1435061702021845,False,19.867320548497293,0.18077595481441627,23.483754427797003
CCL,Carnival Corporation,Consumer Discretionary,"Hotels, Resorts & Cruise Lines",27.729999542236328,37980369442.8944,2.33,3.495,5.2425,0.5,0.4999999999999999,7.934191571455315,5.289461047636878,0.1586838314291063,0.10578922095273759,False,17.12461478795241,0.09201273225257235,23.63279043999208
CCOI,"Cogent Communications Holdings, Inc.",Communication Services,Alternative Carriers,10.75,550569162.0,-1.53,-1.53,,0.0,,,,,,False,16.09388154288399,0.09932629665828746,22.61772188630623
CCS,"Century Communities, Inc.",Consumer Discretionary,Homebuilding,70.23999786376953,1997126835.2607727,4.49,2.382990543735225,1.2647313878689315,-0.4692671394799054,-0.4692671394799054,29.475567181089886,55.53748292918049,,,False,17.12461478795241,0.09201273225257235,23.63279043999208
CDE,Coeur Mining,Materials,Gold,19.309999465942383,19849424262.403484,0.99,1.485,2.2275,0.5000000000000001,0.49999999999999994,13.003366643732244,8.668911095821496,0.2600673328746448,0.17337822191642996,False,19.867320548497293,0.18077595481441627,23.483754427797003
CDNS,Cadence Design Systems,Information Technology,Application Software,323.4700012207031,89218201856.68945,3.87,4.218845070422535,4.59913533029161,0.09014084507042253,0.09014084507042269,76.6726428255177,70.33278605441545,8.50587131345587,7.8025434529117,False,32.824054964173854,0.16017875776961116,46.8792043447928
CDP,COPT Defense Properties,Real Estate,Office REITs,36.810001373291016,4174639114.725563,1.4500000000000002,1.7093495934959353,2.015086919161875,0.17886178861788626,0.17886178861788635,21.534507343233265,18.267202780811665,1.203974728735314,1.0213027009271967,False,24.37544947652672,0.18871373771277855,37.44019231073693
CDW,CDW Corporation,Information Technology,Technology Distributors,135.3000030517578,16914858119.322906,8.23,8.807919375812746,9.42642086644199,0.07022106631989622,0.07022106631989602,15.361176377624718,14.353274160866839,2.187545302665438,2.044012561056776,False,32.824054964173854,0.16017875776961116,46.8792043447928
CE,Celanese,Materials,Specialty Chemicals,44.9900016784668,4937604364.949928,-9.06,-4.53,-2.265,0.5,0.5,,,,,False,19.867320548497293,0.18077595481441627,23.483754427797003
CEG,Constellation Energy,Utilities,Electric Utilities,278.20001220703125,98568317162.84125,11.55,13.954236401673642,16.8589362384237,0.20815899581589964,0.20815899581589956,19.936598764634983,16.501634994797442,0.9577582120096,0.7927418620616259,False,22.02248481825099,-0.002881844380403428,27.042817602825924
CELH,Celsius Holdings,Consumer Staples,Soft Drinks & Non-alcoholic Beverages,29.94499969482422,7577134405.194832,0.53,0.4012857142857143,0.303830612244898,-0.24285714285714285,-0.2428571428571428,74.62264074893895,98.55820476274955,,,False,21.581219732454,0.027309224733112505,30.262301818219143
CENT,Central Garden & Pet Company,Consumer Staples,Household Products,43.34999847412109,530896637.1629409,4.36,5.74308157099698,7.564905030074572,0.3172205438066466,0.3172205438066466,7.548212216424374,5.730408815679971,0.23794840415585403,0.18064431599905428,False,21.581219732454,0.027309224733112505,30.262301818219143
CENTA,Central Garden & Pet Company (Class A),Consumer Staples,Household Products,37.63999938964844,460967700.1651764,4.36,5.74308157099698,7.564905030074572,0.3172205438066466,0.3172205438066466,6.553972623292248,4.975607656673701,0.206606184600927,0.15685010803418997,False,21.581219732454,0.027309224733112505,30.262301818219143
CENX,Century Aluminum Company,Materials,Aluminum,47.119998931884766,4664563954.6637535,5.72,8.58,12.870000000000001,0.5000000000000001,0.5000000000000001,5.491841367352537,3.661227578235024,0.1098368273470507,0.07322455156470047,False,19.867320548497293,0.18077595481441627,23.483754427797003
CERT,"Certara, Inc.",Health Care,Health Care Technology,8.0,1220310240.0,-0.42,-0.42,,0.0,,,,,,False,26.111110051472984,0.13106796116504843,35.670037593695405
CF,CF Industries,Materials,Fertilizers & Agricultural Chemicals,117.77999877929688,17824604766.66107,13.27,19.905,29.8575,0.5000000000000001,0.5,5.917106193383415,3.9447374622556097,0.11834212386766826,0.0788947492451122,False,19.867320548497293,0.18077595481441627,23.483754427797003
CFFN,Capitol Federal Savings Bank,Financials,Regional Banks,8.720000267028809,1096089061.3250628,0.65,0.975,1.4625,0.4999999999999999,0.49999999999999994,8.943590017465445,5.962393344976964,0.17887180034930894,0.1192478668995393,False,12.175904990939271,0.2321522761151244,16.818363553496667
CFG,Citizens Financial Group,Financials,Regional Banks,74.30999755859375,31297646088.01636,4.4,6.518518518518519,9.657064471879288,0.48148148148148145,0.4814814814814815,11.399829170920631,7.694884690371426,0.23676568278065926,0.15981683587694498,False,12.175904990939271,0.2321522761151244,16.818363553496667
CFR,Frost Bank,Financials,Regional Banks,168.07000732421875,10445346750.141296,10.41,12.300578887627696,14.53450921909243,0.18161180476730984,0.18161180476730981,13.663585174293608,11.563514446256168,0.7523511586595419,0.6367160141969805,False,12.175904990939271,0.2321522761151244,16.818363553496667
CG,Carlyle Group (The),Financials,Asset Management & Custody Banks,48.540000915527344,17296394341.15242,0.87,0.435,0.2175,-0.5,-0.5,111.58620900121228,223.17241800242456,,,False,12.175904990939271,0.2321522761151244,16.818363553496667
CGNX,Cognex,Information Technology,Electronic Equipment & Instruments,66.5999984741211,11203707620.510788,1.08,1.62,2.43,0.5,0.5,41.11111016921055,27.4074067794737,0.8222222033842109,0.548148135589474,False,32.824054964173854,0.16017875776961116,46.8792043447928
CHCO,City Holding Company,Financials,Regional Banks,145.69000244140625,2046239394.6899412,9.25,10.681960049937578,12.335596811725667,0.15480649188514353,0.15480649188514353,13.638882916647644,11.810535368902448,0.8810278400189326,0.7629224863299083,False,12.175904990939271,0.2321522761151244,16.818363553496667
CHD,Church & Dwight,Consumer Staples,Household Products,97.9800033569336,23241239604.137764,3.29,4.32964,5.697806240000001,0.3160000000000001,0.31600000000000017,22.630057777767572,17.196092536297545,0.716141068916695,0.5441801435537195,False,21.581219732454,0.027309224733112505,30.262301818219143
CHDN,Churchill Downs Inc.,Consumer Discretionary,Casinos & Gaming,89.69999694824219,6252111584.391739,14.2,14.2,,0.0,,6.3169011935381825,,,,False,17.12461478795241,0.09201273225257235,23.63279043999208
CHE,Chemed Corp.,Health Care,Health Care Services,524.97998046875,6861467870.507324,18.0,17.28,16.5888,-0.03999999999999994,-0.04000000000000011,30.380785906756365,31.64665198620455,,,False,26.111110051472984,0.13106796116504843,35.670037593695405
CHEF,"Chefs' Warehouse, Inc.",Consumer Staples,Food Distributors,110.56999969482422,4508782426.085655,1.58,2.37,3.555,0.5,0.5,46.65400831005241,31.10267220670161,0.9330801662010483,0.6220534441340322,False,21.581219732454,0.027309224733112505,30.262301818219143
CHH,Choice Hotels,Consumer Discretionary,"Hotels, Resorts & Cruise Lines",104.93000030517578,4722754720.195541,7.46,9.973405017921149,13.333620328618597,0.3369175627240146,0.3369175627240144,10.520980559460659,7.869580632947784,0.3122716570308002,0.23357585070132247,False,17.12461478795241,0.09201273225257235,23.63279043999208
CHRD,Chord Energy,Energy,Oil & Gas Exploration & Production,142.8800048828125,7815232218.439453,6.67,3.335,1.6675,-0.5,-0.5,42.84258017475637,85.68516034951274,,,False,18.15927134438993,0.0,31.84763181292061
CHRW,C.H. Robinson,Industrials,Air Freight & Logistics,144.77999877929688,16917724990.599304,5.38,7.739144385026738,11.132779890760387,0.4385026737967915,0.43850267379679136,18.707494210782407,13.004837982960261,0.42662212407515976,0.2965737442455572,False,26.16367280461197,0.1419973073572504,33.292022761598915
CHTR,Charter Communications,Communication Services,Cable & Satellite,144.10000610351562,39040701668.41223,37.35,41.91774338942308,47.04410203109832,0.12229567307692313,0.12229567307692309,3.4376852008659355,3.0630833597006246,0.2810962247784233,0.25046539118141714,False,16.09388154288399,0.09932629665828746,22.61772188630623
CHWY,Chewy,Consumer Discretionary,Other Specialty Retail,22.1299991607666,2212.99991607666,0.66,0.5731578947368422,0.4977423822714682,-0.13157894736842096,-0.13157894736842107,38.6106505100611,44.46074907219157,,,False,17.12461478795241,0.09201273225257235,23.63279043999208
CI,Cigna,Health Care,Health Care Services,275.3299865722656,72753329462.22894,25.24,37.86,56.79,0.5000000000000001,0.5,7.272318715590746,4.848212477060497,0.14544637431181487,0.09696424954120994,False,26.111110051472984,0.13106796116504843,35.670037593695405
CIEN,Ciena,Information Technology,Communications Equipment,445.1799926757813,63016528779.19544,2.93,4.3950000000000005,6.592500000000001,0.5000000000000001,0.5000000000000001,101.29237603544512,67.52825069029673,2.025847520708902,1.3505650138059342,False,32.824054964173854,0.16017875776961116,46.8792043447928
CINF,Cincinnati Financial,Financials,Property & Casualty Insurance,171.05999755859375,26253954002.99774,21.25,31.875,47.8125,0.5,0.5,5.3665881587009805,3.577725439133987,0.10733176317401961,0.07155450878267974,False,12.175904990939271,0.2321522761151244,16.818363553496667
CL,Colgate-Palmolive,Consumer Staples,Household Products,90.20999908447266,71912960174.25647,3.48,3.490028818443804,3.5000865383816824,0.002881844380403445,0.0028818443804034606,25.847923835969095,25.773648192762288,89.69229571081317,89.43455922888506,False,21.581219732454,0.027309224733112505,30.262301818219143
CLF,Cleveland-Cliffs,Materials,Steel,12.3100004196167,7023348217.978131,-2.16,-2.16,,0.0,,,,,,False,19.867320548497293,0.18077595481441627,23.483754427797003
CLH,Clean Harbors,Industrials,Environmental & Facilities Services,326.04998779296875,17230448088.506836,6.85,6.214900662251655,5.638684706811104,-0.09271523178807946,-0.0927152317880795,52.462622576310174,57.82376648921779,,,False,26.16367280461197,0.1419973073572504,33.292022761598915
CLSK,"CleanSpark, Inc.",Information Technology,Internet Services & Infrastructure,12.399999618530272,3184531607.232061,-0.36,-0.36,,0.0,,,,,,False,32.824054964173854,0.16017875776961116,46.8792043447928
CLX,Clorox,Consumer Staples,Household Products,105.94000244140624,12810408220.15814,4.98,7.470000000000001,11.205000000000002,0.5,0.5000000000000001,14.182061906480083,9.454707937653389,0.2836412381296017,0.18909415875306773,False,21.581219732454,0.027309224733112505,30.262301818219143
CMC,Commercial Metals,Materials,Steel,72.7300033569336,8045708255.908546,4.69,7.035,10.5525,0.4999999999999999,0.5,10.338308934887504,6.89220595659167,0.20676617869775013,0.1378441191318334,False,19.867320548497293,0.18077595481441627,23.483754427797003
CMCSA,Comcast,Communication Services,Cable & Satellite,25.56999969482422,52752780097.17004,5.47,7.873921052631578,11.334302146814403,0.4394736842105263,0.4394736842105263,3.2474290158495247,2.2559835941916258,0.07389359437262392,0.05133375843070765,False,16.09388154288399,0.09932629665828746,22.61772188630623
CME,CME Group,Financials,Financial Exchanges & Data,267.8800048828125,17852483339.44812,11.36,13.04849342770475,14.987956050427295,0.1486349848331647,0.14863498483316467,20.52957349957703,17.873017773839514,1.3812073599375305,1.2024771821991358,False,12.175904990939271,0.2321522761151244,16.818363553496667
CMG,Chipotle Mexican Grill,Consumer Discretionary,Restaurants,33.7599983215332,42720509556.0379,1.16,1.1700869565217389,1.180261625708884,0.008695652173912901,0.008695652173912704,28.85255504590011,28.603826123090638,33.18043830278567,32.89440004155552,False,17.12461478795241,0.09201273225257235,23.63279043999208
CMI,Cummins,Industrials,Construction Machinery & Heavy Transportation Equipment,641.1599731445312,88264958787.87567,21.73,15.178171006107362,10.601789005551689,-0.30151076824172285,-0.3015107682417228,42.24224202550772,60.47658303789899,,,False,26.16367280461197,0.1419973073572504,33.292022761598915
CMS,CMS Energy,Utilities,Multi-Utilities,71.4000015258789,22389407988.880737,3.0500000000000003,2.688583815028902,2.3699944034214315,-0.11849710982658955,-0.11849710982658941,26.556732628813865,30.126654064162608,,,False,22.02248481825099,-0.002881844380403428,27.042817602825924
CNC,Centene Corporation,Health Care,Managed Health Care,64.41000366210938,31818219759.06372,-8.71,-4.355,-2.1775,0.5,0.5,,,,,False,26.111110051472984,0.13106796116504843,35.670037593695405
CNH,CNH Industrial,Industrials,Agricultural & Farm Machinery,10.289999961853027,12736200060.604502,0.35,0.175,0.0875,-0.5,-0.5,58.7999997820173,117.5999995640346,,,False,26.16367280461197,0.1419973073572504,33.292022761598915
CNK,"Cinemark Holdings, Inc.",Communication Services,Movies & Entertainment,37.52000045776367,4518345042.086178,0.65,0.325,0.1625,-0.5,-0.5,115.44615525465744,230.89231050931488,,,False,16.09388154288399,0.09932629665828746,22.61772188630623
CNM,Core & Main,Industrials,Trading Companies & Distributors,45.34000015258789,8872246892.198788,2.51,2.582008196721311,2.6560822023649546,0.028688524590163782,0.028688524590163772,17.559975297584877,17.070254870959005,6.120905675158189,5.950203126448601,False,26.16367280461197,0.1419973073572504,33.292022761598915
CNMD,CONMED Corporation,Health Care,Health Care Equipment,49.25,1475098964.0,1.74,0.87,0.435,-0.5,-0.5,56.60919540229885,113.2183908045977,,,False,26.111110051472984,0.13106796116504843,35.670037593695405
CNO,CNO Financial Group,Financials,Life & Health Insurance,54.810001373291016,5071096471.568768,2.91,2.870542372881356,2.8316197644355072,-0.01355932203389835,-0.013559322033898244,19.093953076984032,19.356412913093777,,,False,12.175904990939271,0.2321522761151244,16.818363553496667
CNP,CenterPoint Energy,Utilities,Multi-Utilities,40.630001068115234,26578906671.128387,1.68,1.7530434782608697,1.8292627599243858,0.04347826086956534,0.04347826086956524,23.17683592675224,22.21113442980423,5.330672263153001,5.1085609188549705,False,22.02248481825099,-0.002881844380403428,27.042817602825924
CNR,"Core Natural Resources, Inc.",Energy,Coal & Consumable Fuels,95.87000274658205,4758628094.920053,2.83,1.4149999999999998,0.7074999999999999,-0.5000000000000001,-0.5,67.75265211772583,135.50530423545166,,,False,18.15927134438993,0.0,31.84763181292061
CNS,"Cohen & Steers, Inc.",Financials,Asset Management & Custody Banks,83.33999633789062,4285470371.908722,3.3,3.8210526315789455,4.424376731301936,0.15789473684210475,0.15789473684210503,21.810742843249624,18.83655063735195,1.3813470467391473,1.1929815403656254,False,12.175904990939271,0.2321522761151244,16.818363553496667
CNX,CNX Resources,Energy,Oil & Gas Exploration & Production,35.34000015258789,5228328154.154408,7.24,7.24,,0.0,,4.881215490688935,,,,False,18.15927134438993,0.0,31.84763181292061
CNXC,Concentrix,Industrials,Data Processing & Outsourced Services,23.32999992370605,1423558100.844669,3.16,3.2955775577557755,3.436971974425165,0.04290429042904285,0.042904290429042896,7.079184001845591,6.787951748605108,1.6499944250455514,1.5821149075594987,False,26.16367280461197,0.1419973073572504,33.292022761598915
CNXN,"PC Connection, Inc.",Information Technology,Technology Distributors,78.55000305175781,1982452753.4705656,3.93,5.114205298013245,6.655240669268893,0.3013245033112583,0.30132450331125843,15.35918064968427,11.802729150647961,0.5097222589235878,0.39169496741710796,False,32.824054964173854,0.16017875776961116,46.8792043447928
COCO,The Vita Coco Company,Consumer Staples,Soft Drinks & Non-alcoholic Beverages,65.5,3759508871.0,2.1,3.1500000000000004,4.7250000000000005,0.5000000000000001,0.5,20.79365079365079,13.86243386243386,0.4158730158730157,0.2772486772486772,False,21.581219732454,0.027309224733112505,30.262301818219143
COF,Capital One,Financials,Consumer Finance,221.4499969482422,137806734896.26312,3.04,1.52,0.76,-0.5,-0.5,145.6907874659488,291.3815749318976,,,False,12.175904990939271,0.2321522761151244,16.818363553496667
COHR,Coherent Corp.,Information Technology,Electronic Components,351.2200012207031,68780201679.17303,2.81,2.81,,0.0,,124.98932427783029,,,,False,32.824054964173854,0.16017875776961116,46.8792043447928
COHU,"Cohu, Inc.",Information Technology,Semiconductor Materials & Equipment,62.619998931884766,2964332623.8970985,-0.71,-0.71,,0.0,,,,,,False,32.824054964173854,0.16017875776961116,46.8792043447928
COIN,Coinbase,Financials,Financial Exchanges & Data,150.5500030517578,39712380904.99878,3.79,2.838754940711462,2.1262611117186636,-0.2509881422924903,-0.2509881422924903,53.03381454054864,70.80503999345018,,,False,12.175904990939271,0.2321522761151244,16.818363553496667
COKE,Coca-Cola Consolidated,Consumer Staples,Soft Drinks & Non-alcoholic Beverages,186.2100067138672,1329808893.8167267,1.2099999999999995,1.2099999999999995,,0.0,,153.89256753212172,,,,False,21.581219732454,0.027309224733112505,30.262301818219143
COLB,Columbia Banking System,Financials,Regional Banks,32.34000015258789,9149059390.28746,2.52,2.797533039647577,3.105631392031671,0.11013215859030825,0.11013215859030828,11.560185239728918,10.413341465946289,1.0496648197673868,0.9455314051079238,False,12.175904990939271,0.2321522761151244,16.818363553496667
COLL,"Collegium Pharmaceutical, Inc.",Health Care,Pharmaceuticals,28.06999969482422,913836046.9748154,1.24,1.4784615384615385,1.7627810650887574,0.19230769230769235,0.1923076923076923,18.985951926780167,15.923701616009174,0.9872695001925685,0.8280324840324771,False,26.111110051472984,0.13106796116504843,35.670037593695405
COLM,Columbia Sportswear,Consumer Discretionary,"Apparel, Accessories & Luxury Goods",57.09000015258789,2922619453.271461,1.93,1.320886524822695,0.9040109903928375,-0.3156028368794326,-0.3156028368794326,43.22097249061662,63.15188726608231,,,False,17.12461478795241,0.09201273225257235,23.63279043999208
CON,"Concentra Group Holdings Parent, Inc.",Health Care,Health Care Services,35.529998779296875,4530705004.418701,1.63,1.620060975609756,1.6101825550267699,-0.006097560975609796,-0.00609756097560959,21.931272534926748,22.0658202191901,,,False,26.111110051472984,0.13106796116504843,35.670037593695405
COO,Cooper Companies (The),Health Care,Health Care Supplies,75.0999984741211,14646800015.406876,1.19,0.7492592592592591,0.47175582990397785,-0.3703703703703705,-0.37037037037037046,100.23232618889125,159.19251806470967,,,False,26.111110051472984,0.13106796116504843,35.670037593695405
COP,ConocoPhillips,Energy,Oil & Gas Exploration & Production,127.55999755859376,153242605888.2872,7.95,7.783559113300494,7.620602826445682,-0.020935960591132882,-0.020935960591132754,16.388389386112593,16.738832932733864,,,False,18.15927134438993,0.0,31.84763181292061
COR,Cencora,Health Care,Health Care Distributors,312.5199890136719,59637303509.31015,18.73,28.095,42.1425,0.4999999999999999,0.5,11.123687097834914,7.415791398556609,0.22247374195669833,0.14831582797113219,False,26.111110051472984,0.13106796116504843,35.670037593695405
CORT,Corcept Therapeutics Incorporated,Health Care,Pharmaceuticals,117.16999816894533,12665888978.555923,0.51,0.255,0.1275,-0.5,-0.5,459.4901888978248,918.9803777956496,,,True,26.111110051472984,0.13106796116504843,35.670037593695405
COST,Costco,Consumer Staples,Consumer Staples Merchandise Retail,953.5,422857039614.0,18.29,21.22614847715736,24.633645662893915,0.16053299492385786,0.1605329949238579,44.92100868068997,38.70722235143106,2.798241489358395,2.411169265844084,False,21.581219732454,0.027309224733112505,30.262301818219143
COTY,Coty,Consumer Staples,Personal Care Products,2.6700000762939453,2350845456.6342583,-1.01,-0.505,-0.2525,0.5,0.5,,,,,False,21.581219732454,0.027309224733112505,30.262301818219143
CPAY,Corpay,Financials,Transaction & Payment Processing Services,407.6199951171875,26764165423.77649,16.66,19.910731707317076,23.795752528256994,0.19512195121951237,0.19512195121951223,20.47237646054914,17.129947650663567,1.0492092936031425,0.8779098170965076,False,12.175904990939271,0.2321522761151244,16.818363553496667
CPB,The Campbell's Company,Consumer Staples,Packaged Foods & Meats,22.68000030517578,6763317682.245323,1.76,1.28,0.9309090909090909,-0.2727272727272727,-0.27272727272727276,17.71875023841858,24.363281577825546,,,False,21.581219732454,0.027309224733112505,30.262301818219143
CPF,Central Pacific Financial Corp.,Financials,Regional Banks,38.400001525878906,988701428.0874634,2.94,3.9289090909090905,5.25045123966942,0.33636363636363625,0.3363636363636362,9.773705788899719,7.3136573930542115,0.2905696315618836,0.21743305763134155,False,12.175904990939271,0.2321522761151244,16.818363553496667
CPK,Chesapeake Utilities Corp.,Utilities,Gas Utilities,134.5500030517578,3243523593.8170624,5.36,4.885986394557824,4.453892359664955,-0.08843537414965981,-0.08843537414965978,27.53794058895132,30.209531840118238,,,False,22.02248481825099,-0.002881844380403428,27.042817602825924
CPRI,Capri Holdings,Consumer Discretionary,"Apparel, Accessories & Luxury Goods",14.670000076293944,1667269244.73093,1.78,1.78,,0.0,,8.241573076569631,,,,False,17.12461478795241,0.09201273225257235,23.63279043999208
CPRT,Copart,Industrials,Diversified Support Services,31.700000762939453,29348224685.738106,1.62,1.7613422818791944,1.915016440700869,0.08724832214765078,0.08724832214765095,17.997637988408698,16.553383088104297,2.0628062002099252,1.8972723693288782,False,26.16367280461197,0.1419973073572504,33.292022761598915
CPT,Camden Property Trust,Real Estate,Multi-Family Residential REITs,108.26000213623048,10884390245.775225,2.32,3.4799999999999995,5.219999999999999,0.4999999999999999,0.4999999999999999,31.10919601615819,20.739464010772128,0.6221839203231639,0.4147892802154427,False,24.37544947652672,0.18871373771277855,37.44019231073693
CR,Crane,Industrials,Industrial Machinery & Supplies & Components,218.58999633789065,12634579606.368776,5.8,5.830155979202773,5.860468748592042,0.005199306759098759,0.005199306759098769,37.49299283203416,37.29906355876502,72.11152288027942,71.73853224469164,False,26.16367280461197,0.1419973073572504,33.292022761598915
CRBG,Corebridge Financial,Financials,Asset Management & Custody Banks,33.18000030517578,14790732415.998978,-1.0799999999999998,-1.0799999999999998,,0.0,,,,,,False,12.175904990939271,0.2321522761151244,16.818363553496667
CRC,California Resources Corporation,Energy,Oil & Gas Exploration & Production,53.52999877929688,4754528763.86728,0.4200000000000001,0.21,0.105,-0.5000000000000001,-0.5,254.90475609188994,509.8095121837799,,,True,18.15927134438993,0.0,31.84763181292061
CRGY,Crescent Energy Company,Energy,Oil & Gas Exploration & Production,12.6899995803833,4192822763.597092,,,,,,,,,,False,18.15927134438993,0.0,31.84763181292061
CRH,CRH plc,Materials,Construction Materials,96.0500030517578,63900579311.8372,6.09,9.135,13.7025,0.5,0.5000000000000001,10.51450498650879,7.00966999100586,0.2102900997301758,0.14019339982011716,False,19.867320548497293,0.18077595481441627,23.483754427797003
CRI,"Carter's, Inc.",Consumer Discretionary,"Apparel, Accessories & Luxury Goods",37.81999969482422,1388417005.4966354,3.5900000000000003,3.347558441558442,3.1214895597908594,-0.06753246753246747,-0.0675324675324674,11.297786238861681,12.11601031187116,,,False,17.12461478795241,0.09201273225257235,23.63279043999208
CRK,"Comstock Resources, Inc.",Energy,Oil & Gas Exploration & Production,13.550000190734863,3978558481.403675,1.25,1.25,,0.0,,10.84000015258789,,,,False,18.15927134438993,0.0,31.84763181292061
CRL,Charles River Laboratories,Health Care,Life Sciences Tools & Services,286.6400146484375,13683870969.379885,1.83,0.915,0.4575,-0.5,-0.5,313.2677755720628,626.5355511441256,,,True,26.111110051472984,0.13106796116504843,35.670037593695405
CRM,Salesforce,Information Technology,Application Software,190.97000122070312,156404430999.75586,8.16,11.36273037542662,15.822505096157203,0.3924914675767917,0.3924914675767916,16.806700054566157,12.069517441146777,0.42820548834677263,0.30751031393530504,False,32.824054964173854,0.16017875776961116,46.8792043447928
CROX,Crocs,Consumer Discretionary,Footwear,129.97000122070312,6231421456.276703,0.7199999999999998,0.3599999999999999,0.17999999999999994,-0.5,-0.5,361.0277811686199,722.0555623372398,,,True,17.12461478795241,0.09201273225257235,23.63279043999208
CRS,Carpenter Technology,Industrials,Industrial Machinery & Supplies & Components,542.3800048828125,26879575269.065186,10.52,14.915148247978436,21.146544416271315,0.41778975741239893,0.417789757412399,36.36437237265311,25.64863526664316,0.8703988484035035,0.6139124957370717,False,26.16367280461197,0.1419973073572504,33.292022761598915
CRSR,Corsair Gaming,Information Technology,"Technology Hardware, Storage & Peripherals",12.239999771118164,1324085953.400259,-0.08,-0.08,,0.0,,,,,,False,32.824054964173854,0.16017875776961116,46.8792043447928
CRUS,Cirrus Logic,Information Technology,Semiconductors,119.87000274658205,6007592174.721993,7.75,8.34201388888889,8.97925106095679,0.07638888888888894,0.07638888888888876,14.369432171078305,13.349666017001782,1.8810893023957043,1.7475926422256909,False,32.824054964173854,0.16017875776961116,46.8792043447928
CRVL,CorVel Corporation,Health Care,Health Care Services,66.87000274658203,3378043241.517906,2.16,1.904326530612245,1.6789164514785508,-0.11836734693877553,-0.11836734693877543,35.11477767685313,39.829261716801,,,False,26.111110051472984,0.13106796116504843,35.670037593695405
CRWD,CrowdStrike,Information Technology,Systems Software,213.8999938964844,54451413444.25965,-0.76,-0.38,-0.19,0.5,0.5,,,,,False,32.824054964173854,0.16017875776961116,46.8792043447928
CSCO,Cisco,Information Technology,Communications Equipment,112.9000015258789,444987979692.652,2.99,3.725041666666668,4.640781076388891,0.24583333333333374,0.2458333333333335,30.308386221866563,24.327801649658777,1.2328835073301632,0.9896054908335767,False,32.824054964173854,0.16017875776961116,46.8792043447928
CSGP,CoStar Group,Real Estate,Real Estate Services,31.350000381469727,12702944538.370611,0.09,0.050625,0.028476562500000004,-0.43749999999999994,-0.43749999999999994,619.2592667944637,1100.9053631901577,,,True,24.37544947652672,0.18871373771277855,37.44019231073693
CSL,Carlisle Companies,Industrials,Industrial Conglomerates,360.7000122070313,14324888257.891665,20.26,15.057505502567867,11.190941360309061,-0.2567865003668378,-0.2567865003668378,23.954831837552273,32.2314272404578,,,False,26.16367280461197,0.1419973073572504,33.292022761598915
CSR,Centerspace Trust,Real Estate,Multi-Family Residential REITs,54.63999938964844,917632419.9507834,1.48,1.48,,0.0,,36.91891850651921,,,,False,24.37544947652672,0.18871373771277855,37.44019231073693
CSW,"CSW Industrials, Inc.",Industrials,Industrial Conglomerates,342.7099914550781,5583940790.5434265,8.5,10.440751445086704,12.82462243977413,0.22832369942196518,0.22832369942196523,32.82426492552444,26.72281332760343,1.4376197043330965,1.170391571057062,False,26.16367280461197,0.1419973073572504,33.292022761598915
CSX,CSX Corporation,Industrials,Rail Transportation,50.58000183105469,93698184693.84288,1.78,1.820919540229885,1.8627797595455144,0.02298850574712639,0.022988505747126384,27.777175604732722,27.152969411367945,12.083071388058759,11.811541693945081,False,26.16367280461197,0.1419973073572504,33.292022761598915
CTAS,Cintas,Industrials,Diversified Support Services,197.82000732421875,79145236810.90558,4.779999999999999,5.64158024691358,6.65845767413504,0.18024691358024694,0.18024691358024691,35.06464477438622,29.709583961561542,1.945367278578961,1.648271438963346,False,26.16367280461197,0.1419973073572504,33.292022761598915
CTRE,CareTrust REIT,Real Estate,Health Care REITs,39.2599983215332,9276870596.129711,1.44,2.16,3.24,0.5000000000000001,0.5,18.175925148857964,12.117283432571975,0.36351850297715915,0.2423456686514395,False,24.37544947652672,0.18871373771277855,37.44019231073693
CTS,CTS Corporation,Information Technology,Electronic Manufacturing Services,63.369998931884766,1811932676.1594768,2.11,2.380802139037433,2.6863596328176387,0.1283422459893049,0.12834224598930488,26.617079131786014,23.589544064663432,2.0739140823516586,1.8380186417050248,False,32.824054964173854,0.16017875776961116,46.8792043447928
CTSH,Cognizant,Information Technology,IT Consulting & Other Services,56.61000061035156,26825750929.31697,4.6,4.75505617977528,4.915338972351974,0.03370786516853915,0.03370786516853926,11.905222245560704,11.517008476683726,3.5318825995163605,3.416712514749512,False,32.824054964173854,0.16017875776961116,46.8792043447928
CTVA,Corteva,Materials,Fertilizers & Agricultural Chemicals,76.01000213623047,50713569385.28442,4.25,6.375,9.5625,0.5,0.5,11.923137589996935,7.948758393331291,0.2384627517999387,0.15897516786662583,False,19.867320548497293,0.18077595481441627,23.483754427797003
CUBE,CubeSmart,Real Estate,Industrial REITs,41.13999938964844,9314656600.008087,1.47,1.2563372093023255,1.0737300567874526,-0.14534883720930236,-0.14534883720930233,32.74598498319928,38.31503004836922,,,False,24.37544947652672,0.18871373771277855,37.44019231073693
CUBI,"Customers Bancorp, Inc.",Financials,Regional Banks,82.11000061035156,2773987756.5099945,7.95,11.925,17.887500000000003,0.5000000000000001,0.5000000000000001,6.885534642377489,4.590356428251659,0.13771069284754975,0.09180712856503315,False,12.175904990939271,0.2321522761151244,16.818363553496667
CURB,Curbline Properties Corp.,Real Estate,Retail REITs,29.989999771118164,3165124902.403961,0.32,0.2767567567567567,0.23935719503287067,-0.1351351351351353,-0.13513513513513511,108.36230386048557,125.29391383868644,,,False,24.37544947652672,0.18871373771277855,37.44019231073693
CUZ,Cousins Properties,Real Estate,Office REITs,29.18000030517578,4803088102.672562,0.15,0.075,0.0375,-0.5,-0.5,389.0666707356771,778.1333414713542,,,True,24.37544947652672,0.18871373771277855,37.44019231073693
CVBF,CVB Financial Corp.,Financials,Regional Banks,23.14999961853028,4074340553.112307,1.42,1.4002777777777775,1.3808294753086416,-0.013888888888889029,-0.01388888888888894,16.532433768440594,16.765284948277785,,,False,12.175904990939271,0.2321522761151244,16.818363553496667
CVCO,"Cavco Industries, Inc.",Consumer Discretionary,Homebuilding,599.97998046875,4613487261.776367,23.98,27.96889105058365,32.62130386152703,0.16634241245136155,0.1663424124513616,21.451690000280855,18.392274662459318,1.2896103696075298,1.1056876229829362,False,17.12461478795241,0.09201273225257235,23.63279043999208
CVI,"CVR Energy, Inc.",Energy,Oil & Gas Refining & Marketing,36.41999816894531,3661324231.502976,0.6400000000000003,0.6400000000000003,,0.0,,56.90624713897702,,,,False,18.15927134438993,0.0,31.84763181292061
CVLT,CommVault Systems,Information Technology,Systems Software,144.32000732421875,5981279780.029053,1.75,2.2192028985507246,2.8142065742491074,0.2681159420289855,0.26811594202898553,65.03236248405612,51.282662987427116,2.425531357513445,1.9127047276391733,False,32.824054964173854,0.16017875776961116,46.8792043447928
CVNA,Carvana,Consumer Discretionary,Automotive Retail,70.08999633789062,51878792949.401855,5.23,5.23,,0.0,,13.401528936499162,,,,False,17.12461478795241,0.09201273225257235,23.63279043999208
CVS,CVS Health,Health Care,Health Care Services,94.01000213623048,120236007121.8655,2.28,1.378885941644563,0.8339151052916721,-0.39522546419098115,-0.39522546419098137,68.17822946552569,112.73330047589116,,,False,26.111110051472984,0.13106796116504843,35.670037593695405
CVSA,Covista Inc.,Consumer Discretionary,Education Services,132.32000732421875,4504016911.707764,6.57,8.51378698224852,11.032658870487728,0.2958579881656804,0.2958579881656805,15.541850835604603,11.99348306491862,0.5253145582434358,0.40537972759424934,False,17.12461478795241,0.09201273225257235,23.63279043999208
CVX,Chevron Corporation,Energy,Integrated Oil & Gas,202.6999969482422,400488831210.2246,10.49,11.137661943319838,11.825311111885132,0.06174089068825907,0.061740890688259116,18.199510631566426,17.141197811237017,2.947724017047154,2.776312038934782,False,18.15927134438993,0.0,31.84763181292061
CW,Curtiss-Wright,Industrials,Aerospace & Defense,696.0700073242188,25708958705.595947,14.03,19.412317554240637,26.859449239250115,0.38362919132149953,0.38362919132149914,35.85713067897767,25.91527477440011,0.9346820182129384,0.6755292704689384,False,26.16367280461197,0.1419973073572504,33.292022761598915
CWEN,"Clearway Energy, Inc. (Class C)",Utilities,Renewable Electricity,34.150001525878906,7009899678.763985,0.75,0.8395522388059701,0.9397972822454888,0.11940298507462677,0.1194029850746267,40.676446261935766,36.33762532732929,3.4066523744371233,3.0432761211638324,False,22.02248481825099,-0.002881844380403428,27.042817602825924
CWEN-A,"Clearway Energy, Inc. (Class A)",Utilities,Renewable Electricity,,,,,,,,,,,,False,22.02248481825099,-0.002881844380403428,27.042817602825924
CWK,Cushman & Wakefield plc,Real Estate,Real Estate Services,14.09000015258789,3307116181.5344696,0.64,0.96,1.44,0.4999999999999999,0.5,14.677083492279053,9.784722328186035,0.29354166984558117,0.1956944465637207,False,24.37544947652672,0.18871373771277855,37.44019231073693
CWST,"Casella Waste Systems, Inc.",Industrials,Environmental & Facilities Services,89.30999755859375,5678240334.777832,0.21,0.315,0.47250000000000003,0.5000000000000001,0.5000000000000001,283.5238017733135,189.01586784887564,5.670476035466268,3.7803173569775117,True,26.16367280461197,0.1419973073572504,33.292022761598915
CWT,California Water Service Group,Utilities,Water Utilities,49.65999984741211,3070929746.224102,2.74,2.375822784810127,2.060048870373338,-0.13291139240506322,-0.1329113924050633,20.90223234027149,24.10622415885325,,,False,22.02248481825099,-0.002881844380403428,27.042817602825924
CXM,"Sprinklr, Inc.",Information Technology,Application Software,6.699999809265137,639556950.5931625,0.07,0.035,0.0175,-0.5,-0.5,191.42856597900388,382.85713195800776,,,False,32.824054964173854,0.16017875776961116,46.8792043447928
CXT,Crane NXT,Information Technology,Electronic Equipment & Instruments,50.33000183105469,2897060535.7178955,2.02,1.5877042801556418,1.2479232085270022,-0.21400778210116744,-0.2140077821011675,31.699859010344714,40.33100874088412,,,False,32.824054964173854,0.16017875776961116,46.8792043447928
CXW,CoreCivic,Industrials,Diversified Support Services,33.58000183105469,3320843541.6993866,1.34,2.01,3.0149999999999997,0.4999999999999998,0.5,16.706468572664026,11.13764571510935,0.33412937145328064,0.22275291430218702,False,26.16367280461197,0.1419973073572504,33.292022761598915
CYTK,Cytokinetics,Health Care,Biotechnology,75.87000274658203,10547707105.499222,-6.84,-6.84,,0.0,,,,,,False,26.111110051472984,0.13106796116504843,35.670037593695405
CZR,Caesars Entertainment,Consumer Discretionary,Casinos & Gaming,29.65999984741211,6042346202.434738,-1.44,-1.44,,0.0,,,,,,False,17.12461478795241,0.09201273225257235,23.63279043999208
D,Dominion Energy,Utilities,Multi-Utilities,68.7699966430664,60480145112.03661,3.38,4.327424242424242,5.540414370982552,0.2803030303030303,0.2803030303030303,15.891669683982995,12.412428392223404,0.5669460535907448,0.44282176966851067,False,22.02248481825099,-0.002881844380403428,27.042817602825924
DAL,Delta Air Lines,Industrials,Passenger Airlines,87.58999633789062,57601198789.41254,7.439999999999999,11.16,16.740000000000002,0.5000000000000003,0.5000000000000001,7.848565980097726,5.23237732006515,0.15697131960195443,0.10464754640130297,False,26.16367280461197,0.1419973073572504,33.292022761598915
DAN,Dana Incorporated,Consumer Discretionary,Automotive Parts & Equipment,31.350000381469727,3372528927.6872463,10.05,10.05,,0.0,,3.1194030230318135,,,,False,17.12461478795241,0.09201273225257235,23.63279043999208
DAR,Darling Ingredients,Consumer Staples,Agricultural Products & Services,67.66999816894531,10678523036.774233,3.44,5.16,7.74,0.5000000000000001,0.5,13.114340730415758,8.742893820277171,0.2622868146083151,0.17485787640554343,False,21.581219732454,0.027309224733112505,30.262301818219143
DASH,DoorDash,Consumer Discretionary,Specialized Consumer Services,212.72000122070312,93773996298.12622,2.08,3.12,4.68,0.5,0.49999999999999983,68.17948757073817,45.452991713825455,1.3635897514147635,0.9090598342765094,False,17.12461478795241,0.09201273225257235,23.63279043999208
DAVE,"Dave, Inc.",Financials,Consumer Finance,341.42999267578125,4792906489.6745,11.47,17.205,25.807499999999997,0.4999999999999998,0.5,19.844812128787055,13.229874752524703,0.39689624257574124,0.26459749505049407,False,12.175904990939271,0.2321522761151244,16.818363553496667
DBD,Diebold Nixdorf,Information Technology,Electronic Equipment & Instruments,69.69999694824219,2366077080.003235,2.02,2.02,,0.0,,34.50494898427831,,,,False,32.824054964173854,0.16017875776961116,46.8792043447928
DBX,Dropbox,Information Technology,Application Software,33.380001068115234,7737484247.589111,1.82,2.096455696202532,2.4149046627143087,0.15189873417721525,0.15189873417721514,15.922111365662984,13.822492284476656,1.048205664906146,0.9099807420613801,False,32.824054964173854,0.16017875776961116,46.8792043447928
DCH,Dauch Corporation,Consumer Discretionary,Automotive Parts & Equipment,6.800000190734863,1615711338.9194813,-0.13,-0.065,-0.0325,0.5,0.5,,,,,False,17.12461478795241,0.09201273225257235,23.63279043999208
DCI,Donaldson Company,Industrials,Industrial Machinery & Supplies & Components,94.68000030517578,10974458817.453247,3.23,3.133003003003003,3.0389188287386486,-0.030030030030029974,-0.030030030030030064,30.220207326461036,31.1558174604072,,,False,26.16367280461197,0.1419973073572504,33.292022761598915
DCOM,"Dime Community Bancshares, Inc.",Financials,Regional Banks,40.880001068115234,1805121650.764332,2.73,4.095,6.1425,0.49999999999999994,0.5000000000000001,9.982906243739984,6.655270829159989,0.19965812487479973,0.13310541658319974,False,12.175904990939271,0.2321522761151244,16.818363553496667
DD,DuPont,Industrials,Industrial Conglomerates,143.07000732421875,19320599422.33429,0.8500000000000001,0.8500000000000001,,0.0,,168.31765567555146,,,,False,26.16367280461197,0.1419973073572504,33.292022761598915
DDOG,Datadog,Information Technology,Application Software,247.32000732421875,19335628048.53186,0.38,0.3208888888888889,0.2709728395061729,-0.15555555555555556,-0.15555555555555536,770.7340948469421,912.7114281082207,,,True,32.824054964173854,0.16017875776961116,46.8792043447928
DE,Deere & Company,Industrials,Agricultural & Farm Machinery,599.9199829101562,161940855392.81158,20.36,17.10105610561056,14.363758346131641,-0.1600660066006601,-0.16006600660066012,35.080873321813904,41.766226391000444,,,False,26.16367280461197,0.1419973073572504,33.292022761598915
DEA,"Easterly Government Properties, Inc.",Real Estate,Office REITs,24.530000686645508,1160799297.5031755,0.19,0.095,0.0475,-0.5,-0.5,258.2105335436369,516.4210670872739,,,True,24.37544947652672,0.18871373771277855,37.44019231073693
DECK,Deckers Brands,Consumer Discretionary,Footwear,90.11000061035156,12292286078.230637,7.0200000000000005,4.789154518950437,3.267236610595925,-0.31778425655976683,-0.3177842565597668,18.815429791164796,27.579882129784295,,,False,17.12461478795241,0.09201273225257235,23.63279043999208
DEI,Douglas Emmett,Real Estate,Office REITs,11.600000381469728,1942829161.0905592,-0.15,-0.075,-0.0375,0.5,0.5,,,,,False,24.37544947652672,0.18871373771277855,37.44019231073693
DELL,Dell Technologies,Information Technology,"Technology Hardware, Storage & Peripherals",479.80999755859375,311396688415.52734,10.59,15.885,23.8275,0.5,0.5000000000000001,30.205224901390856,20.136816600927236,0.6041044980278172,0.40273633201854464,False,32.824054964173854,0.16017875776961116,46.8792043447928
DFH,"Dream Finders Homes, Inc.",Consumer Discretionary,Homebuilding,15.079999923706056,1385604138.1098406,1.41,0.7646538461538464,0.41467766272189366,-0.4576923076923075,-0.4576923076923076,19.72134188503382,36.365594965310585,,,False,17.12461478795241,0.09201273225257235,23.63279043999208
DFIN,"Donnelley Financial Solutions, Inc.",Financials,Financial Exchanges & Data,47.720001220703125,1173214506.771454,2.5,1.6025641025641026,1.0272846811308352,-0.3589743589743589,-0.3589743589743589,29.77728076171875,46.45255798828124,,,False,12.175904990939271,0.2321522761151244,16.818363553496667
DG,Dollar General,Consumer Staples,Consumer Staples Merchandise Retail,120.08000183105467,26488044975.66621,6.92,8.70661818181818,10.954508694214873,0.258181818181818,0.25818181818181796,13.791807487528835,10.961696702515694,0.5341897266296384,0.4245727596044815,False,21.581219732454,0.027309224733112505,30.262301818219143
DGII,Digi International Inc.,Information Technology,Communications Equipment,83.33999633789062,3162596431.849823,1.27,1.7531521739130431,2.4201122400756137,0.38043478260869534,0.3804347826086955,47.537228985590794,34.43641784782955,1.249550019049816,0.9051858405715201,False,32.824054964173854,0.16017875776961116,46.8792043447928
DGX,Quest Diagnostics,Health Care,Health Care Services,235.5200042724609,25995134218.765865,9.71,12.276575520833337,15.521555769178608,0.2643229166666669,0.2643229166666668,19.18450335541729,15.17373694846599,0.7257979594561806,0.574060589971521,False,26.111110051472984,0.13106796116504843,35.670037593695405
DHI,D. R. Horton,Consumer Discretionary,Homebuilding,148.33999633789062,41490884922.48337,10.83,9.156042154566745,7.74082252411849,-0.1545667447306792,-0.15456674473067908,16.201322998922993,19.163337730028026,,,False,17.12461478795241,0.09201273225257235,23.63279043999208
DHR,Danaher Corporation,Health Care,Life Sciences Tools & Services,202.6300048828125,142446067554.5691,4.72,4.359765166340508,4.027023793566966,-0.0763209393346381,-0.07632093933463809,46.47727507142219,50.31755839300157,,,False,26.111110051472984,0.13106796116504843,35.670037593695405
DINO,HF Sinclair,Energy,Oil & Gas Refining & Marketing,94.98999786376952,16887687436.722725,11.74,17.61,26.415,0.49999999999999994,0.5,5.394094143314566,3.596062762209711,0.10788188286629134,0.07192125524419422,False,18.15927134438993,0.0,31.84763181292061
DIOD,Diodes Incorporated,Information Technology,Semiconductors,107.55999755859376,4953321277.369081,2.62,3.93,5.8950000000000005,0.5,0.5000000000000001,27.368956121779583,18.245970747853054,0.5473791224355916,0.364919414957061,False,32.824054964173854,0.16017875776961116,46.8792043447928
DIS,Walt Disney Company (The),Communication Services,Movies & Entertainment,103.5,178712094357.0,7.04,10.56,15.84,0.5000000000000001,0.4999999999999999,9.801136363636363,6.534090909090909,0.1960227272727272,0.13068181818181823,False,16.09388154288399,0.09932629665828746,22.61772188630623
DKS,Dick's Sporting Goods,Consumer Discretionary,Specialty Stores,196.2400054931641,18401224757.808384,12.35,11.906518345042937,11.478961870513682,-0.03590944574551118,-0.03590944574551128,16.48172873095728,17.095623080450427,,,False,17.12461478795241,0.09201273225257235,23.63279043999208
DLB,Dolby,Information Technology,Application Software,61.34999847412109,5880949503.730773,2.32,1.7647213114754097,1.342345391023918,-0.239344262295082,-0.23934426229508204,34.76469518171621,45.70358633803209,,,False,32.824054964173854,0.16017875776961116,46.8792043447928
DLR,Digital Realty,Real Estate,Data Center REITs,197.91000366210932,69546776600.58745,3.82,4.266783625730994,4.765822646284327,0.11695906432748547,0.11695906432748547,46.38388562021421,41.526934246369784,3.965822220528312,3.5505528780646136,False,24.37544947652672,0.18871373771277855,37.44019231073693
DLTR,Dollar Tree,Consumer Staples,Consumer Staples Merchandise Retail,129.5399932861328,24894294839.28534,5.48,5.48,,0.0,,23.638684906228615,,,,False,21.581219732454,0.027309224733112505,30.262301818219143
DLX,Deluxe Corporation,Industrials,Commercial Printing,24.270000457763672,1112932179.2913437,2.42,3.63,5.445,0.5,0.5000000000000001,6.685950539328835,4.457300359552557,0.1337190107865767,0.0891460071910511,False,26.16367280461197,0.1419973073572504,33.292022761598915
DMC,Del Monte Corporation,Consumer Staples,Packaged Foods & Meats,30.420000076293945,1434187955.156971,1.22,0.61,0.305,-0.5,-0.5,49.86885258408844,99.73770516817687,,,False,21.581219732454,0.027309224733112505,30.262301818219143
DNOW,NOW Inc,Industrials,Trading Companies & Distributors,16.149999618530273,2919692070.685656,0.01,0.005,0.0025,-0.5,-0.5,3229.9999237060547,6459.999847412109,,,True,26.16367280461197,0.1419973073572504,33.292022761598915
DOC,Healthpeak Properties,Real Estate,Health Care REITs,20.57999992370605,14190470958.193245,0.24,0.144,0.0864,-0.4,-0.3999999999999999,142.9166661368476,238.1944435614126,,,False,24.37544947652672,0.18871373771277855,37.44019231073693
DOCN,DigitalOcean,Information Technology,Internet Services & Infrastructure,135.27999877929688,15906161380.470276,2.34,3.51,5.265,0.5,0.5,38.54131019353188,25.69420679568792,0.7708262038706376,0.5138841359137584,False,32.824054964173854,0.16017875776961116,46.8792043447928
DOCS,Doximity,Health Care,Health Care Technology,24.520000457763672,4409897562.328339,1.02,1.0003846153846154,0.9811464497041421,-0.019230769230769204,-0.019230769230769176,24.510573314181293,24.991172790929944,,,False,26.111110051472984,0.13106796116504843,35.670037593695405
DOCU,Docusign,Information Technology,Application Software,59.81999969482422,11422306392.28833,1.44,0.72,0.36,-0.5,-0.5,83.08333290947809,166.16666581895618,,,False,32.824054964173854,0.16017875776961116,46.8792043447928
DORM,"Dorman Products, Inc.",Consumer Discretionary,Automotive Parts & Equipment,133.6999969482422,3967630036.037201,8.75,12.25,17.15,0.4,0.3999999999999999,10.914285465162628,7.795918189401878,0.2728571366290657,0.19489795473504698,False,17.12461478795241,0.09201273225257235,23.63279043999208
DOV,Dover Corporation,Industrials,Industrial Machinery & Supplies & Components,206.47000122070312,27807426220.15457,8.26,6.352662942271881,4.885753808488432,-0.23091247672253248,-0.23091247672253232,32.50133103187495,42.25959991311584,,,False,26.16367280461197,0.1419973073572504,33.292022761598915
DOW,Dow Inc.,Materials,Commodity Chemicals,31.34000015258789,22588036776.896416,-2.28,-1.14,-0.57,0.5,0.5,,,,,False,19.867320548497293,0.18077595481441627,23.483754427797003
DPZ,Domino's,Consumer Discretionary,Restaurants,335.4200134277344,11096275997.91275,16.09,16.050099194048354,16.010297336158587,-0.0024798512089276655,-0.0024798512089274924,20.898314046066066,20.95026759248264,,,False,17.12461478795241,0.09201273225257235,23.63279043999208
DRH,DiamondRock Hospitality Company,Real Estate,Hotel & Resort REITs,12.359999656677246,2528926146.914214,0.79,1.185,1.7775,0.5,0.5,10.4303794571116,6.953586304741067,0.20860758914223201,0.13907172609482132,False,24.37544947652672,0.18871373771277855,37.44019231073693
DRI,Darden Restaurants,Consumer Discretionary,Restaurants,225.5,25724582009.5,9.61,11.660618686868684,14.148806260203035,0.21338383838383818,0.21338383838383818,19.33859652352248,15.937740319073681,0.9062821566053147,0.7469047534145781,False,17.12461478795241,0.09201273225257235,23.63279043999208
DT,Dynatrace,Information Technology,Application Software,47.61000061035156,13759391490.4729,0.6,0.3,0.15,-0.5,-0.5,158.70000203450522,317.40000406901044,,,False,32.824054964173854,0.16017875776961116,46.8792043447928
DTE,DTE Energy,Utilities,Multi-Utilities,141.14999389648438,29363195110.24594,6.44,5.950301291248207,5.497839356619578,-0.07604017216642749,-0.07604017216642743,23.721486860520812,25.67372102761336,,,False,22.02248481825099,-0.002881844380403428,27.042817602825924
DTM,DT Midstream,Energy,Oil & Gas Storage & Transportation,135.0,13772064960.0,4.53,5.221603053435115,6.0187943593030715,0.15267175572519087,0.15267175572519084,25.854129204859433,22.429741230705865,1.6934454629182927,1.4691480506112342,False,18.15927134438993,0.0,31.84763181292061
DUK,Duke Energy,Utilities,Electric Utilities,123.58000183105467,96342501924.34328,6.79,8.475018382352943,10.578193900032442,0.24816176470588255,0.24816176470588247,14.58167950271098,11.682523784204378,0.5875876777388715,0.47076243989682803,False,22.02248481825099,-0.002881844380403428,27.042817602825924
DUOL,Duolingo,Consumer Discretionary,Education Services,130.16000366210938,2166513260.9558105,8.41,12.615,18.9225,0.5,0.49999999999999994,10.317875835284136,6.878583890189424,0.20635751670568273,0.1375716778037885,False,17.12461478795241,0.09201273225257235,23.63279043999208
DV,DoubleVerify Holdings Inc.,Communication Services,Advertising,13.300000190734863,2061325094.661395,0.23,0.2784210526315789,0.3370360110803324,0.21052631578947342,0.21052631578947376,47.76937686653354,39.461659150614665,2.269045401160346,1.874428809654196,False,16.09388154288399,0.09932629665828746,22.61772188630623
DVA,DaVita,Health Care,Health Care Services,176.6999969482422,11273459805.297852,11.51,13.728507772020723,16.37462429595425,0.19274611398963715,0.1927461139896371,12.871027199938235,10.791087096386098,0.6677710348355058,0.559860163871645,False,26.111110051472984,0.13106796116504843,35.670037593695405
DVN,Devon Energy,Energy,Oil & Gas Exploration & Production,47.56999969482422,52326999664.30664,4.72,5.121471264367816,5.557090659268067,0.0850574712643679,0.08505747126436784,9.288346500309059,8.560234592445848,1.092008304766064,1.006405958841606,False,18.15927134438993,0.0,31.84763181292061
DXC,DXC Technology,Information Technology,IT Consulting & Other Services,10.390000343322754,1660100633.5656595,1.63,1.783154362416107,1.9506990676095666,0.09395973154362401,0.09395973154362407,5.826753175336259,5.326295847393268,0.6201330165179314,0.5668700580439983,False,32.824054964173854,0.16017875776961116,46.8792043447928
DXCM,Dexcom,Health Care,Health Care Equipment,88.76000213623047,33494542307.529564,2.3,3.45,5.175000000000001,0.5000000000000002,0.5000000000000001,25.727536851081293,17.151691234054194,0.5145507370216257,0.3430338246810838,False,26.111110051472984,0.13106796116504843,35.670037593695405
DXPE,"DXP Enterprises, Inc.",Industrials,Trading Companies & Distributors,199.91000366210932,3102033113.5054927,5.72,7.808687350835322,10.660069605436286,0.36515513126491644,0.36515513126491644,25.600974232977105,18.753161195135327,0.7010985753998306,0.5135669634484772,False,26.16367280461197,0.1419973073572504,33.292022761598915
DY,Dycom Industries,Industrials,Construction & Engineering,432.8900146484375,13000316994.863892,12.05,18.075000000000003,27.112500000000004,0.5000000000000001,0.5,23.949655028959192,15.966436685972797,0.4789931005791837,0.3193287337194559,False,26.16367280461197,0.1419973073572504,33.292022761598915
EAT,"Brinker International, Inc.",Consumer Discretionary,Restaurants,241.7100067138672,10366408008.842926,10.46,15.69,23.535,0.49999999999999983,0.5000000000000001,15.40535415639689,10.270236104264592,0.3081070831279379,0.20540472208529179,False,17.12461478795241,0.09201273225257235,23.63279043999208
EBAY,eBay Inc.,Consumer Discretionary,Broadline Retail,100.94000244140624,44918301086.42577,4.46,5.464725274725274,6.695789759690857,0.22527472527472514,0.22527472527472517,18.471194317536987,15.075145138079515,0.819940820924813,0.6691893695440178,False,17.12461478795241,0.09201273225257235,23.63279043999208
EBC,"Eastern Bankshares, Inc.",Financials,Regional Banks,23.64999961853028,5404298117.629762,1.8,1.8,,0.0,,13.138888676961267,,,,False,12.175904990939271,0.2321522761151244,16.818363553496667
ECG,"Everus Construction Group, Inc.",Industrials,Construction & Engineering,143.39999389648438,7322553770.731079,4.92,7.38,11.07,0.5,0.5000000000000001,19.430893481908452,12.953928987938967,0.388617869638169,0.2590785797587793,False,26.16367280461197,0.1419973073572504,33.292022761598915
ECHO,EchoStar,Communication Services,Wireless Telecommunication Services,92.51000213623048,4411528079.760507,-21.82,-21.82,,0.0,,,,,,False,16.09388154288399,0.09932629665828746,22.61772188630623
ECL,Ecolab,Materials,Specialty Chemicals,275.8399963378906,77325840824.926,7.31,7.260339673913044,7.211016714171787,-0.0067934782608694835,-0.006793478260869461,37.99271228714062,38.252580360240074,,,False,19.867320548497293,0.18077595481441627,23.483754427797003
ECPG,"Encore Capital Group, Inc.",Financials,Consumer Finance,103.68000030517578,2198987073.352585,12.33,18.495,27.7425,0.5000000000000001,0.4999999999999999,5.605839432558842,3.737226288372561,0.1121167886511768,0.07474452576745125,False,12.175904990939271,0.2321522761151244,16.818363553496667
ED,Consolidated Edison,Utilities,Multi-Utilities,108.98999786376952,40166051760.68561,7.37,9.253304940374788,11.617863272668174,0.2555366269165248,0.2555366269165246,11.778494123566091,9.381242945092668,0.4609317367022195,0.36711930725129316,False,22.02248481825099,-0.002881844380403428,27.042817602825924
EEFT,Euronet Worldwide,Financials,Transaction & Payment Processing Services,70.55000305175781,2638823741.3967133,7.56,9.014763406940062,10.749465513638308,0.1924290220820189,0.19242902208201892,7.82605154090284,6.56311729752963,0.4066980882731477,0.34106691529785127,False,12.175904990939271,0.2321522761151244,16.818363553496667
EFC,"Ellington Financial, Inc.",Financials,Specialized Finance,13.59000015258789,1751579595.4066544,1.95,2.569256756756757,3.3851693754565377,0.3175675675675677,0.3175675675675675,5.2894675150111965,4.014570216521319,0.16656195579184185,0.1264162536266288,False,12.175904990939271,0.2321522761151244,16.818363553496667
EFOR,Everforth Inc.,Information Technology,IT Consulting & Other Services,30.86000061035156,1265260025.0244138,2.02,1.2108011869436202,0.7257621357940987,-0.40059347181008903,-0.4005934718100891,25.48725665544671,42.52081927171061,,,False,32.824054964173854,0.16017875776961116,46.8792043447928
EFX,Equifax,Industrials,Research & Consulting Services,176.8000030517578,20771329971.33545,5.78,7.42408888888889,9.535829728395063,0.28444444444444456,0.28444444444444444,23.8143704497345,18.540599831108175,0.8372239611234782,0.6518179628123968,False,26.16367280461197,0.1419973073572504,33.292022761598915
EG,Everest Group,Financials,Reinsurance,365.1499938964844,14000849086.074524,52.620000000000005,55.07985677342352,57.654705856724604,0.046747563158941796,0.046747563158941755,6.629465203560083,6.333394446654606,1.418141343757297,1.3548073992907523,False,12.175904990939271,0.2321522761151244,16.818363553496667
EGBN,Eagle Bancorp Inc,Financials,Regional Banks,28.549999237060547,870317405.8925743,-3.81,-3.81,,0.0,,,,,,False,12.175904990939271,0.2321522761151244,16.818363553496667
EGP,EastGroup Properties,Real Estate,Industrial REITs,203.5500030517578,10945558839.45314,5.63,6.845982721382289,8.324596700082568,0.2159827213822894,0.2159827213822894,29.732766110554618,24.451635362676356,1.3766270709186788,1.1321107172919151,False,24.37544947652672,0.18871373771277855,37.44019231073693
EHC,Encompass Health,Health Care,Health Care Facilities,121.98999786376952,12034726103.413631,6.1,7.817226890756301,10.017874796977612,0.2815126050420167,0.28151260504201664,15.605277877762509,12.177233229204845,0.554336736553355,0.4325644042613067,False,26.111110051472984,0.13106796116504843,35.670037593695405
EIG,"Employers Holdings, Inc.",Financials,Property & Casualty Insurance,48.09000015258789,863720736.2805557,2.98,2.171246943765281,1.5819843257751927,-0.27139364303178487,-0.2713936430317848,22.148563198063655,30.398531369154476,,,False,12.175904990939271,0.2321522761151244,16.818363553496667
EIX,Edison International,Utilities,Electric Utilities,71.30000305175781,27435809167.59792,8.14,12.21,18.315,0.5,0.5,5.8394760894150535,3.892984059610036,0.11678952178830107,0.07785968119220071,False,22.02248481825099,-0.002881844380403428,27.042817602825924
EL,Estée Lauder Companies (The),Consumer Staples,Personal Care Products,84.33999633789062,30741928665.161133,1.25,1.25,,0.0,,67.4719970703125,,,,False,21.581219732454,0.027309224733112505,30.262301818219143
ELAN,Elanco,Health Care,Pharmaceuticals,23.61000061035156,11796071711.244965,0.1699999999999999,0.0849999999999999,0.04249999999999995,-0.5000000000000003,-0.5,277.76471306295986,555.5294261259197,,,True,26.111110051472984,0.13106796116504843,35.670037593695405
ELF,e.l.f. Beauty,Consumer Staples,Personal Care Products,93.66000366210938,5526689121.453735,1.0000000000000002,0.5882352941176473,0.34602076124567493,-0.4117647058823528,-0.41176470588235287,159.22200622558586,270.67741058349594,,,False,21.581219732454,0.027309224733112505,30.262301818219143
ELS,Equity Lifestyle Properties,Real Estate,Single-Family Residential REITs,64.88999938964844,12584607695.799911,2.05,2.259408602150537,2.4902084055960216,0.10215053763440843,0.10215053763440843,28.719904548422637,26.058059736617615,2.8115274978982208,2.5509469005320446,False,24.37544947652672,0.18871373771277855,37.44019231073693
ELV,Elevance Health,Health Care,Managed Health Care,390.239990234375,84631069611.73584,27.75,23.04886261598324,19.144146590647562,-0.16941035618078418,-0.16941035618078398,16.930986866300422,20.384298061372863,,,False,26.111110051472984,0.13106796116504843,35.670037593695405
EME,Emcor,Industrials,Construction & Engineering,862.5399780273438,38046553039.32831,29.19,41.6043017578125,59.29831876516342,0.42529296874999994,0.42529296875,20.731990241018167,14.545774584996645,0.4874754995821494,0.34201775373218285,False,26.16367280461197,0.1419973073572504,33.292022761598915
EMN,Eastman Chemical Company,Materials,Specialty Chemicals,73.97000122070312,8460497970.990875,4.12,2.6398755832037324,1.6914910424260308,-0.3592534992223951,-0.359253499222395,28.020260383231285,43.73064909324688,,,False,19.867320548497293,0.18077595481441627,23.483754427797003
EMR,Emerson Electric,Industrials,Electrical Components & Equipment,162.0500030517578,90391491702.27052,4.51,4.866052631578947,5.250214681440443,0.07894736842105264,0.0789473684210527,33.30214761758043,30.86540510897698,4.218272031560188,3.909617980470414,False,26.16367280461197,0.1419973073572504,33.292022761598915
ENOV,Enovis,Health Care,Health Care Equipment,24.739999771118164,1426743268.3605003,-10.8,-10.8,,0.0,,,,,,False,26.111110051472984,0.13106796116504843,35.670037593695405
ENPH,Enphase Energy,Information Technology,Semiconductor Materials & Equipment,38.650001525878906,5094001404.108124,0.94,0.8106422018348624,0.6990859355273125,-0.13761467889908255,-0.1376146788990826,47.67824995836126,55.28648133469551,,,False,32.824054964173854,0.16017875776961116,46.8792043447928
ENR,Energizer,Consumer Staples,Household Products,22.36000061035156,1531294165.1190946,1.03,1.03,,0.0,,21.708738456652,,,,False,21.581219732454,0.027309224733112505,30.262301818219143
ENS,EnerSys,Industrials,Electrical Components & Equipment,202.33999633789065,7297437292.085206,8.75,9.049940898345154,9.36016345869032,0.03427895981087476,0.03427895981087476,22.35815665656888,21.617143464522595,6.522413976364566,6.30624254171934,False,26.16367280461197,0.1419973073572504,33.292022761598915
ENSG,Ensign Group,Health Care,Health Care Facilities,181.52999877929688,10580010172.87445,6.21,7.53205078125,9.13555377960205,0.21289062499999997,0.21289062499999997,24.101005695711816,19.870716451214896,1.1320839372664635,0.9333767727543145,False,26.111110051472984,0.13106796116504843,35.670037593695405
ENTG,Entegris,Information Technology,Semiconductor Materials & Equipment,163.08999633789062,24920151440.429688,2.02,2.443353293413174,2.955433324966833,0.2095808383233534,0.20958083832335336,66.74843002751625,55.18310799304561,3.1848536613129164,2.633022581382461,False,32.824054964173854,0.16017875776961116,46.8792043447928
ENVA,"Enova International, Inc.",Financials,Consumer Finance,263.9100036621094,6570929181.790558,13.35,20.025,30.037499999999998,0.49999999999999994,0.5,13.179026400105338,8.786017600070226,0.2635805280021068,0.1757203520014045,False,12.175904990939271,0.2321522761151244,16.818363553496667
EOG,EOG Resources,Energy,Oil & Gas Exploration & Production,146.14999389648438,76659935870.92798,14.010000000000002,16.84807725321889,20.26107831052332,0.2025751072961376,0.20257510729613756,8.674579995088868,7.213337397771969,0.4282154955202762,0.3560821215425566,False,18.15927134438993,0.0,31.84763181292061
EPAC,Enerpac Tool Group,Industrials,Industrial Machinery & Supplies & Components,37.08000183105469,1896184007.3158264,1.66,1.744050632911392,1.8323569940714624,0.05063291139240491,0.05063291139240495,21.26085168132763,20.23623232319136,4.1990182070622195,3.9966558838303023,False,26.16367280461197,0.1419973073572504,33.292022761598915
EPAM,EPAM Systems,Information Technology,IT Consulting & Other Services,98.7300033569336,5093182807.3040695,6.96,6.6177049180327865,6.292244020424616,-0.049180327868852514,-0.04918032786885257,14.919070067313093,15.690746105277565,,,False,32.824054964173854,0.16017875776961116,46.8792043447928
EPC,Edgewell Personal Care,Consumer Staples,Household Products,28.059999465942383,1293254930.285864,-0.72,-0.36,-0.18,0.5,0.5,,,,,False,21.581219732454,0.027309224733112505,30.262301818219143
EPR,EPR Properties,Real Estate,Other Specialized REITs,60.5,4634839781.0,3.23,4.059494163424124,5.102010174264559,0.2568093385214006,0.2568093385214005,14.903334643291895,11.85807121772761,0.5803268186857606,0.4617461065084848,False,24.37544947652672,0.18871373771277855,37.44019231073693
EPRT,"Essential Properties Realty Trust, Inc.",Real Estate,Diversified REITs,31.13999938964844,6734741212.557435,1.27,1.427345132743363,1.6041843527292667,0.12389380530973468,0.12389380530973472,21.816727205842106,19.411733655591792,1.7609215530429678,1.566804216487049,False,24.37544947652672,0.18871373771277855,37.44019231073693
EQH,Equitable Holdings,Financials,Diversified Financial Services,51.130001068115234,13960287869.04301,-5.22,-2.61,-1.305,0.5,0.5,,,,,False,12.175904990939271,0.2321522761151244,16.818363553496667
EQIX,Equinix,Real Estate,Data Center REITs,1097.6099853515625,108303027825.07396,16.59,22.57818703855619,30.727819767813546,0.360951599671862,0.3609515996718619,48.613734285981515,35.720399092592814,1.3468214112411703,0.9896174203152426,False,24.37544947652672,0.18871373771277855,37.44019231073693
EQR,Equity Residential,Real Estate,Multi-Family Residential REITs,63.65999984741211,23868961019.728024,1.8,1.4148471615720526,1.112106939226941,-0.21397379912663747,-0.21397379912663753,44.99425915141164,57.242696364851476,,,False,24.37544947652672,0.18871373771277855,37.44019231073693
EQT,EQT Corporation,Energy,Oil & Gas Exploration & Production,53.0099983215332,33158602110.092163,4.53,6.795,10.192499999999999,0.4999999999999999,0.4999999999999999,7.801324256296277,5.200882837530852,0.15602648512592557,0.10401765675061707,False,18.15927134438993,0.0,31.84763181292061
ERIE,Erie Indemnity,Financials,Insurance Brokers,247.75,629780.5,,,,,,,,,,False,12.175904990939271,0.2321522761151244,16.818363553496667
ES,Eversource Energy,Utilities,Electric Utilities,71.91000366210938,27086682939.564148,3.7,3.7922437673130194,3.8867872407363357,0.02493074792243762,0.0249307479224377,18.962389570505103,18.50114225662795,7.6060251499470635,7.4210137273807595,False,22.02248481825099,-0.002881844380403428,27.042817602825924
ESAB,ESAB,Industrials,Industrial Machinery & Supplies & Components,82.12999725341797,5105842064.55101,3.27,2.355264317180617,1.6964128451939686,-0.2797356828193832,-0.2797356828193832,34.87081965888744,48.41392087197217,,,False,26.16367280461197,0.1419973073572504,33.292022761598915
ESE,ESCO Technologies Inc.,Industrials,Industrial Machinery & Supplies & Components,308.010009765625,7979789964.673584,4.720000000000001,5.3812560386473445,6.13515181217765,0.14009661835748807,0.14009661835748816,57.23756824680799,50.204138250378186,4.085578147272153,3.5835367647683682,False,26.16367280461197,0.1419973073572504,33.292022761598915
ESI,Element Solutions,Materials,Specialty Chemicals,39.220001220703125,9554274602.932068,0.99,1.485,2.2275,0.5000000000000001,0.49999999999999994,26.410775232796716,17.607183488531145,0.5282155046559341,0.35214366977062295,False,19.867320548497293,0.18077595481441627,23.483754427797003
ESNT,Essent Group Ltd.,Financials,Commercial & Residential Mortgage Finance,69.43000030517578,6240124936.418129,7.5,8.093525179856117,8.734019978261998,0.07913669064748229,0.07913669064748209,8.578462259928383,7.949375027533635,1.0840056855727647,1.004511935297431,False,12.175904990939271,0.2321522761151244,16.818363553496667
ESS,Essex Property Trust,Real Estate,Multi-Family Residential REITs,283.0599975585937,18191824186.434628,8.62,6.94433644859813,5.594409363263167,-0.194392523364486,-0.19439252336448593,40.76127354338307,50.596940477285244,,,False,24.37544947652672,0.18871373771277855,37.44019231073693
ETN,Eaton Corporation,Industrials,Electrical Components & Equipment,455.3999938964844,176877357629.39453,9.43,9.360515789473684,9.291543567867038,-0.007368421052631558,-0.007368421052631387,48.65116454465062,49.012307865766786,,,False,26.16367280461197,0.1419973073572504,33.292022761598915
ETR,Entergy,Utilities,Electric Utilities,108.5199966430664,49683934699.488144,4.23,3.629391480730224,3.1140620615596046,-0.14198782961460432,-0.1419878296146043,29.900328255918115,34.84837312096366,,,False,22.02248481825099,-0.002881844380403428,27.042817602825924
ETSY,Etsy,Consumer Discretionary,Broadline Retail,78.41000366210938,7196607196.7948,1.12,1.475764705882353,1.9445370242214537,0.3176470588235294,0.31764705882352956,53.13177862945867,40.32322485271417,1.672667105001477,1.2694348564743343,False,17.12461478795241,0.09201273225257235,23.63279043999208
EVR,Evercore,Financials,Investment Banking & Brokerage,303.17999267578125,12579241076.11084,15.29,22.935,34.402499999999996,0.5,0.49999999999999994,13.219097129966482,8.812731419977656,0.2643819425993296,0.17625462839955314,False,12.175904990939271,0.2321522761151244,16.818363553496667
EVRG,Evergy,Utilities,Electric Utilities,83.93000030517578,19346958258.596992,3.95,3.1330321285140554,2.485035523620586,-0.20682730923694803,-0.20682730923694786,26.788745490772342,33.774165201024374,,,False,22.02248481825099,-0.002881844380403428,27.042817602825924
EVTC,"EVERTEC, Inc.",Financials,Transaction & Payment Processing Services,30.38999938964844,1815879714.9099429,1.6,1.5900621118012426,1.580185949616142,-0.006211180124223448,-0.006211180124223472,19.112460553646084,19.23191343210637,,,False,12.175904990939271,0.2321522761151244,16.818363553496667
EW,Edwards Lifesciences,Health Care,Health Care Equipment,90.80999755859376,52342882592.773445,2.14,1.07,0.535,-0.5,-0.5,84.8691565968166,169.7383131936332,,,False,26.111110051472984,0.13106796116504843,35.670037593695405
EWBC,East West Bancorp,Financials,Regional Banks,135.52000427246094,18567847310.497803,10.09,12.25127557160048,14.875495850475192,0.21419975932611304,0.21419975932611307,11.06170565509179,9.11028483585855,0.5164200786169258,0.4253172302583403,False,12.175904990939271,0.2321522761151244,16.818363553496667
EXC,Exelon,Utilities,Electric Utilities,45.56999969482422,46627594718.681656,3.05,3.706175298804781,4.503519785400232,0.21513944223107578,0.2151394422310757,12.295694623381756,10.118751968750232,0.5715221019386703,0.4703345822511682,False,22.02248481825099,-0.002881844380403428,27.042817602825924
EXE,Expand Energy,Energy,Oil & Gas Exploration & Production,94.1750030517578,22529377584.643505,10.05,10.05,,0.0,,9.370647069826646,,,,False,18.15927134438993,0.0,31.84763181292061
EXEL,Exelixis,Health Care,Biotechnology,52.31999969482422,12963938049.823029,2.95,4.425000000000001,6.637500000000001,0.5000000000000001,0.5,11.823728744593042,7.882485829728695,0.23647457489186077,0.15764971659457389,False,26.111110051472984,0.13106796116504843,35.670037593695405
EXLS,EXL Service,Industrials,Data Processing & Outsourced Services,34.560001373291016,5280178305.1754265,1.59,2.179396551724138,2.9872763079667064,0.3706896551724138,0.37068965517241376,15.857601199722154,11.56906754193566,0.4277864509692488,0.31209577554989226,False,26.16367280461197,0.1419973073572504,33.292022761598915
EXP,Eagle Materials,Materials,Construction Materials,205.509994506836,6304085872.245408,14.5,13.58204134366925,12.722196349044193,-0.06330749354005175,-0.06330749354005175,15.131009345854086,16.153656874056637,,,False,19.867320548497293,0.18077595481441627,23.483754427797003
EXPD,Expeditors International,Industrials,Air Freight & Logistics,188.2700042724609,24473334959.31985,6.72,8.195716878402903,9.995502254603903,0.21960072595281305,0.2196007259528129,22.971755499336993,18.835472143057565,1.046069196705346,0.8577144752747707,False,26.16367280461197,0.1419973073572504,33.292022761598915
EXPE,Expedia Group,Consumer Discretionary,"Hotels, Resorts & Cruise Lines",318.5,36459650500.0,16.92,25.380000000000003,38.07000000000001,0.5,0.5000000000000001,12.549251379038612,8.36616758602574,0.25098502758077224,0.16732335172051477,False,17.12461478795241,0.09201273225257235,23.63279043999208
EXPO,"Exponent, Inc.",Industrials,Research & Consulting Services,66.19000244140625,3147075416.039306,2.26,2.3429357798165134,2.428915074488679,0.03669724770642194,0.0366972477064221,28.250882082047468,27.250850857904194,7.698365367357952,7.425856858778877,False,26.16367280461197,0.1419973073572504,33.292022761598915
EXR,Extra Space Storage,Real Estate,Self-Storage REITs,146.88999938964844,31033385245.67129,4.35,4.637867647058823,4.94478535899654,0.06617647058823535,0.06617647058823528,31.67188254774822,29.706041562025913,4.785973362770838,4.488912947150583,False,24.37544947652672,0.18871373771277855,37.44019231073693
EXTR,"Extreme Networks, Inc.",Information Technology,Communications Equipment,24.280000686645508,3168313144.4408207,0.21,0.21,,0.0,,115.61905088878814,,,,False,32.824054964173854,0.16017875776961116,46.8792043447928
EYE,National Vision Holdings,Consumer Discretionary,Specialty Stores,18.46999931335449,1460410156.8174112,0.68,0.68,,0.0,,27.16176369610954,,,,False,17.12461478795241,0.09201273225257235,23.63279043999208
EZPW,"EZCORP, Inc.",Financials,Consumer Finance,29.290000915527344,2441936666.32843,1.98,2.97,4.455,0.5000000000000001,0.49999999999999994,9.861953170211226,6.574635446807484,0.19723906340422448,0.1314927089361497,False,12.175904990939271,0.2321522761151244,16.818363553496667
F,Ford Motor Company,Consumer Discretionary,Automobile Manufacturers,14.050000190734863,52369028686.53234,1.34,1.3706870229007633,1.4020768020511623,0.0229007633587785,0.022900763358778494,10.250334289297545,10.020849193268496,4.475979306326619,4.375770814393935,False,17.12461478795241,0.09201273225257235,23.63279043999208
FA,First Advantage Corporation,Industrials,Human Resource & Employment Services,20.299999237060547,3486599796.262333,0.12,0.12,,0.0,,169.1666603088379,,,,False,26.16367280461197,0.1419973073572504,33.292022761598915
FAF,First American Financial Corporation,Financials,Property & Casualty Insurance,73.18000030517578,7471678031.158447,6.58,9.87,14.805,0.4999999999999999,0.5000000000000001,7.41438706232784,4.94292470821856,0.14828774124655686,0.09885849416437117,False,12.175904990939271,0.2321522761151244,16.818363553496667
FANG,Diamondback Energy,Energy,Oil & Gas Exploration & Production,206.2899932861328,57766221900.323685,12.62,9.390589622641508,6.987573174394802,-0.25589622641509435,-0.2558962264150943,21.967735954380345,29.522409016346327,,,False,18.15927134438993,0.0,31.84763181292061
FAST,Fastenal,Industrials,Trading Companies & Distributors,51.22999954223633,58786300139.50729,1.21,1.1349612403100775,1.0645760471125534,-0.06201550387596898,-0.062015503875968936,45.13810491734503,48.1224424325414,,,False,26.16367280461197,0.1419973073572504,33.292022761598915
FBIN,Fortune Brands Innovations,Industrials,Building Products,46.54999923706055,5556742163.276791,1.43,0.715,0.3575,-0.5,-0.5,65.10489403784692,130.20978807569384,,,False,26.16367280461197,0.1419973073572504,33.292022761598915
FBK,FB Financial Corp.,Financials,Regional Banks,61.34000015258789,3065658992.5460587,2.72,2.9593599999999998,3.2197836799999995,0.08799999999999984,0.08799999999999991,20.727454636336198,19.050969334867833,2.3553925723109357,2.164882878962256,False,12.175904990939271,0.2321522761151244,16.818363553496667
FBNC,First Bancorp (Southern Pines NC),Financials,Regional Banks,66.12000274658203,2735663606.157692,3.77,5.3836742424242425,7.688049959825528,0.42803030303030304,0.428030303030303,12.281575698905682,8.600360701620955,0.28693238800983184,0.20092878099362235,False,12.175904990939271,0.2321522761151244,16.818363553496667
FBP,First BanCorp (Puerto Rico),Financials,Regional Banks,29.540000915527344,4509820776.491974,2.32,2.957362637362637,3.7698249003743505,0.27472527472527475,0.27472527472527464,9.9886299171856,7.83590795227491,0.3635861289855558,0.2852270494628068,False,12.175904990939271,0.2321522761151244,16.818363553496667
FBRT,"Franklin BSP Realty Trust, Inc.",Real Estate,Mortgage REITs,8.029999732971191,666854668.3044815,0.5,0.3378378378378378,0.22826880934989038,-0.32432432432432445,-0.32432432432432434,23.768799209594732,35.1778228302002,,,False,24.37544947652672,0.18871373771277855,37.44019231073693
FCF,"First Commonwealth Financial, Corp.",Financials,Regional Banks,21.51000022888184,2173712969.879866,1.52,1.6988235294117648,1.8986851211072666,0.1176470588235295,0.11764705882352942,12.661703735837646,11.32889281627579,1.0762448175461992,0.9629558893834421,False,12.175904990939271,0.2321522761151244,16.818363553496667
FCFS,FirstCash,Financials,Consumer Finance,216.2400054931641,9378718270.248417,7.75,10.463850174216027,14.128020705605262,0.35017421602787446,0.35017421602787446,20.665434031729646,15.305753721564926,0.590147220607603,0.43708968339195375,False,12.175904990939271,0.2321522761151244,16.818363553496667
FCN,FTI Consulting,Industrials,Research & Consulting Services,149.82000732421875,4136766368.7332153,8.62,9.105931372549016,9.619255935217218,0.056372549019607476,0.05637254901960766,16.453013008188282,15.57500999383021,2.9186214379742883,2.7628713380359766,False,26.16367280461197,0.1419973073572504,33.292022761598915
FCPT,"Four Corners Property Trust, Inc.",Real Estate,Other Specialized REITs,25.06999969482422,2751593064.925003,1.11,1.162358490566038,1.2171867212531153,0.04716981132075488,0.04716981132075476,21.568216602965396,20.596675314543532,4.5724619198286485,4.366495166683224,False,24.37544947652672,0.18871373771277855,37.44019231073693
FCX,Freeport-McMoRan,Materials,Copper,68.37999725341797,98194874278.60008,2.28,3.4200000000000004,5.130000000000001,0.5000000000000003,0.5000000000000001,19.994151243689462,13.329434162459641,0.39988302487378896,0.26658868324919277,False,19.867320548497293,0.18077595481441627,23.483754427797003
FDS,FactSet,Financials,Financial Exchanges & Data,276.760009765625,9843120027.999756,15.02,14.658895386614684,14.306472300646691,-0.024041585445094212,-0.02404158544509416,18.88000442504964,19.3450910853205,,,False,12.175904990939271,0.2321522761151244,16.818363553496667
FDX,FedEx,Industrials,Air Freight & Logistics,331.489990234375,78424295699.75684,15.67,18.46232330827068,21.75222603312794,0.1781954887218047,0.1781954887218047,17.954944494221667,15.239359398414049,1.0075981509415524,0.8552045569574118,False,26.16367280461197,0.1419973073572504,33.292022761598915
FDXF,FedEx Freight,Industrials,Cargo Ground Transportation,143.82000732421875,21503698983.163517,4.38,2.19,1.095,-0.5,-0.5,65.67123622110445,131.3424724422089,,,False,26.16367280461197,0.1419973073572504,33.292022761598915
FE,FirstEnergy,Utilities,Electric Utilities,47.41999816894531,27429205259.36089,2.54,3.3255670103092783,4.354092889786375,0.3092783505154639,0.309278350515464,14.259221967845791,10.890901817960959,0.4610481769603473,0.3521391587807376,False,22.02248481825099,-0.002881844380403428,27.042817602825924
FELE,Franklin Electric,Industrials,Industrial Machinery & Supplies & Components,104.0199966430664,4595835624.323181,3.12,2.232660550458716,1.597683696658531,-0.28440366972477055,-0.2844036697247705,46.5901530000585,65.10675226931251,,,False,26.16367280461197,0.1419973073572504,33.292022761598915
FERG,Ferguson Enterprises,Industrials,Building Products,244.97999572753903,47392045784.140816,11.67,17.505,26.2575,0.49999999999999994,0.5000000000000001,13.994858367754302,9.329905578502867,0.2798971673550861,0.1865981115700573,False,26.16367280461197,0.1419973073572504,33.292022761598915
FFBC,First Financial Bancorp,Financials,Regional Banks,34.16999816894531,3586788487.5961304,2.92,3.7727433628318576,4.874517973216381,0.2920353982300883,0.2920353982300882,9.057069321380233,7.009923515862785,0.3101360100957476,0.24003677493711986,False,12.175904990939271,0.2321522761151244,16.818363553496667
FFIN,First Financial Bankshares,Financials,Regional Banks,34.86000061035156,4996396981.500168,1.83,2.1467307692307696,2.5182803254437873,0.1730769230769232,0.17307692307692307,16.23864580971317,13.842780034509586,0.9382328690056491,0.7998050686605539,False,12.175904990939271,0.2321522761151244,16.818363553496667
FFIV,"F5, Inc.",Information Technology,Communications Equipment,395.5400085449219,22398316052.154846,12.55,16.17068788501027,20.835947942184692,0.28850102669404537,0.2885010266940452,24.46030814258528,18.983537952890888,0.8478412857963717,0.6580059062674635,False,32.824054964173854,0.16017875776961116,46.8792043447928
FG,"F&G Annuities & Life, Inc.",Financials,Life & Health Insurance,26.5,3469783038.5,2.27,2.3966976744186046,2.5304668469442944,0.05581395348837206,0.055813953488372176,11.056880591511577,10.472375890638716,1.981024439312492,1.8763006804061007,False,12.175904990939271,0.2321522761151244,16.818363553496667
FHB,"First Hawaiian, Inc.",Financials,Regional Banks,27.520000457763672,3348651103.380974,2.32,2.9094054054054053,3.6485516435354275,0.25405405405405407,0.2540540540540542,9.458977565187054,7.542719179136227,0.3723214573531074,0.296894265561745,False,12.175904990939271,0.2321522761151244,16.818363553496667
FHI,Federated Hermes,Financials,Asset Management & Custody Banks,64.1500015258789,4637852660.316467,5.15,7.725,11.587499999999999,0.49999999999999983,0.4999999999999999,8.304207317265877,5.536138211510586,0.1660841463453176,0.11072276423021175,False,12.175904990939271,0.2321522761151244,16.818363553496667
FHN,First Horizon,Financials,Regional Banks,26.020000457763672,12327681868.037971,2.02,2.757027027027027,3.7629693206720236,0.3648648648648649,0.36486486486486486,9.43770235209544,6.914752218366956,0.25866295335372685,0.1895154311700573,False,12.175904990939271,0.2321522761151244,16.818363553496667
FIBK,"First Interstate BancSystem, Inc.",Financials,Regional Banks,38.88999938964844,3706396108.060684,2.86,3.75211009174312,4.922493056140056,0.3119266055045874,0.3119266055045872,10.364834303564182,7.900468105513957,0.3322843938495573,0.253279712794418,False,12.175904990939271,0.2321522761151244,16.818363553496667
FICO,Fair Isaac,Information Technology,Application Software,1064.4100341796875,22988739408.55041,35.6,53.400000000000006,80.10000000000001,0.5000000000000001,0.5,19.932772175649575,13.288514783766384,0.39865544351299137,0.2657702956753277,False,32.824054964173854,0.16017875776961116,46.8792043447928
FIS,Fidelity National Information Services,Financials,Transaction & Payment Processing Services,41.16999816894531,21231611658.604263,4.63,6.945,10.4175,0.5000000000000001,0.5,5.928005495888454,3.9520036639256357,0.11856010991776904,0.07904007327851272,False,12.175904990939271,0.2321522761151244,16.818363553496667
FISV,Fiserv,Financials,Transaction & Payment Processing Services,52.209999084472656,27763540016.563023,5.5600000000000005,5.877110266159697,6.212306669172609,0.05703422053231951,0.05703422053231961,8.883617410600063,8.404285535927396,1.5575942526585411,1.4735513972992647,False,12.175904990939271,0.2321522761151244,16.818363553496667
FITB,Fifth Third Bancorp,Financials,Regional Banks,57.59999847412109,52237010302.59176,2.77,2.557633333333333,2.361548111111111,-0.0766666666666668,-0.0766666666666666,22.520819432335006,24.39077916859387,,,False,12.175904990939271,0.2321522761151244,16.818363553496667
FIVE,Five Below,Consumer Discretionary,Specialty Stores,238.5599975585937,13191258799.561584,4.39,4.19871459694989,4.015764069849678,-0.04357298474945546,-0.04357298474945515,56.817388286380066,59.405879780064794,,,False,17.12461478795241,0.09201273225257235,23.63279043999208
FIVN,"Five9, Inc.",Information Technology,Application Software,31.850000381469727,2379944490.854765,0.69,1.035,1.5524999999999998,0.5,0.4999999999999999,30.772947228473168,20.515298152315445,0.6154589445694634,0.410305963046309,False,32.824054964173854,0.16017875776961116,46.8792043447928
FIX,Comfort Systems USA,Industrials,Construction & Engineering,1881.1800537109373,66206869718.5404,37.82,56.73,85.095,0.4999999999999999,0.5000000000000001,33.160233627903004,22.106822418602,0.6632046725580603,0.44213644837203986,False,26.16367280461197,0.1419973073572504,33.292022761598915
FIZZ,National Beverage Corp.,Consumer Staples,Soft Drinks & Non-alcoholic Beverages,31.030000686645508,2904783589.3383293,1.95,1.9108040201005023,1.8723958990934573,-0.02010050251256289,-0.020100502512562696,16.239237703201727,16.57235027147253,,,False,21.581219732454,0.027309224733112505,30.262301818219143
FLEX,Flex Ltd.,Information Technology,Electronic Manufacturing Services,130.0,48022387140.0,2.42,2.762452830188679,3.153365966536133,0.141509433962264,0.14150943396226398,47.05962707465338,41.2257890075476,3.3255469799421755,2.9132890898667005,False,32.824054964173854,0.16017875776961116,46.8792043447928
FLG,Flagstar Bank,Financials,Regional Banks,14.0,5811299704.0,-0.21,-0.21,,0.0,,,,,,False,12.175904990939271,0.2321522761151244,16.818363553496667
FLO,Flowers Foods,Consumer Staples,Packaged Foods & Meats,7.309999942779541,1549670499.16965,0.92,1.1285333333333336,1.3843342222222228,0.2266666666666669,0.22666666666666688,6.477433786725726,5.280516673961189,0.2857691376496641,0.23296397091005222,False,21.581219732454,0.027309224733112505,30.262301818219143
FLR,Fluor,Industrials,Construction & Engineering,54.7400016784668,7320986232.05994,12.4,18.6,27.900000000000002,0.5000000000000001,0.5,2.9430108429283224,1.9620072286188814,0.05886021685856643,0.03924014457237763,False,26.16367280461197,0.1419973073572504,33.292022761598915
FLS,Flowserve,Industrials,Industrial Machinery & Supplies & Components,80.97000122070312,10292321951.766968,3.7,5.550000000000001,8.325000000000001,0.5000000000000001,0.5,14.589189409135697,9.726126272757131,0.29178378818271383,0.19452252545514262,False,26.16367280461197,0.1419973073572504,33.292022761598915
FMC,FMC Corporation,Materials,Fertilizers & Agricultural Chemicals,10.18000030517578,1274809259.2361982,-22.0,-11.0,-5.5,0.5,0.5,,,,,False,19.867320548497293,0.18077595481441627,23.483754427797003
FN,Fabrinet,Information Technology,Electronic Manufacturing Services,598.5800170898438,21446966381.52466,11.47,15.28001161440186,20.35560199967356,0.3321718931475029,0.3321718931475031,39.17405511169013,29.40615645262877,1.1793308199708112,0.8852692554445228,False,32.824054964173854,0.16017875776961116,46.8792043447928
FNB,FNB Corporation,Financials,Regional Banks,19.39999961853028,6848218722.140817,1.5699999999999998,1.9257031249999996,2.3619952392578116,0.2265624999999999,0.22656249999999978,10.074242164679607,8.21339488585344,0.444656205889307,0.36252225703077284,False,12.175904990939271,0.2321522761151244,16.818363553496667
FND,Floor & Decor,Consumer Discretionary,Home Improvement Retail,56.619998931884766,6029461704.556446,2.37,2.940785340314136,3.649037307091362,0.2408376963350784,0.24083769633507837,19.25336003131619,15.516420953507986,0.7994329926046511,0.6442687830695711,False,17.12461478795241,0.09201273225257235,23.63279043999208
FNF,Fidelity National Financial,Financials,Property & Casualty Insurance,49.130001068115234,13176313876.970844,4.33,5.681484848484848,7.454796786042239,0.31212121212121197,0.312121212121212,8.647387501388364,6.590387703136629,0.2770522209182681,0.21114834388690176,False,12.175904990939271,0.2321522761151244,16.818363553496667
FORM,"FormFactor, Inc.",Information Technology,Semiconductor Materials & Equipment,138.16000366210938,10793159652.08664,1.29,1.935,2.9025,0.5,0.4999999999999999,71.40051868842862,47.60034579228575,1.4280103737685723,0.9520069158457153,False,32.824054964173854,0.16017875776961116,46.8792043447928
FOUR,Shift4,Financials,Transaction & Payment Processing Services,44.34999847412109,3501881201.516418,,,,,,,,,,False,12.175904990939271,0.2321522761151244,16.818363553496667
FOX,Fox Corporation (Class B),Communication Services,Broadcasting,61.4900016784668,61.4900016784668,2.97,2.090260663507109,1.4711076233687477,-0.29620853080568726,-0.29620853080568704,29.417384516674023,41.79843860618328,,,False,16.09388154288399,0.09932629665828746,22.61772188630623
FOXA,Fox Corporation (Class A),Communication Services,Broadcasting,69.19000244140625,69.19000244140625,2.97,2.090260663507109,1.4711076233687477,-0.29620853080568726,-0.29620853080568704,33.1011359728298,47.03259050684906,,,False,16.09388154288399,0.09932629665828746,22.61772188630623
FOXF,Fox Factory,Consumer Discretionary,Automotive Parts & Equipment,20.549999237060547,863737038.4828911,-0.2099999999999999,-0.2099999999999999,,0.0,,,,,,False,17.12461478795241,0.09201273225257235,23.63279043999208
FR,First Industrial Realty Trust,Real Estate,Industrial REITs,62.900001525878906,8338838505.690262,2.57,3.2697524752475244,4.160031614547593,0.27227722772277224,0.27227722772277235,19.236930624578026,15.120077767178058,0.7065199974845021,0.5553192198127213,False,24.37544947652672,0.18871373771277855,37.44019231073693
FRPT,Freshpet,Consumer Staples,Packaged Foods & Meats,72.6500015258789,3491419149.4308014,3.49,5.235,7.852500000000001,0.5,0.5000000000000001,13.87774623225958,9.251830821506386,0.2775549246451916,0.18503661643012767,False,21.581219732454,0.027309224733112505,30.262301818219143
FRT,Federal Realty Investment Trust,Real Estate,Retail REITs,118.0199966430664,10195652739.937202,5.0,7.462686567164178,11.138338159946533,0.4925373134328357,0.49253731343283563,15.814679550170899,10.595835298614505,0.3210859181398335,0.21512756515368853,False,24.37544947652672,0.18871373771277855,37.44019231073693
FSLR,First Solar,Information Technology,Semiconductors,217.8500061035156,23412293971.743526,14.56,20.561939864209503,29.038006248582963,0.4122211445198834,0.41222114451988356,10.594817781891747,7.5022370419851585,0.2570178148971858,0.18199544447733412,False,32.824054964173854,0.16017875776961116,46.8792043447928
FSS,Federal Signal Corporation,Industrials,Construction Machinery & Heavy Transportation Equipment,126.13999938964844,7699788774.283157,4.81,6.706115942028984,9.349686284394032,0.3942028985507245,0.3942028985507245,18.809695579388368,13.491361694155898,0.4771577187418375,0.3422441018002785,False,26.16367280461197,0.1419973073572504,33.292022761598915
FTDR,"Frontdoor, Inc.",Consumer Discretionary,Specialized Consumer Services,83.75,5769815215.0,5.23,7.844999999999999,11.767499999999998,0.49999999999999967,0.5,10.675589547482474,7.11705969832165,0.21351179094964964,0.142341193966433,False,17.12461478795241,0.09201273225257235,23.63279043999208
FTI,TechnipFMC,Energy,Oil & Gas Equipment & Services,79.80999755859375,31298638848.84741,2.93,4.3950000000000005,6.592500000000001,0.5000000000000001,0.5000000000000001,18.15927134438993,12.106180896259952,0.3631854268877985,0.24212361792519896,False,18.15927134438993,0.0,31.84763181292061
FTNT,Fortinet,Information Technology,Systems Software,155.85000610351562,114349277298.28276,2.73,3.482663551401869,4.442837147349113,0.2757009345794392,0.2757009345794392,44.75023320607058,35.0789373849784,1.6231440518812044,1.27235467803142,False,32.824054964173854,0.16017875776961116,46.8792043447928
FTRE,Fortrea,Health Care,Biotechnology,18.100000381469727,1721310036.277771,-4.699999999999999,-4.699999999999999,,0.0,,,,,,False,26.111110051472984,0.13106796116504843,35.670037593695405
FTV,Fortive,Industrials,Industrial Machinery & Supplies & Components,60.63999938964844,18486772127.3676,1.67,1.2232017543859646,0.895941635887965,-0.267543859649123,-0.267543859649123,49.57481394399171,67.68297951634798,,,False,26.16367280461197,0.1419973073572504,33.292022761598915
FUL,H.B. Fuller Company,Materials,Specialty Chemicals,63.58000183105469,3419803689.867691,3.59,4.808992537313432,6.44189671975941,0.33955223880596996,0.33955223880597,13.221064773490786,9.869764232020977,0.389367621900608,0.2906699795803981,False,19.867320548497293,0.18077595481441627,23.483754427797003
FULT,Fulton Financial Corporation,Financials,Regional Banks,24.46999931335449,4671679225.519372,2.09,2.5694705882352937,3.1589373702422137,0.22941176470588226,0.2294117647058822,9.523362293148654,7.74627554945106,0.4151209204705826,0.33765816497607204,False,12.175904990939271,0.2321522761151244,16.818363553496667
FUN,Six Flags,Consumer Discretionary,Leisure Facilities,15.600000381469728,1596134506.2305758,-17.4,-17.4,,0.0,,,,,,False,17.12461478795241,0.09201273225257235,23.63279043999208
G,Genpact,Industrials,Data Processing & Outsourced Services,33.70000076293945,5662759644.100079,3.3,3.9172661870503593,4.649992236426685,0.18705035971223016,0.18705035971222997,8.602938670428989,7.247324092058362,0.4599263366113961,0.38745309569081293,False,26.16367280461197,0.1419973073572504,33.292022761598915
GAP,Gap Inc.,Consumer Discretionary,Apparel Retail,20.18000030517578,7264374977.796852,2.6,3.0044444444444447,3.471802469135803,0.1555555555555556,0.1555555555555556,6.716716077906139,5.812542759726466,0.4317888907225374,0.3736634631252727,False,17.12461478795241,0.09201273225257235,23.63279043999208
GATX,GATX,Industrials,Construction Machinery & Heavy Transportation Equipment,180.63999938964844,6376591978.45459,9.5,11.540920716112533,14.020300102694252,0.2148337595907929,0.21483375959079273,15.652130695036572,12.884174951072211,0.7285694168761069,0.5997276673653854,False,26.16367280461197,0.1419973073572504,33.292022761598915
GBCI,Glacier Bancorp,Financials,Regional Banks,49.61000061035156,6459815067.805069,2.4,3.096774193548387,3.995837669094693,0.2903225806451613,0.29032258064516125,16.019896030426025,12.41541942358017,0.5517964188257852,0.4276422245899837,False,12.175904990939271,0.2321522761151244,16.818363553496667
GBX,"The Greenbrier Companies, Inc.",Industrials,Construction Machinery & Heavy Transportation Equipment,45.77999877929688,1416418787.3118289,4.07,3.084711359404097,2.3379469707215415,-0.24208566108007445,-0.24208566108007434,14.8409343518418,19.581281933511168,,,False,26.16367280461197,0.1419973073572504,33.292022761598915
GD,General Dynamics,Industrials,Aerospace & Defense,391.1400146484375,105776067304.5597,10.99,13.647468926553673,16.947534859076256,0.24180790960451978,0.2418079096045198,28.6602605034991,23.07946364476497,1.1852490909157336,0.954454454468084,False,26.16367280461197,0.1419973073572504,33.292022761598915
GDDY,GoDaddy,Information Technology,Internet Services & Infrastructure,92.37000274658205,11698448766.32831,6.35,9.525,14.287500000000001,0.5000000000000001,0.5000000000000001,9.697638083630661,6.465092055753773,0.19395276167261316,0.12930184111507542,False,32.824054964173854,0.16017875776961116,46.8792043447928
GE,GE Aerospace,Industrials,Aerospace & Defense,369.4299926757813,383306711578.2553,7.979999999999999,9.903639191290823,12.290986119206963,0.2410575427682738,0.24105754276827374,37.302448679739356,30.056985590316298,1.5474499678111224,1.24688011190796,False,26.16367280461197,0.1419973073572504,33.292022761598915
GEF,"Greif, Inc.",Materials,"Metal, Glass & Plastic Containers",87.36000061035156,,,,,,,,,,,False,19.867320548497293,0.18077595481441627,23.483754427797003
GEHC,GE HealthCare,Health Care,Health Care Equipment,72.37000274658203,32920519802.21761,4.12,4.741452513966481,5.4566436752910334,0.15083798882681568,0.1508379888268156,15.263255834242369,13.262732011307689,1.011897331233105,0.8792700111200286,False,26.111110051472984,0.13106796116504843,35.670037593695405
GEN,Gen Digital,Information Technology,Systems Software,27.40999984741211,16407270455.782867,1.1,1.1747572815533982,1.2545951550570271,0.06796116504854373,0.06796116504854362,23.33247920895411,21.847685077475212,3.4332076550318167,3.2147308042570706,False,32.824054964173854,0.16017875776961116,46.8792043447928
GEO,"GEO Group, Inc.",Industrials,Environmental & Facilities Services,31.14999961853028,4099949991.3911138,2.1,3.1500000000000004,4.7250000000000005,0.5000000000000001,0.5,9.888888767787389,6.59259251185826,0.19777777535574773,0.1318518502371652,False,26.16367280461197,0.1419973073572504,33.292022761598915
GEV,GE Vernova,Industrials,Heavy Electrical Equipment,1079.0,287373933899.0,23.41,35.115,52.6725,0.5000000000000001,0.4999999999999999,30.72760928378186,20.485072855854572,0.614552185675637,0.40970145711709155,False,26.16367280461197,0.1419973073572504,33.292022761598915
GFF,Griffon Corporation,Industrials,Building Products,102.18000030517578,4628214094.70285,0.3199999999999999,0.1599999999999999,0.07999999999999995,-0.5000000000000002,-0.5,638.6250019073491,1277.2500038146982,,,True,26.16367280461197,0.1419973073572504,33.292022761598915
GGG,Graco Inc.,Industrials,Industrial Machinery & Supplies & Components,81.55000305175781,13207334841.443848,3.15,3.4097938144329896,3.6910139228398338,0.0824742268041237,0.08247422680412363,23.916403011399872,22.09420087719798,2.8998638651322346,2.6789218563602577,False,26.16367280461197,0.1419973073572504,33.292022761598915
GHC,Graham Holdings,Consumer Discretionary,Education Services,1165.2900390625,5059689349.609375,106.57,159.855,239.78249999999997,0.5,0.4999999999999999,7.2896690066779275,4.859779337785286,0.14579338013355855,0.09719558675570573,False,17.12461478795241,0.09201273225257235,23.63279043999208
GIII,"G-III Apparel Group, Ltd.",Consumer Discretionary,"Apparel, Accessories & Luxury Goods",33.77000045776367,1424775669.5233116,3.76,2.3800673400673404,1.5065746125678787,-0.3670033670033669,-0.36700336700336705,14.188674366166547,22.415086631656727,,,False,17.12461478795241,0.09201273225257235,23.63279043999208
GILD,Gilead Sciences,Health Care,Biotechnology,138.9199981689453,172254567862.17432,-2.8499999999999988,-2.8499999999999988,,0.0,,,,,,False,26.111110051472984,0.13106796116504843,35.670037593695405
GIS,General Mills,Consumer Staples,Packaged Foods & Meats,37.97999954223633,20270244635.767685,-0.1799999999999999,-0.0899999999999999,-0.04499999999999995,0.5000000000000003,0.5,,,,,False,21.581219732454,0.027309224733112505,30.262301818219143
GKOS,Glaukos Corp.,Health Care,Health Care Equipment,185.6199951171875,10948598097.932495,-1.27,-1.27,,0.0,,,,,,False,26.111110051472984,0.13106796116504843,35.670037593695405
GL,Globe Life,Financials,Life & Health Insurance,179.41000366210938,13787559567.70108,14.82,18.37928033472804,22.79338364524432,0.24016736401673686,0.24016736401673663,9.761535837891888,7.871143944858842,0.40644722391222243,0.3277357844636344,False,12.175904990939271,0.2321522761151244,16.818363553496667
GLPI,Gaming and Leisure Properties,Real Estate,Other Specialized REITs,42.25,12291371816.75,3.01,3.380634328358208,3.7969064658052996,0.12313432835820867,0.12313432835820863,12.497654551274273,11.127479799805668,1.014961036285307,0.9036862382872505,False,24.37544947652672,0.18871373771277855,37.44019231073693
GLW,Corning Inc.,Information Technology,Electronic Components,173.2100067138672,149071083446.45807,1.65,2.475,3.7125000000000004,0.5000000000000001,0.5000000000000001,69.983841096512,46.655894064341325,1.3996768219302396,0.9331178812868263,False,32.824054964173854,0.16017875776961116,46.8792043447928
GM,General Motors,Consumer Discretionary,Automobile Manufacturers,84.37000274658203,74030588924.16263,7.49,5.035915619389587,3.385907359894794,-0.3276481149012568,-0.3276481149012567,16.753656955993375,24.91798911745877,,,False,17.12461478795241,0.09201273225257235,23.63279043999208
GME,GameStop,Consumer Discretionary,Computer & Electronics Retail,18.39999961853028,8255918957.637871,1.19,1.19,,0.0,,15.462184553386791,,,,False,17.12461478795241,0.09201273225257235,23.63279043999208
GMED,Globus Medical,Health Care,Health Care Equipment,85.12000274658203,11428374488.44136,4.37,6.555,9.8325,0.4999999999999999,0.5,12.985507665382462,8.657005110254975,0.2597101533076493,0.17314010220509948,False,26.111110051472984,0.13106796116504843,35.670037593695405
GNL,"Global Net Lease, Inc.",Real Estate,Diversified REITs,8.8100004196167,1858294269.5097923,-0.6,-0.6,,0.0,,,,,,False,24.37544947652672,0.18871373771277855,37.44019231073693
GNRC,Generac,Industrials,Heavy Electrical Equipment,221.25,13055157371.25,6.01,9.015,13.5225,0.5000000000000001,0.5,24.542429284525788,16.361619523017193,0.49084858569051565,0.32723239046034386,False,26.16367280461197,0.1419973073572504,33.292022761598915
GNTX,Gentex,Consumer Discretionary,Automotive Parts & Equipment,23.809999465942383,5016369998.592962,1.89,2.088947368421053,2.3088365650969536,0.10526315789473703,0.10526315789473702,11.398084904331197,10.312553008680606,1.082818065911462,0.979692535824656,False,17.12461478795241,0.09201273225257235,23.63279043999208
GNW,"Genworth Financial, Inc.",Financials,Multi-line Insurance,10.09000015258789,3812517020.9854927,0.64,0.512,0.4096,-0.2,-0.19999999999999998,19.707031548023224,24.63378943502903,,,False,12.175904990939271,0.2321522761151244,16.818363553496667
GO,Grocery Outlet,Consumer Staples,Food Retail,11.489999771118164,1138480790.4013596,-1.6,-0.8,-0.4,0.5,0.5,,,,,False,21.581219732454,0.027309224733112505,30.262301818219143
GOLF,Acushnet Company,Consumer Discretionary,Leisure Products,90.66000366210938,5295001502.925659,5.5,6.086519114688128,6.735584533357083,0.10663983903420515,0.10663983903420515,14.895213824815988,13.459856856242812,1.3967775982893493,1.2621790297269213,False,17.12461478795241,0.09201273225257235,23.63279043999208
GOOG,Alphabet Inc. (Class C),Communication Services,Interactive Media & Services,341.45001220703125,4175933649291.992,19.4,29.1,43.650000000000006,0.5000000000000002,0.5000000000000001,11.733677395430627,7.8224515969537505,0.23467354790861245,0.15644903193907497,False,16.09388154288399,0.09932629665828746,22.61772188630623
GOOGL,Alphabet Inc. (Class A),Communication Services,Interactive Media & Services,344.0,4207120000000.0,19.4,29.1,43.650000000000006,0.5000000000000002,0.5000000000000001,11.821305841924397,7.880870561282931,0.23642611683848785,0.1576174112256586,False,16.09388154288399,0.09932629665828746,22.61772188630623
GPC,Genuine Parts Company,Consumer Discretionary,Distributors,132.52000427246094,18269175719.16043,6.470000000000001,6.058017366136036,5.672268069305376,-0.0636758321273516,-0.06367583212735166,21.875144335709575,23.362789390997396,,,False,17.12461478795241,0.09201273225257235,23.63279043999208
GPI,"Group 1 Automotive, Inc.",Consumer Discretionary,Automotive Retail,259.67999267578125,3095963300.679016,31.31,24.925403000254263,19.842724839510833,-0.20391558606661564,-0.20391558606661575,10.418286624016963,13.086911942593009,,,False,17.12461478795241,0.09201273225257235,23.63279043999208
GPK,Graphic Packaging,Materials,Paper & Plastic Packaging Products & Materials,11.0,3256787303.0,0.76,0.38,0.19,-0.5,-0.5,28.94736842105263,57.89473684210526,,,False,19.867320548497293,0.18077595481441627,23.483754427797003
GPN,Global Payments,Financials,Transaction & Payment Processing Services,90.37999725341795,23916209361.40388,-2.91,-1.4549999999999998,-0.7274999999999999,0.5000000000000001,0.5,,,,,False,12.175904990939271,0.2321522761151244,16.818363553496667
GPOR,Gulfport Energy Corporation,Energy,Oil & Gas Exploration & Production,169.60000610351562,2999183781.5337524,27.29,27.29,,0.0,,6.214730894229228,,,,False,18.15927134438993,0.0,31.84763181292061
GRBK,"Green Brick Partners, Inc.",Consumer Discretionary,Homebuilding,70.87999725341797,3048598014.347595,6.71,5.779730423620026,4.9784327525661585,-0.13863928112965335,-0.1386392811296534,12.263547269220838,14.23741180733686,,,False,17.12461478795241,0.09201273225257235,23.63279043999208
GRMN,Garmin,Consumer Discretionary,Consumer Electronics,307.5,59303283345.0,7.96,9.90025,12.3134359375,0.24374999999999997,0.24375,31.059821721673696,24.97272098225021,1.274249096273793,1.0245218864512906,False,17.12461478795241,0.09201273225257235,23.63279043999208
GS,Goldman Sachs,Financials,Investment Banking & Brokerage,1051.31005859375,306111430005.3047,61.69,89.08371020599252,128.6417154168464,0.44405430711610505,0.44405430711610494,11.801372620906287,8.172388367079211,0.26576417415135284,0.1840402904805608,False,12.175904990939271,0.2321522761151244,16.818363553496667
GSHD,"Goosehead Insurance, Inc.",Financials,Insurance Brokers,64.4000015258789,1361885443.8682022,0.85,1.0034722222222223,1.1846547067901236,0.1805555555555557,0.1805555555555556,64.17716415035683,54.361833162655195,3.5544275529428373,3.0108092213162867,False,12.175904990939271,0.2321522761151244,16.818363553496667
GT,Goodyear Tire and Rubber Company,Consumer Discretionary,Tires & Rubber,6.050000190734863,1741787413.7623262,-8.32,-4.16,-2.08,0.5,0.5,,,,,False,17.12461478795241,0.09201273225257235,23.63279043999208
GTES,Gates Corporation,Industrials,Industrial Machinery & Supplies & Components,28.13999938964844,7123673769.288789,1.4300000000000002,2.1450000000000005,3.2175000000000007,0.5000000000000001,0.5,13.118880834334934,8.74592055622329,0.2623776166866986,0.1749184111244658,False,26.16367280461197,0.1419973073572504,33.292022761598915
GTM,ZoomInfo,Communication Services,Interactive Media & Services,3.759999990463257,1094573770.1837585,-1.9,-0.95,-0.475,0.5,0.5,,,,,False,16.09388154288399,0.09932629665828746,22.61772188630623
GTY,Getty Realty Corp.,Real Estate,Retail REITs,33.06999969482422,2048114337.02964,1.43,1.8258035714285712,2.3311599170918362,0.2767857142857142,0.2767857142857142,18.112572574797365,14.186070827813321,0.6543897188313889,0.5125290105532556,False,24.37544947652672,0.18871373771277855,37.44019231073693
GVA,"Granite Construction, Inc.",Industrials,Construction & Engineering,128.02000427246094,5602732757.182159,-3.92,-1.96,-0.98,0.5,0.5,,,,,False,26.16367280461197,0.1419973073572504,33.292022761598915
GWRE,Guidewire Software,Information Technology,Application Software,171.99000549316406,14319262501.700869,1.79,1.79,,0.0,,96.0838019514883,,,,False,32.824054964173854,0.16017875776961116,46.8792043447928
GWW,W. W. Grainger,Industrials,Industrial Machinery & Supplies & Components,1317.6800537109375,62063971784.39575,39.75,40.66038342768914,41.59161711916221,0.02290272774060731,0.02290272774060736,32.406975602045506,31.681385456490275,14.149832268488632,13.833018413923698,False,26.16367280461197,0.1419973073572504,33.292022761598915
GXO,GXO Logistics,Industrials,Air Freight & Logistics,47.31999969482422,5426874243.281044,0.99,0.99,,0.0,,47.797979489721435,,,,False,26.16367280461197,0.1419973073572504,33.292022761598915
H,Hyatt,Consumer Discretionary,"Hotels, Resorts & Cruise Lines",181.6000061035156,17566533243.20532,1.0,0.4999999999999999,0.24999999999999994,-0.5000000000000001,-0.5,363.20001220703125,726.4000244140625,,,True,17.12461478795241,0.09201273225257235,23.63279043999208
HAE,Haemonetics,Health Care,Health Care Supplies,90.2699966430664,4107018641.039421,3.18,3.677236363636363,4.252222413223139,0.1563636363636361,0.15636363636363615,24.54832589379699,21.228898178598026,1.5699510746032985,1.3576620928173175,False,26.111110051472984,0.13106796116504843,35.670037593695405
HAFC,Hanmi Financial Corporation,Financials,Regional Banks,32.20000076293945,954706033.6205864,2.77,3.742878048780488,5.057449851279001,0.35121951219512193,0.3512195121951221,8.603005586417897,6.366845289587252,0.2449466868355096,0.18127823393963693,False,12.175904990939271,0.2321522761151244,16.818363553496667
HAL,Halliburton,Energy,Oil & Gas Equipment & Services,34.72999954223633,28934617264.533184,1.76,1.3070042194092826,0.9706022895191295,-0.2573839662447258,-0.25738396624472587,26.572216850174364,35.781905644837074,,,False,18.15927134438993,0.0,31.84763181292061
HALO,Halozyme,Health Care,Biotechnology,103.0,11690294000.0,5.88,8.82,13.23,0.5000000000000001,0.5,11.678004535147393,7.785336356764928,0.23356009070294778,0.15570672713529857,False,26.111110051472984,0.13106796116504843,35.670037593695405
HAS,Hasbro,Consumer Discretionary,Leisure Products,95.0500030517578,13406277018.783552,-1.95,-0.975,-0.4875,0.5,0.5,,,,,False,17.12461478795241,0.09201273225257235,23.63279043999208
HASI,"Hannon Armstrong Sustainable Infrastructure Capital, Inc.",Financials,Specialized Finance,42.130001068115234,5413527769.948311,1.7000000000000002,1.952702702702703,2.242969320672024,0.14864864864864874,0.14864864864864877,21.575225460488074,18.78313745971903,1.451424258251015,1.2635928836538246,False,12.175904990939271,0.2321522761151244,16.818363553496667
HAYW,"Hayward Holdings, Inc.",Industrials,Electrical Components & Equipment,14.760000228881836,3202373811.578888,0.48,0.698181818181818,1.0155371900826442,0.45454545454545425,0.4545454545454543,21.14062532782555,14.534179912880068,0.4650937572121624,0.31975195808336165,False,26.16367280461197,0.1419973073572504,33.292022761598915
HBAN,Huntington Bancshares,Financials,Regional Banks,17.950000762939453,36386995583.22791,1.34,1.4480645161290326,1.5648439125910516,0.0806451612903228,0.08064516129032272,12.39585706507291,11.47079310499284,1.5370862760690367,1.4223783450191096,False,12.175904990939271,0.2321522761151244,16.818363553496667
HCA,HCA Healthcare,Health Care,Health Care Facilities,404.9800109863281,89840684641.20483,27.39,37.04751111111111,50.11018910288066,0.3525925925925926,0.35259259259259257,10.931368905504382,8.081789716555814,0.31002831979896883,0.2292104226334107,False,26.111110051472984,0.13106796116504843,35.670037593695405
HCC,"Warrior Met Coal, Inc.",Materials,Steel,98.62999725341795,5207869695.784736,3.83,3.1819739696312364,2.643592256765214,-0.1691973969631237,-0.16919739696312358,30.99648149065416,37.30908085428607,,,False,19.867320548497293,0.18077595481441627,23.483754427797003
HCI,"HCI Group, Inc.",Financials,Property & Casualty Insurance,182.6499938964844,2271958981.6291814,23.2,34.8,52.199999999999996,0.49999999999999994,0.5,5.2485630430024255,3.499042028668284,0.10497126086004853,0.06998084057336568,False,12.175904990939271,0.2321522761151244,16.818363553496667
HCSG,"Healthcare Services Group, Inc.",Industrials,Environmental & Facilities Services,21.59000015258789,1481769251.652443,0.84,1.1567213114754098,1.5928621338349904,0.3770491803278689,0.37704918032786877,18.664824394952685,13.554217715382308,0.4950236035183103,0.3594814263644874,False,26.16367280461197,0.1419973073572504,33.292022761598915
HD,Home Depot (The),Consumer Discretionary,Home Improvement Retail,337.8800048828125,336905789382.8938,14.95,14.226766390833864,13.53852053106087,-0.04837683004455752,-0.048376830044557624,23.74959956469831,24.956937067652873,,,False,17.12461478795241,0.09201273225257235,23.63279043999208
HE,"Hawaiian Electric Industries, Inc.",Utilities,Electric Utilities,11.8100004196167,2039917799.719555,1.22,1.22,,0.0,,9.680328212800573,,,,False,22.02248481825099,-0.002881844380403428,27.042817602825924
HFWA,Heritage Financial Corporation,Financials,Regional Banks,29.600000381469727,1211100532.4080467,1.81,2.520076923076923,3.5087224852071,0.39230769230769214,0.39230769230769214,11.74567336037076,8.436118988111597,0.29939951702905876,0.21503832714794277,False,12.175904990939271,0.2321522761151244,16.818363553496667
HGV,Hilton Grand Vacations,Consumer Discretionary,"Hotels, Resorts & Cruise Lines",44.91999816894531,3491368451.08284,1.47,2.205,3.3075,0.5000000000000001,0.5,20.37188125575751,13.581254170505007,0.40743762511515014,0.27162508341010017,False,17.12461478795241,0.09201273225257235,23.63279043999208
HIG,Hartford (The),Financials,Property & Casualty Insurance,136.7100067138672,37030913212.01865,14.93,22.395,33.5925,0.5,0.5000000000000001,6.1044879086343915,4.069658605756261,0.12208975817268783,0.08139317211512519,False,12.175904990939271,0.2321522761151244,16.818363553496667
HII,Huntington Ingalls Industries,Industrials,Aerospace & Defense,318.3399963378906,12544059583.016052,16.6,18.87397260273973,21.459448301745176,0.13698630136986317,0.1369863013698632,16.866613247689077,14.834491169654246,1.2312627670813012,1.0829178553847585,False,26.16367280461197,0.1419973073572504,33.292022761598915
HIMS,Hims & Hers Health,Health Care,Health Care Services,28.61000061035156,6582047524.778136,-0.54,-0.27,-0.135,0.5,0.5,,,,,False,26.111110051472984,0.13106796116504843,35.670037593695405
HIW,Highwoods Properties,Real Estate,Office REITs,30.65999984741211,3380960873.193722,1.49,1.8656302521008403,2.3359572064119765,0.25210084033613445,0.2521008403361344,16.434124507193555,13.12524037822841,0.6518869387853444,0.5206345350030605,False,24.37544947652672,0.18871373771277855,37.44019231073693
HL,Hecla Mining,Materials,Silver,18.81999969482422,12642681666.412544,0.38,0.5700000000000001,0.8550000000000001,0.5000000000000001,0.5,33.01754332425301,22.011695549502008,0.66035086648506,0.44023391099004017,False,19.867320548497293,0.18077595481441627,23.483754427797003
HLI,Houlihan Lokey,Financials,Investment Banking & Brokerage,125.22000122070312,73612581.23760986,5.9,6.82549019607843,7.896155324875046,0.15686274509803896,0.15686274509803916,18.345935254972307,15.858350813620131,1.1695533725044864,1.0109698643682838,False,12.175904990939271,0.2321522761151244,16.818363553496667
HLIT,Harmonic Inc.,Information Technology,Communications Equipment,13.43000030517578,1464762389.634437,0.1,0.15,0.22499999999999998,0.4999999999999999,0.4999999999999999,89.53333536783853,59.68889024522569,1.7906667073567712,1.1937778049045142,False,32.824054964173854,0.16017875776961116,46.8792043447928
HLNE,Hamilton Lane,Financials,Asset Management & Custody Banks,100.83999633789062,,3.98,5.637153024911031,7.98429503172452,0.4163701067615656,0.4163701067615657,17.888461762927243,12.629793355232552,0.4296288679814152,0.3033309344290896,False,12.175904990939271,0.2321522761151244,16.818363553496667
HLT,Hilton Worldwide,Consumer Discretionary,"Hotels, Resorts & Cruise Lines",326.1199951171875,73398167350.25024,7.38,10.23766917293233,14.201879416586577,0.3872180451127819,0.3872180451127818,31.854906581609963,22.96315758999526,0.8226606942435195,0.5930291183435671,False,17.12461478795241,0.09201273225257235,23.63279043999208
HLX,"Helix Energy Solutions Group, Inc.",Energy,Oil & Gas Equipment & Services,10.539999961853027,1553410985.7578058,0.19,0.1444,0.10974400000000004,-0.24000000000000002,-0.23999999999999974,72.9916894865168,96.04169669278525,,,False,18.15927134438993,0.0,31.84763181292061
HMN,Horace Mann Educators Corporation,Financials,Multi-line Insurance,51.29999923706055,2077704039.300148,4.12,6.18,9.27,0.4999999999999999,0.5,8.300970750333422,5.533980500222281,0.16601941500666847,0.11067961000444562,False,12.175904990939271,0.2321522761151244,16.818363553496667
HNI,HNI Corporation,Industrials,Office Services & Supplies,48.31999969482422,3487824553.971863,2.05,1.819264069264069,1.614498416446468,-0.11255411255411264,-0.11255411255411261,26.560190195132414,29.92879968329555,,,False,26.16367280461197,0.1419973073572504,33.292022761598915
HOG,Harley-Davidson,Consumer Discretionary,Motorcycle Manufacturers,27.030000686645508,2813079935.6709194,4.95,4.597091932457786,4.269344289993629,-0.07129455909943713,-0.07129455909943706,5.879804250987473,6.33118316318449,,,False,17.12461478795241,0.09201273225257235,23.63279043999208
HOMB,Home BancShares,Financials,Regional Banks,31.11000061035156,6223544111.400603,2.42,2.8021052631578947,3.244542936288089,0.15789473684210525,0.1578947368421054,11.102366859441766,9.588407742245161,0.7031499010979785,0.6072658236755264,False,12.175904990939271,0.2321522761151244,16.818363553496667
HON,Honeywell Technologies,Industrials,Industrial Conglomerates,229.4499969482422,72721884327.27585,21.8,32.7,49.050000000000004,0.5000000000000001,0.5,7.0168194785395155,4.677879652359677,0.14033638957079028,0.09355759304719355,False,26.16367280461197,0.1419973073572504,33.292022761598915
HONA,Honeywell Aerospace,Industrials,Aerospace & Defense,161.55999755859375,51206881477.18964,,,,,,,,,,False,26.16367280461197,0.1419973073572504,33.292022761598915
HOOD,Robinhood Markets,Financials,Investment Banking & Brokerage,96.25,22388708361.25,2.03,3.045,4.5675,0.5000000000000001,0.5,31.60919540229885,21.072796934865902,0.6321839080459769,0.42145593869731807,False,12.175904990939271,0.2321522761151244,16.818363553496667
HOPE,"Hope Bancorp, Inc.",Financials,Regional Banks,14.359999656677246,1834372721.103321,1.0,1.5,2.25,0.5,0.5,9.573333104451498,6.382222069634332,0.19146666208902996,0.12764444139268663,False,12.175904990939271,0.2321522761151244,16.818363553496667
HP,"Helmerich & Payne, Inc.",Energy,Oil & Gas Drilling,44.720001220703125,4469269742.395782,-2.47,-1.235,-0.6175,0.5,0.5,,,,,False,18.15927134438993,0.0,31.84763181292061
HPE,Hewlett Packard Enterprise,Information Technology,"Technology Hardware, Storage & Peripherals",57.61000061035156,76287365653.03969,0.14,0.07,0.035,-0.5,-0.5,823.000008719308,1646.000017438616,,,True,32.824054964173854,0.16017875776961116,46.8792043447928
HPQ,HP Inc.,Information Technology,"Technology Hardware, Storage & Peripherals",29.39999961853028,26886966737.137283,2.29,2.1231174089068827,1.9683963021849238,-0.07287449392712546,-0.07287449392712544,13.847561842407618,14.936016485042277,,,False,32.824054964173854,0.16017875776961116,46.8792043447928
HQY,HealthEquity,Health Care,Managed Health Care,102.33000183105467,8555008878.89012,2.7,4.050000000000001,6.075000000000001,0.5000000000000001,0.5,25.266667118778926,16.84444474585262,0.5053333423755784,0.3368888949170524,False,26.111110051472984,0.13106796116504843,35.670037593695405
HR,Healthcare Realty Trust,Real Estate,Health Care REITs,19.14999961853028,6563083273.262788,-0.75,-0.75,,0.0,,,,,,False,24.37544947652672,0.18871373771277855,37.44019231073693
HRB,H&R Block,Consumer Discretionary,Specialized Consumer Services,50.130001068115234,6179320801.522209,20.89,31.335,47.0025,0.5,0.4999999999999999,1.5998085549103314,1.0665390366068876,0.03199617109820663,0.02133078073213776,False,17.12461478795241,0.09201273225257235,23.63279043999208
HRL,Hormel Foods,Consumer Staples,Packaged Foods & Meats,24.020000457763672,13230456452.140808,1.28,1.195912408759124,1.1173488198625392,-0.06569343065693442,-0.0656934306569343,20.08508339058608,21.497315816486665,,,False,21.581219732454,0.027309224733112505,30.262301818219143
HRMY,"Harmony Biosciences Holdings, Inc.",Health Care,Biotechnology,38.13999938964844,2221135993.4753265,3.38,4.682131147540984,6.485902983069068,0.3852459016393444,0.38524590163934436,8.14586310972499,5.880445558499697,0.2114458083800954,0.1526413527950985,False,26.111110051472984,0.13106796116504843,35.670037593695405
HSIC,Henry Schein,Health Care,Health Care Distributors,89.5199966430664,9976694065.72136,3.28,3.38314465408805,3.4895328507574854,0.03144654088050314,0.03144654088050308,26.46058794290519,25.653862700743446,8.414466965843852,8.157928338836431,False,26.111110051472984,0.13106796116504843,35.670037593695405
HST,Host Hotels & Resorts,Real Estate,Hotel & Resort REITs,22.809999465942383,15627687175.294096,1.62,2.205378151260504,3.0022795000353084,0.36134453781512593,0.36134453781512615,10.342897182011674,7.597560275675241,0.28623366619985807,0.21025806344310544,False,24.37544947652672,0.18871373771277855,37.44019231073693
HSTM,"HealthStream, Inc.",Health Care,Health Care Technology,28.020000457763672,819303552.4849892,0.81,1.02515625,1.29746337890625,0.2656249999999999,0.265625,27.332419285122313,21.59598560799788,1.02898519661637,0.8130253405363908,False,26.111110051472984,0.13106796116504843,35.670037593695405
HSY,Hershey Company (The),Consumer Staples,Packaged Foods & Meats,181.0599975585937,40522173129.98052,,,,,,,,,,False,21.581219732454,0.027309224733112505,30.262301818219143
HTH,Hilltop Holdings Inc.,Financials,Regional Banks,39.33000183105469,2253074885.5045624,2.7,3.2690582959641263,3.958052645337732,0.21076233183856524,0.21076233183856521,12.030988214437851,9.936705080813482,0.5708319940041784,0.4714649431960435,False,12.175904990939271,0.2321522761151244,16.818363553496667
HTLD,"Heartland Express, Inc.",Industrials,Cargo Ground Transportation,12.81999969482422,991404049.41996,-0.1699999999999999,-0.1699999999999999,,0.0,,,,,,False,26.16367280461197,0.1419973073572504,33.292022761598915
HTO,H2O America,Utilities,Water Utilities,63.209999084472656,2644721974.56411,2.96,2.655030303030303,2.381481726354454,-0.103030303030303,-0.10303030303030294,23.80763752953339,26.54229859711493,,,False,22.02248481825099,-0.002881844380403428,27.042817602825924
HUBB,Hubbell Incorporated,Industrials,Industrial Machinery & Supplies & Components,504.2999877929688,26648107496.05878,16.93,19.26242607526882,21.916187732143896,0.13776881720430126,0.13776881720430126,26.180502176745197,23.010388209685086,1.9003213287315512,1.6702174466347006,False,26.16367280461197,0.1419973073572504,33.292022761598915
HUBG,"Hub Group, Inc.",Industrials,Air Freight & Logistics,39.470001220703125,1472829173.930725,1.72,1.4020853080568725,1.142932099458683,-0.18483412322274853,-0.18483412322274873,28.1509270469455,34.53398608665988,,,False,26.16367280461197,0.1419973073572504,33.292022761598915
HUM,Humana,Health Care,Managed Health Care,384.30999755859375,46140834771.8811,26.26,30.75769848349688,36.025743183614104,0.17127564674397866,0.17127564674397874,12.494757947015971,10.66764939726192,0.7295116488856718,0.6228351549130522,False,26.111110051472984,0.13106796116504843,35.670037593695405
HWC,Hancock Whitney,Financials,Regional Banks,78.83999633789062,6324785598.934387,4.93,4.620703422053231,4.330811382266622,-0.06273764258555141,-0.06273764258555134,17.062336431637437,18.204440087304853,,,False,12.175904990939271,0.2321522761151244,16.818363553496667
HWKN,"Hawkins, Inc.",Materials,Commodity Chemicals,131.57000732421875,2746539296.583924,4.52,5.146196473551636,5.859145607167101,0.1385390428211585,0.1385390428211586,25.566456313980567,22.45549370940329,1.845433301209145,1.6208783641151112,False,19.867320548497293,0.18077595481441627,23.483754427797003
HWM,Howmet Aerospace,Industrials,Aerospace & Defense,289.1199951171875,115301458531.60754,4.72,7.08,10.620000000000001,0.5000000000000001,0.5000000000000001,40.83615750242761,27.224105001618405,0.816723150048552,0.544482100032368,False,26.16367280461197,0.1419973073572504,33.292022761598915
HXL,Hexcel,Industrials,Aerospace & Defense,103.0999984741211,7796777785.80777,0.38,0.19,0.095,-0.5,-0.5,542.6315709164268,1085.2631418328535,,,True,26.16367280461197,0.1419973073572504,33.292022761598915
HZO,"MarineMax, Inc.",Consumer Discretionary,Specialty Stores,52.25,1154032478.5,-2.24,-1.12,-0.56,0.5,0.5,,,,,False,17.12461478795241,0.09201273225257235,23.63279043999208
IART,Integra Lifesciences Holdings,Health Care,Health Care Equipment,17.65999984741211,1373462444.0928574,-6.38,-6.38,,0.0,,,,,,False,26.111110051472984,0.13106796116504843,35.670037593695405
IBKR,Interactive Brokers,Financials,Investment Banking & Brokerage,94.33000183105467,3983711716.158462,2.38,1.93986301369863,1.5811212234940888,-0.18493150684931514,-0.18493150684931506,48.627145919546585,59.660195834065554,,,False,12.175904990939271,0.2321522761151244,16.818363553496667
IBM,IBM,Information Technology,IT Consulting & Other Services,228.8500061035156,215607460901.83197,7.7,11.55,17.325000000000003,0.5000000000000001,0.5000000000000001,19.813853342295722,13.20923556153048,0.39627706684591435,0.26418471123060955,False,32.824054964173854,0.16017875776961116,46.8792043447928
IBOC,Intl Bancshares Corp,Financials,Regional Banks,73.13999938964844,4548687296.001312,6.53,6.789952229299364,7.060252875370199,0.039808917197452325,0.03980891719745227,10.771798816793082,10.359402231157818,2.7058758627784156,2.602281840466841,False,12.175904990939271,0.2321522761151244,16.818363553496667
IBP,"Installed Building Products, Inc.",Consumer Discretionary,Homebuilding,243.5399932861328,6473092588.130936,8.98,9.657532934131735,10.386185119581196,0.075449101796407,0.07544910179640721,25.21761975311642,23.448454892931192,3.342335316484486,3.107850767555165,False,17.12461478795241,0.09201273225257235,23.63279043999208
ICE,Intercontinental Exchange,Financials,Financial Exchanges & Data,154.30999755859375,86628781918.37799,7.07,10.097959595959598,14.422742291602901,0.42828282828282843,0.42828282828282843,15.2813047123239,10.699074727864682,0.3568040487075626,0.24981330142891583,False,12.175904990939271,0.2321522761151244,16.818363553496667
ICHR,"Ichor Holdings, Ltd.",Information Technology,Semiconductor Materials & Equipment,71.87000274658203,2691835541.1011124,-0.99,-0.99,,0.0,,,,,,False,32.824054964173854,0.16017875776961116,46.8792043447928
ICUI,ICU Medical,Health Care,Health Care Supplies,182.509994506836,4564034368.012239,3.25,3.25,,0.0,,56.156921386718764,,,,False,26.111110051472984,0.13106796116504843,35.670037593695405
IDA,Idacorp,Utilities,Electric Utilities,141.47000122070312,7766566406.995422,7.24,8.621315789473686,10.266172091412745,0.19078947368421068,0.19078947368421065,16.409328306177215,13.780209406292467,0.8600751388065292,0.7222730447436047,False,22.02248481825099,-0.002881844380403428,27.042817602825924
IDCC,InterDigital,Information Technology,Communications Equipment,348.3900146484375,8990555156.74768,12.82,14.416877192982456,16.212663650353953,0.12456140350877191,0.12456140350877178,24.16542847559383,21.48875855084007,1.9400414409983782,1.7251538554899797,False,32.824054964173854,0.16017875776961116,46.8792043447928
IDXX,Idexx Laboratories,Health Care,Health Care Equipment,546.0900268554688,43021581752.1438,14.77,19.81406902815622,26.580726570923463,0.3415077202543141,0.3415077202543142,27.56072092407991,20.544586145844267,0.8070306845056382,0.6015848230471952,False,26.111110051472984,0.13106796116504843,35.670037593695405
IESC,IES Holdings,Industrials,Construction & Engineering,793.9600219726562,15819142127.551023,21.33,31.995000000000005,47.99250000000001,0.5000000000000003,0.5,24.81512805040338,16.54341870026892,0.49630256100806724,0.3308683740053784,False,26.16367280461197,0.1419973073572504,33.292022761598915
IEX,IDEX Corporation,Industrials,Industrial Machinery & Supplies & Components,240.38999938964844,17721525754.444946,6.98,7.745691573926869,8.595377931003108,0.109697933227345,0.10969793322734518,31.035317775734367,27.967356562946865,2.8291615769473792,2.5494880113179055,False,26.16367280461197,0.1419973073572504,33.292022761598915
IFF,International Flavors & Fragrances,Materials,Specialty Chemicals,81.83000183105469,20878921939.483536,3.35,3.35,,0.0,,24.42686621822528,,,,False,19.867320548497293,0.18077595481441627,23.483754427797003
IIPR,"Innovative Industrial Properties, Inc.",Real Estate,Industrial REITs,55.79999923706055,1538481253.16473,4.21,3.4084807692307693,2.7595584689349115,-0.19038461538461537,-0.19038461538461532,16.37092975286276,20.220625823013382,,,False,24.37544947652672,0.18871373771277855,37.44019231073693
ILMN,"Illumina, Inc.",Health Care,Life Sciences Tools & Services,193.134994506836,29163384170.53223,4.69,4.69,,0.0,,41.18016940444264,,,,False,26.111110051472984,0.13106796116504843,35.670037593695405
INCY,Incyte,Health Care,Biotechnology,123.5,24673096142.5,6.42,9.63,14.445,0.5000000000000001,0.4999999999999999,12.824506749740394,8.549671166493596,0.25649013499480783,0.17099342332987197,False,26.111110051472984,0.13106796116504843,35.670037593695405
INDB,Independent Bank Corp.,Financials,Regional Banks,86.04000091552734,4075637321.3277054,5.22,6.221095890410958,7.41418277350347,0.19178082191780818,0.19178082191780815,13.830360828893065,11.604785523094183,0.7211545289351385,0.6051066737041968,False,12.175904990939271,0.2321522761151244,16.818363553496667
INDV,Indivior,Health Care,Pharmaceuticals,39.08000183105469,4611973619.009445,2.14,3.21,4.8149999999999995,0.4999999999999999,0.4999999999999999,12.174455399082458,8.116303599388306,0.24348910798164922,0.16232607198776616,False,26.111110051472984,0.13106796116504843,35.670037593695405
INGR,Ingredion,Consumer Staples,Agricultural Products & Services,103.58999633789062,6532797353.662811,9.17,8.20379512195122,7.339395245687093,-0.1053658536585365,-0.10536585365853647,12.62708231958533,14.114241415021768,,,False,21.581219732454,0.027309224733112505,30.262301818219143
INSP,"Inspire Medical Systems, Inc.",Health Care,Health Care Equipment,57.220001220703125,1654251692.790985,-0.1599999999999999,-0.0799999999999999,-0.03999999999999995,0.5000000000000002,0.5,,,,,False,26.111110051472984,0.13106796116504843,35.670037593695405
INSW,"International Seaways, Inc.",Energy,Oil & Gas Storage & Transportation,98.36000061035156,4871899780.191513,14.33,21.495,32.2425,0.5000000000000001,0.49999999999999994,4.575947923254318,3.050631948836212,0.09151895846508633,0.061012638976724244,False,18.15927134438993,0.0,31.84763181292061
INTC,Intel,Information Technology,Semiconductors,103.48999786376952,522003549224.8535,-2.66,-2.66,,0.0,,,,,,False,32.824054964173854,0.16017875776961116,46.8792043447928
INTU,Intuit,Information Technology,Application Software,335.6000061035156,91799018869.53735,25.18,37.77,56.655,0.5000000000000001,0.4999999999999999,8.885358911927868,5.923572607951913,0.1777071782385573,0.11847145215903829,False,32.824054964173854,0.16017875776961116,46.8792043447928
INVA,"Innoviva, Inc.",Health Care,Pharmaceuticals,20.959999084472656,1514265299.457283,2.9300000000000006,2.9300000000000006,,0.0,,7.153583305280769,,,,False,26.111110051472984,0.13106796116504843,35.670037593695405
INVH,Invitation Homes,Real Estate,Single-Family Residential REITs,29.690000534057617,17535603895.366833,1.08,1.5148051948051948,2.124661831674819,0.4025974025974025,0.40259740259740273,19.59988032512377,13.973988750319723,0.48683573710791317,0.34709584960471557,False,24.37544947652672,0.18871373771277855,37.44019231073693
INVX,"Innovex International, Inc.",Energy,Oil & Gas Equipment & Services,30.790000915527344,2153324177.358162,0.91,0.4549999999999999,0.22749999999999995,-0.5000000000000001,-0.5,67.6703316824777,135.3406633649554,,,False,18.15927134438993,0.0,31.84763181292061
IOSP,"Innospec, Inc.",Materials,Specialty Chemicals,93.83000183105467,2311131185.1107936,3.93,2.792929475587703,1.9848486146581685,-0.28933092224231477,-0.2893309222423147,33.59554999551518,47.273127601831796,,,False,19.867320548497293,0.18077595481441627,23.483754427797003
IP,International Paper,Materials,Paper & Plastic Packaging Products & Materials,40.2599983215332,21320483083.834515,-6.52,-6.52,,0.0,,,,,,False,19.867320548497293,0.18077595481441627,23.483754427797003
IPAR,"Inter Parfums, Inc.",Consumer Staples,Household Products,111.77999877929688,3579841761.086029,5.34,5.038091872791519,4.753252756308606,-0.056537102473498344,-0.056537102473498274,22.18697109970754,23.51652742028927,,,False,21.581219732454,0.027309224733112505,30.262301818219143
IPGP,IPG Photonics,Information Technology,Electronic Manufacturing Services,88.0999984741211,3747292820.997444,0.5,0.5,,0.0,,176.1999969482422,,,,False,32.824054964173854,0.16017875776961116,46.8792043447928
IQV,IQVIA,Health Care,Life Sciences Tools & Services,241.2400054931641,40262956916.80909,6.48,6.257883755588675,6.043381033713057,-0.03427719821162432,-0.03427719821162439,38.54977415931096,39.91805318039761,,,False,26.111110051472984,0.13106796116504843,35.670037593695405
IR,Ingersoll Rand,Industrials,Industrial Machinery & Supplies & Components,82.30999755859375,31936232053.72577,1.47,1.108153846153846,0.8353775147928993,-0.24615384615384622,-0.24615384615384614,74.27668806481458,98.53030049414178,,,False,26.16367280461197,0.1419973073572504,33.292022761598915
IRDM,Iridium Communications,Communication Services,Alternative Carriers,50.04999923706055,5303317088.308643,0.84,0.7753846153846153,0.7157396449704142,-0.07692307692307694,-0.07692307692307687,64.54861012716142,69.92766097109154,,,False,16.09388154288399,0.09932629665828746,22.61772188630623
IRM,Iron Mountain,Real Estate,Other Specialized REITs,129.89999389648438,38671593461.76624,0.95,1.425,2.1375,0.5000000000000001,0.5000000000000001,91.15789045367325,60.77192696911549,1.8231578090734644,1.2154385393823095,False,24.37544947652672,0.18871373771277855,37.44019231073693
IRT,Independence Realty Trust,Real Estate,Multi-Family Residential REITs,16.670000076293945,3929861949.875883,0.18,0.27,0.405,0.5000000000000001,0.5,61.7407410233109,41.1604940155406,1.2348148204662177,0.823209880310812,False,24.37544947652672,0.18871373771277855,37.44019231073693
ISRG,Intuitive Surgical,Health Care,Health Care Equipment,390.3299865722656,137895011828.81635,8.33,10.75796899224806,13.893625070608733,0.291472868217054,0.29147286821705415,36.282869643287526,28.094178775414715,1.244811219144706,0.9638694313905585,False,26.111110051472984,0.13106796116504843,35.670037593695405
IT,Gartner,Information Technology,IT Consulting & Other Services,179.19000244140625,11315665163.612305,10.9,8.716801173881144,6.9708828169702475,-0.20029347028613356,-0.20029347028613353,20.556853238585703,25.70549629742414,,,False,32.824054964173854,0.16017875776961116,46.8792043447928
ITGR,Integer Holdings Corporation,Health Care,Health Care Equipment,125.08000183105467,4251725426.0812974,3.3200000000000003,4.98,7.470000000000001,0.5,0.5,25.116466231135476,16.744310820756983,0.5023293246227095,0.33488621641513966,False,26.111110051472984,0.13106796116504843,35.670037593695405
ITRI,"Itron, Inc.",Information Technology,Electronic Equipment & Instruments,100.61000061035156,4405385246.055313,5.25,5.161516853932585,5.074524996843834,-0.01685393258426955,-0.016853932584269475,19.49233209103954,19.826486355457355,,,False,32.824054964173854,0.16017875776961116,46.8792043447928
ITT,ITT Inc.,Industrials,Industrial Machinery & Supplies & Components,219.8099975585937,19651013781.73828,4.98,4.065639344262296,3.319161300725612,-0.18360655737704906,-0.18360655737704917,54.065296733416446,66.22456025579123,,,False,26.16367280461197,0.1419973073572504,33.292022761598915
ITW,Illinois Tool Works,Industrials,Industrial Machinery & Supplies & Components,287.2799987792969,81817343652.34375,10.89,10.258832179930796,9.664245885765258,-0.057958477508650595,-0.05795847750865038,28.003187277134582,29.72606473128335,,,False,26.16367280461197,0.1419973073572504,33.292022761598915
IVT,InvenTrust Properties,Real Estate,Retail REITs,33.41999816894531,2606039021.2372284,1.4,2.1,3.1500000000000004,0.5000000000000001,0.5000000000000001,15.91428484235491,10.609523228236606,0.3182856968470981,0.21219046456473206,False,24.37544947652672,0.18871373771277855,37.44019231073693
IVZ,Invesco,Financials,Asset Management & Custody Banks,32.56999969482422,14379647699.86496,1.9,2.85,4.275,0.5000000000000001,0.5000000000000001,11.428070068359375,7.618713378906249,0.22856140136718744,0.15237426757812494,False,12.175904990939271,0.2321522761151244,16.818363553496667
J,Jacobs Solutions,Industrials,Construction & Engineering,143.6300048828125,16810256269.407593,3.48,3.336198347107438,3.198338911276552,-0.041322314049586806,-0.04132231404958675,43.05199809458064,44.90768766762291,,,False,26.16367280461197,0.1419973073572504,33.292022761598915
JAZZ,Jazz Pharmaceuticals,Health Care,Pharmaceuticals,248.3600006103516,16122184383.340715,-0.4500000000000006,-0.2250000000000003,-0.11250000000000016,0.5,0.5,,,,,False,26.111110051472984,0.13106796116504843,35.670037593695405
JBGS,JBG Smith,Real Estate,Office REITs,11.390000343322754,674075004.5382862,-2.12,-2.12,,0.0,,,,,,False,24.37544947652672,0.18871373771277855,37.44019231073693
JBHT,J.B. Hunt,Industrials,Cargo Ground Transportation,283.3699951171875,26612675805.86096,6.47,8.050173076923077,10.01627303994083,0.24423076923076925,0.24423076923076936,35.20048481063176,28.290961517045616,1.441279693033741,1.1583700778632844,False,26.16367280461197,0.1419973073572504,33.292022761598915
JBL,Jabil,Information Technology,Electronic Manufacturing Services,369.8900146484375,38759697885.17712,8.05,6.285402521823474,4.9076130262540225,-0.21920465567410272,-0.2192046556741027,58.849057536752284,75.3706562986231,,,False,32.824054964173854,0.16017875776961116,46.8792043447928
JBLU,JetBlue,Industrials,Passenger Airlines,5.239999771118164,1977115742.0800955,-2.12,-2.12,,0.0,,,,,,False,26.16367280461197,0.1419973073572504,33.292022761598915
JBSS,"John B. Sanfilippo & Son, Inc.",Consumer Staples,Packaged Foods & Meats,83.79000091552734,680473679.6351624,6.27,7.942,10.059866666666668,0.2666666666666668,0.26666666666666683,10.550239349726434,8.329136328731394,0.3956339756147411,0.3123426123274271,False,21.581219732454,0.027309224733112505,30.262301818219143
JBTM,JBT Marel Corporation,Industrials,Industrial Machinery & Supplies & Components,118.7300033569336,6159334656.55703,2.73,2.73,,0.0,,43.4908437204885,,,,False,26.16367280461197,0.1419973073572504,33.292022761598915
JCI,Johnson Controls,Industrials,Building Products,153.9199981689453,93908992496.60497,3.64,5.46,8.19,0.49999999999999994,0.49999999999999994,28.19047585511819,18.793650570078793,0.5638095171023639,0.3758730114015759,False,26.16367280461197,0.1419973073572504,33.292022761598915
JEF,Jefferies,Financials,Multi-Sector Holdings,54.560001373291016,11153826950.66505,2.68,3.1640528634361225,3.735533777096391,0.18061674008810533,0.18061674008810563,17.243707272968734,14.605677428969788,0.9547125734058322,0.8086557991161326,False,12.175904990939271,0.2321522761151244,16.818363553496667
JJSF,J&J Snack Foods Corp.,Consumer Staples,Packaged Foods & Meats,87.44499969482422,1633613205.8588257,4.279999999999999,5.966905537459281,8.31868263854258,0.39413680781758925,0.39413680781758936,14.654999839675433,10.511880726122333,0.3718252025438315,0.26670639528260814,False,21.581219732454,0.027309224733112505,30.262301818219143
JKHY,Jack Henry & Associates,Financials,Transaction & Payment Processing Services,149.8699951171875,10648380051.672363,6.92,8.835129151291513,11.28027559537588,0.2767527675276753,0.27675276752767525,16.962965968106943,13.28602247791035,0.6129285036475974,0.48006827886849407,False,12.175904990939271,0.2321522761151244,16.818363553496667
JLL,Jones Lang LaSalle,Real Estate,Real Estate Services,370.30999755859375,17037112385.606506,14.85,22.275,33.412499999999994,0.49999999999999994,0.49999999999999983,16.624466781530586,11.082977854353725,0.3324893356306118,0.22165955708707458,False,24.37544947652672,0.18871373771277855,37.44019231073693
JNJ,Johnson & Johnson,Health Care,Pharmaceuticals,262.3699951171875,632285083127.807,8.82,8.721121076233185,8.623350660580348,-0.011210762331838443,-0.011210762331838424,30.0844344234824,30.425527784292854,,,False,26.111110051472984,0.13106796116504843,35.670037593695405
JOE,St. Joe Company,Real Estate,Real Estate Development,67.77999877929688,3858745899.284821,2.13,3.195,4.7924999999999995,0.5,0.49999999999999994,21.214397114020933,14.14293140934729,0.42428794228041866,0.28285862818694585,False,24.37544947652672,0.18871373771277855,37.44019231073693
JPM,JPMorgan Chase,Financials,Diversified Banks,360.9599914550781,959498866233.2068,23.950000000000003,28.680125000000007,34.34444968750002,0.19750000000000018,0.1975000000000003,12.585718906562578,10.509994911534509,0.6372515902056995,0.5321516410903542,False,12.175904990939271,0.2321522761151244,16.818363553496667
JXN,"Jackson Financial, Inc.",Financials,Life & Health Insurance,133.14999389648438,9018081850.216553,6.18,5.8577300613496925,5.552265610297715,-0.052147239263803755,-0.052147239263803664,22.73064694036191,23.981200331902855,,,False,12.175904990939271,0.2321522761151244,16.818363553496667
KAI,Kadant Inc.,Industrials,Industrial Machinery & Supplies & Components,329.7200012207031,3893702071.655426,9.48,9.48,9.48,0.0,0.0,34.78059084606573,34.78059084606573,,,False,26.16367280461197,0.1419973073572504,33.292022761598915
KALU,Kaiser Aluminum Corporation,Materials,Aluminum,185.5,3032756566.0,13.22,19.83,29.744999999999997,0.4999999999999998,0.5,9.35451336359052,6.23634224239368,0.1870902672718105,0.1247268448478736,False,19.867320548497293,0.18077595481441627,23.483754427797003
KBH,KB Home,Consumer Discretionary,Homebuilding,55.43999862670898,3399011236.123901,4.0600000000000005,2.215537634408603,1.2090165047982433,-0.4543010752688171,-0.454301075268817,25.02327099557831,45.855452267759254,,,False,17.12461478795241,0.09201273225257235,23.63279043999208
KBR,"KBR, Inc.",Industrials,Diversified Support Services,37.54999923706055,4733844104.067936,3.01,2.9132154340836016,2.819542912087345,-0.032154340836012686,-0.03215434083601264,12.889537381183242,13.31776121444514,,,False,26.16367280461197,0.1419973073572504,33.292022761598915
KD,Kyndryl,Information Technology,IT Consulting & Other Services,12.720000267028809,2770648363.5237517,0.52,0.3862857142857143,0.2869551020408163,-0.2571428571428572,-0.2571428571428572,32.92899477411304,44.327492965152175,,,False,32.824054964173854,0.16017875776961116,46.8792043447928
KDP,Keurig Dr Pepper,Consumer Staples,Soft Drinks & Non-alcoholic Beverages,30.280000686645508,41205813365.04509,1.13,0.8291558441558443,0.6084065609714963,-0.26623376623376604,-0.2662337662337661,36.51907044986614,49.76935264849013,,,False,21.581219732454,0.027309224733112505,30.262301818219143
KEX,Kirby Corporation,Industrials,Marine Transportation,141.1300048828125,7451664257.8125,6.49,7.6582,9.036676,0.17999999999999994,0.18,18.42861310527441,15.617468733283399,1.0238118391819122,0.8676371518490777,False,26.16367280461197,0.1419973073572504,33.292022761598915
KEY,KeyCorp,Financials,Regional Banks,23.040000915527344,24586642861.14537,1.64,2.46,3.69,0.5000000000000001,0.5,9.365854030702172,6.243902687134781,0.1873170806140434,0.12487805374269563,False,12.175904990939271,0.2321522761151244,16.818363553496667
KEYS,Keysight Technologies,Information Technology,Electronic Equipment & Instruments,361.1499938964844,61718861110.13745,6.24,7.9626993865030675,10.160990628175693,0.2760736196319018,0.27607361963190175,45.355221435163145,35.54279372082497,1.6428669097625763,1.287438972554327,False,32.824054964173854,0.16017875776961116,46.8792043447928
KFY,Korn/Ferry International,Industrials,Human Resource & Employment Services,83.05000305175781,4223674005.203247,4.95,7.206617647058825,10.491987456747408,0.4558823529411767,0.4558823529411766,11.524130614262893,7.915564462321986,0.2527873812160891,0.1736317365928693,False,26.16367280461197,0.1419973073572504,33.292022761598915
KGS,"Kodiak Gas Services, Inc.",Energy,Oil & Gas Equipment & Services,66.12000274658203,6684998807.410515,0.99,1.3804225352112678,1.9248145209283876,0.3943661971830988,0.3943661971830987,47.89837970622715,34.351363223657856,1.2145660568364738,0.8710524245998954,False,18.15927134438993,0.0,31.84763181292061
KHC,Kraft Heinz,Consumer Staples,Packaged Foods & Meats,24.75,29349138010.5,-10.01,-5.005,-2.5025,0.5,0.5,,,,,False,21.581219732454,0.027309224733112505,30.262301818219143
KIM,Kimco Realty,Real Estate,Retail REITs,24.36000061035156,16340429535.69734,2.25,3.375,5.0625,0.5,0.5,7.217777958622684,4.8118519724151225,0.14435555917245368,0.09623703944830245,False,24.37544947652672,0.18871373771277855,37.44019231073693
KKR,KKR & Co.,Financials,Asset Management & Custody Banks,108.83000183105467,97689684100.44986,,,,,,,,,,False,12.175904990939271,0.2321522761151244,16.818363553496667
KLAC,KLA Corporation,Information Technology,Semiconductor Materials & Equipment,205.759994506836,268835058893.0042,34.43,51.645,77.4675,0.5000000000000001,0.49999999999999994,3.984122267534824,2.656081511689883,0.07968244535069645,0.053121630233797665,False,32.824054964173854,0.16017875776961116,46.8792043447928
KLIC,"Kulicke and Soffa Industries, Inc.",Information Technology,Semiconductor Materials & Equipment,101.7699966430664,5325533857.884636,1.99,1.99,,0.0,,51.14070183068664,,,,False,32.824054964173854,0.16017875776961116,46.8792043447928
KMB,Kimberly-Clark,Consumer Staples,Household Products,107.91000366210938,35888605208.52081,5.88,4.762314049586776,3.857080800491769,-0.19008264462809923,-0.1900826446280992,22.659153205461674,27.97711773327411,,,False,21.581219732454,0.027309224733112505,30.262301818219143
KMI,Kinder Morgan,Energy,Oil & Gas Storage & Transportation,32.33000183105469,71992515614.7664,1.4300000000000002,1.7184033613445382,2.0649721064896553,0.2016806722689077,0.20168067226890768,18.81397729911246,15.65638670345722,0.9328597077476588,0.7762958407130868,False,18.15927134438993,0.0,31.84763181292061
KMPR,Kemper Corporation,Financials,Multi-line Insurance,26.209999084472656,1544375812.394241,-7.15,-3.575,-1.7875,0.5,0.5,,,,,False,12.175904990939271,0.2321522761151244,16.818363553496667
KMT,Kennametal,Industrials,Industrial Machinery & Supplies & Components,31.809999465942383,2424527049.1146507,1.9,2.85,4.275,0.5000000000000001,0.5000000000000001,11.161403321383291,7.440935547588861,0.22322806642766577,0.14881871095177718,False,26.16367280461197,0.1419973073572504,33.292022761598915
KMX,"CarMax, Inc.",Consumer Discretionary,Automotive Retail,58.52999877929688,8306056275.648683,3.76,4.488126984126984,5.357256336608717,0.19365079365079363,0.1936507936507937,13.041074592206966,10.925368341875515,0.673432540417245,0.5641788569984896,False,17.12461478795241,0.09201273225257235,23.63279043999208
KN,Knowles Corporation,Information Technology,Electronic Components,38.9900016784668,3336010277.010727,0.38,0.38,,0.0,,102.60526757491262,,,,False,32.824054964173854,0.16017875776961116,46.8792043447928
KNF,Knife River Corporation,Materials,Construction Materials,66.6500015258789,3783282029.614105,2.78,4.0252083333333335,5.828166232638888,0.44791666666666685,0.4479166666666664,16.558149543202667,11.435844288830621,0.36967031538312917,0.2553118724948233,False,19.867320548497293,0.18077595481441627,23.483754427797003
KNSL,Kinsale Capital Group,Financials,Property & Casualty Insurance,367.1600036621094,8363326606.417084,24.45,35.28940377804014,50.93423390632121,0.44332939787485237,0.44332939787485226,10.404256358974967,7.208511358733578,0.23468455755131287,0.16259944396397719,False,12.175904990939271,0.2321522761151244,16.818363553496667
KNTK,"Kinetik Holdings, Inc.",Energy,Oil & Gas Storage & Transportation,52.97999954223633,3507275969.696045,0.93,0.8159433962264152,0.7158748665005341,-0.1226415094339622,-0.12264150943396225,64.93097411812984,74.00734684432004,,,False,18.15927134438993,0.0,31.84763181292061
KNX,Knight-Swift,Industrials,Cargo Ground Transportation,72.80000305175781,11829563695.892334,0.44,0.288955223880597,0.1897616395633772,-0.34328358208955223,-0.3432835820895521,251.9421593216825,383.6391971489256,,,True,26.16367280461197,0.1419973073572504,33.292022761598915
KO,Coca-Cola Company (The),Consumer Staples,Soft Drinks & Non-alcoholic Beverages,86.9800033569336,374229935160.7878,3.42,4.380674157303371,5.611200605984093,0.2808988764044945,0.28089887640449435,19.85539216878806,15.501139500194189,0.7068519612088546,0.5518405662069132,False,21.581219732454,0.027309224733112505,30.262301818219143
KOP,"Koppers Holdings, Inc.",Materials,Commodity Chemicals,47.45000076293945,897353916.0283813,-5.38,-2.69,-1.345,0.5,0.5,,,,,False,19.867320548497293,0.18077595481441627,23.483754427797003
KR,Kroger,Consumer Staples,Food Retail,56.06999969482422,34351132914.774887,1.64,0.8200000000000001,0.41000000000000003,-0.49999999999999994,-0.5,68.37804840832221,136.75609681664443,,,False,21.581219732454,0.027309224733112505,30.262301818219143
KRC,Kilroy Realty Corp,Real Estate,Office REITs,36.02999877929688,4189525274.268098,2.05,2.443313953488372,2.9120893050297454,0.1918604651162792,0.19186046511627888,14.746364759164935,12.372559700372532,0.7685984056292022,0.644872808625478,False,24.37544947652672,0.18871373771277855,37.44019231073693
KRG,Kite Realty Group Trust,Real Estate,Retail REITs,26.479999542236328,5305186694.128452,1.28,1.92,2.88,0.4999999999999999,0.5,13.791666428248089,9.194444285498726,0.27583332856496184,0.18388888570997453,False,24.37544947652672,0.18871373771277855,37.44019231073693
KRMN,Karman Holdings,Industrials,Aerospace & Defense,61.77999877929688,8187932318.455689,0.28,0.42,0.63,0.4999999999999998,0.5000000000000001,147.0952351888021,98.06349012586807,2.9419047037760433,1.961269802517361,False,26.16367280461197,0.1419973073572504,33.292022761598915
KRYS,Krystal Biotech,Health Care,Biotechnology,335.7300109863281,9937217535.462524,7.57,11.355,17.0325,0.5,0.49999999999999983,29.5667116676643,19.7111411117762,0.591334233353286,0.39422282223552413,False,26.111110051472984,0.13106796116504843,35.670037593695405
KSS,Kohl's Corp.,Consumer Discretionary,Broadline Retail,19.280000686645508,2186351942.905596,1.16,1.245925925925926,1.3382167352537726,0.0740740740740743,0.07407407407407417,15.474435747307629,14.407233281976067,2.089048825886523,1.9449764930667668,False,17.12461478795241,0.09201273225257235,23.63279043999208
KTB,Kontoor Brands,Consumer Discretionary,"Apparel, Accessories & Luxury Goods",81.7699966430664,4469026323.931427,4.8,5.774436090225564,6.946690033354061,0.20300751879699247,0.20300751879699241,14.160689522822699,11.771073165846369,0.6975450764945996,0.5798343448361362,False,17.12461478795241,0.09201273225257235,23.63279043999208
KTOS,Kratos Defense & Security Solutions,Industrials,Aerospace & Defense,63.290000915527344,11880882957.694008,0.16,0.2327272727272727,0.33851239669421485,0.45454545454545436,0.4545454545454546,271.9492226839066,186.96509059518579,5.982882899045948,4.113231993094087,True,26.16367280461197,0.1419973073572504,33.292022761598915
KVUE,Kenvue,Consumer Staples,Personal Care Products,18.790000915527344,36091335203.45063,0.92,1.38,2.07,0.49999999999999983,0.5,13.615942692411119,9.07729512827408,0.27231885384822246,0.18154590256548161,False,21.581219732454,0.027309224733112505,30.262301818219143
KWR,Quaker Chemical Corporation,Materials,Specialty Chemicals,169.9600067138672,2924621147.450226,0.6500000000000001,0.325,0.1625,-0.5000000000000001,-0.5,522.953866811899,1045.907733623798,,,True,19.867320548497293,0.18077595481441627,23.483754427797003
L,Loews Corporation,Financials,Multi-line Insurance,112.37999725341795,22973586612.122494,8.09,8.990123626373627,9.990398370516846,0.1112637362637364,0.11126373626373623,12.500383968440376,11.248800406705309,1.123491299879578,1.0110032958125268,False,12.175904990939271,0.2321522761151244,16.818363553496667
LAD,Lithia Motors,Consumer Discretionary,Automotive Retail,369.5199890136719,8123200782.806274,34.3,39.97587495752632,46.59097896850672,0.16547740400951386,0.16547740400951397,9.24357476618787,7.931148844574607,0.5586004217020727,0.4792889332563262,False,17.12461478795241,0.09201273225257235,23.63279043999208
LAMR,Lamar Advertising Company,Real Estate,Other Specialized REITs,152.3800048828125,15470507385.41162,5.5,6.186094069529651,6.957774515830895,0.1247443762781184,0.12474437627811846,24.63266855791581,21.900681681492422,1.9746516270198118,1.7556448102048863,False,24.37544947652672,0.18871373771277855,37.44019231073693
LAUR,"Laureate Education, Inc.",Consumer Discretionary,Education Services,37.709999084472656,5194528239.486694,1.71,2.4572268907563024,3.530973095120401,0.43697478991596633,0.43697478991596633,15.346567802237429,10.67977525418862,0.3512003016281258,0.2444025490862396,False,17.12461478795241,0.09201273225257235,23.63279043999208
LAZ,Lazard,Financials,Diversified Capital Markets,43.75,4886317406.25,2.64,3.630000000000001,4.991250000000002,0.3750000000000002,0.37500000000000017,12.05234159779614,8.765339343851737,0.3213957759412302,0.2337423825027129,False,12.175904990939271,0.2321522761151244,16.818363553496667
LBRT,"Liberty Energy, Inc.",Energy,Oil & Gas Equipment & Services,22.239999771118164,3687436442.050934,1.09,0.7072023809523811,0.4588396400226759,-0.3511904761904761,-0.35119047619047605,31.44785760077309,48.470092448897965,,,False,18.15927134438993,0.0,31.84763181292061
LCII,LCI Industries,Consumer Discretionary,Automotive Parts & Equipment,104.12000274658205,2531314175.6135488,10.12,14.283737796373778,20.160589469916683,0.4114365411436541,0.41143654114365397,7.289408712964128,5.164531667189012,0.17716969651509423,0.12552437984320416,False,17.12461478795241,0.09201273225257235,23.63279043999208
LDOS,Leidos,Industrials,Diversified Support Services,142.25,17851266730.25,11.2,12.683518705763396,14.363539889236604,0.13245702730030326,0.13245702730030318,11.215341996173471,9.903547530549611,0.8467155140622572,0.7476800387567617,False,26.16367280461197,0.1419973073572504,33.292022761598915
LEA,Lear,Consumer Discretionary,Automotive Parts & Equipment,124.88999938964844,6160169745.854553,12.21,16.90295918367347,23.399674788282663,0.3843537414965986,0.38435374149659873,7.388647042955615,5.33725363790897,0.1922355956308806,0.13886305925179088,False,17.12461478795241,0.09201273225257235,23.63279043999208
LECO,Lincoln Electric,Industrials,Industrial Machinery & Supplies & Components,286.0199890136719,15589736018.321869,10.12,13.16380462724936,17.123098049841072,0.3007712082262215,0.3007712082262212,21.727760105281742,16.703752333902365,0.7224015966627851,0.5553640733237621,False,26.16367280461197,0.1419973073572504,33.292022761598915
LEG,Leggett & Platt,Consumer Discretionary,Home Furnishings,9.5600004196167,1305790849.5150232,1.76,1.76,,0.0,,5.431818420236761,,,,False,17.12461478795241,0.09201273225257235,23.63279043999208
LEN,Lennar,Consumer Discretionary,Homebuilding,86.54000091552734,20995210002.113342,6.2700000000000005,3.211838235294118,1.6452798803344872,-0.4877450980392156,-0.4877450980392156,26.944072078275948,52.59895410495974,,,False,17.12461478795241,0.09201273225257235,23.63279043999208
LEU,Centrus Energy Corp.,Energy,Coal & Consumable Fuels,184.1199951171875,2517644477.192749,3.0,3.202846975088968,3.419409581945517,0.06761565836298929,0.06761565836298924,57.48635403103299,53.84555160906757,8.501929201431725,7.9634736853410555,False,18.15927134438993,0.0,31.84763181292061
LFST,Lifestance Health,Health Care,Health Care Services,12.550000190734863,4794797965.821324,0.09,0.09,,0.0,,139.4444465637207,,,,False,26.111110051472984,0.13106796116504843,35.670037593695405
LFUS,Littelfuse,Information Technology,Electronic Components,471.80999755859375,11931557734.499512,9.78,11.427526881720429,13.352594134196629,0.1684587813620071,0.1684587813620071,41.28714834294594,35.33470671068073,2.4508754016344514,2.097528334527644,False,32.824054964173854,0.16017875776961116,46.8792043447928
LGIH,LGI Homes,Consumer Discretionary,Homebuilding,58.619998931884766,1362813679.8081665,3.46,1.8942405063291137,1.0370367328953694,-0.45253164556962033,-0.45253164556962017,30.946439343906558,56.52644411950561,,,False,17.12461478795241,0.09201273225257235,23.63279043999208
LGND,"Ligand Pharmaceuticals, Inc.",Health Care,Biotechnology,291.7699890136719,5816612418.910858,7.47,7.47,,0.0,,39.05890080504309,,,,False,26.111110051472984,0.13106796116504843,35.670037593695405
LH,Labcorp,Health Care,Health Care Services,323.3399963378906,26222873703.00293,12.95,17.396524896265557,23.369813008987443,0.34336099585062224,0.3433609958506223,18.586470474186527,13.835797325958158,0.5413098953811426,0.402951922121561,False,26.111110051472984,0.13106796116504843,35.670037593695405
LHX,L3Harris,Industrials,Aerospace & Defense,278.3800048828125,51838425711.331055,10.75,15.32659151193634,21.85157277895433,0.42572944297082227,0.4257294429708224,18.16320377991482,12.739586651214672,0.4266372476652889,0.2992413811531421,False,26.16367280461197,0.1419973073572504,33.292022761598915
LIF,Life360,Information Technology,Application Software,50.18000030517578,4088684941.2858353,0.28,0.28,,0.0,,179.2142868041992,,,,False,32.824054964173854,0.16017875776961116,46.8792043447928
LII,Lennox International,Industrials,Building Products,416.1300048828125,14481310853.76172,22.51,24.53753510895885,26.747695656303332,0.09007263922518202,0.09007263922518181,16.958916331040932,15.557602054020222,1.8828044206236214,1.727228400083424,False,26.16367280461197,0.1419973073572504,33.292022761598915
LIN,Linde plc,Materials,Industrial Gases,474.3299865722656,218656714525.8708,15.95,18.81675295857988,22.198758113117535,0.1797337278106508,0.17973372781065083,25.20785534126839,21.367410922504618,1.4025111284524643,1.1888370192274178,False,19.867320548497293,0.18077595481441627,23.483754427797003
LITE,Lumentum,Information Technology,Communications Equipment,968.9000244140624,86910332189.94139,1.8,1.8,,0.0,,538.2777913411458,,,,True,32.824054964173854,0.16017875776961116,46.8792043447928
LIVN,LivaNova,Health Care,Health Care Equipment,81.4800033569336,4489019135.305244,3.32,3.32,,0.0,,24.542169685823374,,,,False,26.111110051472984,0.13106796116504843,35.670037593695405
LKFN,Lakeland Financial,Financials,Regional Banks,61.81999969482422,1536711661.2139893,4.359999999999999,5.179727520435966,6.153572749073789,0.18801089918256117,0.18801089918256103,11.934990682602734,10.046196285585332,0.6348031276108995,0.5343411647550467,False,12.175904990939271,0.2321522761151244,16.818363553496667
LKQ,LKQ Corporation,Consumer Discretionary,Distributors,25.450000762939453,6438903281.725273,2.63,2.4703214285714283,2.3203376275510204,-0.06071428571428577,-0.060714285714285644,10.302303363678885,10.968231717985123,,,False,17.12461478795241,0.09201273225257235,23.63279043999208
LLY,Lilly (Eli),Health Care,Pharmaceuticals,1183.1600341796875,1113776057200.6904,28.7,43.05,64.57499999999999,0.49999999999999994,0.49999999999999983,27.483392199295878,18.322261466197254,0.5496678439859176,0.3664452293239452,False,26.111110051472984,0.13106796116504843,35.670037593695405
LMAT,LeMaitre Vascular,Health Care,Health Care Equipment,82.51000213623047,1886942443.924004,2.77,3.97559585492228,5.705907004214878,0.43523316062176165,0.4352331606217616,20.754122186256147,14.46045336443118,0.476850664517552,0.3322461308732403,False,26.111110051472984,0.13106796116504843,35.670037593695405
LMT,Lockheed Martin,Industrials,Aerospace & Defense,593.739990234375,137029699432.40404,22.79,19.01113103953148,15.858846134367585,-0.16581259150805258,-0.16581259150805275,31.231176567020675,37.439040974594334,,,False,26.16367280461197,0.1419973073572504,33.292022761598915
LNC,Lincoln Financial,Financials,Multi-line Insurance,44.66999816894531,8551952148.569458,11.54,17.31,25.964999999999996,0.5,0.4999999999999999,2.580589148985865,1.7203927659905764,0.051611782979717295,0.03440785531981154,False,12.175904990939271,0.2321522761151244,16.818363553496667
LNN,Lindsay Corporation,Materials,Agricultural & Farm Machinery,114.04000091552734,1159659654.7098925,6.0,4.800000000000001,3.8400000000000007,-0.19999999999999987,-0.19999999999999996,23.758333524068192,29.69791690508524,,,False,19.867320548497293,0.18077595481441627,23.483754427797003
LNT,Alliant Energy,Utilities,Electric Utilities,70.3499984741211,18169789158.85052,3.47,3.846932907348243,4.264810603354123,0.10862619808306709,0.10862619808306721,18.287295403499655,16.495456660793636,1.6835069003809977,1.5185523337730595,False,22.02248481825099,-0.002881844380403428,27.042817602825924
LNTH,Lantheus Holdings,Health Care,Health Care Supplies,100.91000366210938,6586634994.824554,4.44,3.5456115107913675,2.831387609336992,-0.20143884892086325,-0.20143884892086317,28.460535892040422,35.639770171113675,,,False,26.111110051472984,0.13106796116504843,35.670037593695405
LOPE,Grand Canyon Education,Consumer Discretionary,Education Services,141.83999633789062,3697064752.626984,6.609999999999999,5.888423180592991,5.245616876512085,-0.1091644204851753,-0.10916442048517512,24.087942049641665,27.039717096572033,,,False,17.12461478795241,0.09201273225257235,23.63279043999208
LOW,Lowe's,Consumer Discretionary,Home Improvement Retail,215.8099975585937,121006185149.29633,12.97,12.667236445783129,12.371540414292708,-0.023343373493976256,-0.023343373493975986,17.036865024370485,17.444068428962225,,,False,17.12461478795241,0.09201273225257235,23.63279043999208
LPG,Dorian LPG Ltd.,Energy,Oil & Gas Storage & Transportation,48.41999816894531,2071537335.6825716,7.550000000000001,11.325,16.987499999999997,0.4999999999999998,0.49999999999999983,4.275496527059189,2.8503310180394594,0.0855099305411838,0.057006620360789205,False,18.15927134438993,0.0,31.84763181292061
LPX,Louisiana-Pacific,Industrials,Building Products,72.29000091552734,5054763372.916794,1.67,0.835,0.4175,-0.5,-0.5,86.57485139584114,173.14970279168227,,,False,26.16367280461197,0.1419973073572504,33.292022761598915
LQDA,Liquidia Corporation,Health Care,Pharmaceuticals,77.69999694824219,6954840557.540543,0.73,0.73,,0.0,,106.43835198389341,,,,False,26.111110051472984,0.13106796116504843,35.670037593695405
LQDT,"Liquidity Services, Inc.",Industrials,Diversified Support Services,42.709999084472656,1338173376.095047,1.01,1.3248051948051949,1.7377314892899307,0.31168831168831174,0.3116883116883115,32.23870139696495,24.57801987689407,1.0343250031526254,0.7885448043836852,False,26.16367280461197,0.1419973073572504,33.292022761598915
LRCX,Lam Research,Information Technology,Semiconductor Materials & Equipment,343.8399963378906,430254208057.5256,4.98,7.470000000000001,11.205000000000002,0.5,0.5000000000000001,46.02945064764265,30.686300431761765,0.920589012952853,0.6137260086352351,False,32.824054964173854,0.16017875776961116,46.8792043447928
LRN,"Stride, Inc.",Consumer Discretionary,Education Services,83.43000030517578,3467337881.033058,7.47,9.132716857610475,11.165531084509043,0.22258592471358443,0.22258592471358432,9.135288173929524,7.472103178408219,0.4104162554610982,0.3356952236770162,False,17.12461478795241,0.09201273225257235,23.63279043999208
LSCC,Lattice Semiconductor,Information Technology,Semiconductors,132.6699981689453,18843155926.174805,0.34,0.3211111111111112,0.3032716049382717,-0.05555555555555542,-0.05555555555555543,413.1591638479265,437.46264407427503,,,True,32.824054964173854,0.16017875776961116,46.8792043447928
LSTR,Landstar System,Industrials,Cargo Ground Transportation,193.3800048828125,6561037415.465088,3.77,2.4008277027027027,1.5289054795927686,-0.36317567567567566,-0.36317567567567566,80.54722322019082,126.48264229801845,,,False,26.16367280461197,0.1419973073572504,33.292022761598915
LTC,"LTC Properties, Inc.",Real Estate,Health Care REITs,40.5099983215332,2183714266.6513023,0.92,0.46,0.23,-0.5,-0.5,88.06521374246348,176.13042748492697,,,False,24.37544947652672,0.18871373771277855,37.44019231073693
LTH,"Life Time Group Holdings, Inc.",Consumer Discretionary,Leisure Facilities,45.34000015258789,10131764756.417587,1.61,2.415,3.6225,0.49999999999999994,0.5,18.7743271853366,12.516218123557733,0.375486543706732,0.25032436247115464,False,17.12461478795241,0.09201273225257235,23.63279043999208
LULU,Lululemon Athletica,Consumer Discretionary,"Apparel, Accessories & Luxury Goods",115.73999786376952,12550608911.53153,9.98,9.467718631178707,8.981733074064973,-0.0513307984790875,-0.05133079847908727,12.22469766714647,12.886154254346778,,,False,17.12461478795241,0.09201273225257235,23.63279043999208
LUMN,Lumen Technologies,Communication Services,Alternative Carriers,6.579999923706055,6786910679.626961,-1.94,-1.94,,0.0,,,,,,False,16.09388154288399,0.09932629665828746,22.61772188630623
LUV,Southwest Airlines,Industrials,Passenger Airlines,43.34999847412109,21207174766.87752,1.41,2.115,3.1725000000000003,0.5000000000000002,0.5,20.496453179253468,13.664302119502311,0.4099290635850692,0.2732860423900462,False,26.16367280461197,0.1419973073572504,33.292022761598915
LVS,Las Vegas Sands,Consumer Discretionary,Casinos & Gaming,45.43000030517578,29425064986.782715,2.57,3.3358080808080808,4.3298114988266505,0.29797979797979807,0.29797979797979807,13.618889098131394,10.492373702062318,0.45704068498813816,0.35211694796751497,False,17.12461478795241,0.09201273225257235,23.63279043999208
LW,Lamb Weston,Consumer Staples,Packaged Foods & Meats,52.4900016784668,7216378498.147312,2.3200000000000003,1.7251282051282053,1.2827876397107167,-0.25641025641025644,-0.25641025641025644,30.42672511088295,40.918699287049485,,,False,21.581219732454,0.027309224733112505,30.262301818219143
LXP,Lexington Realty Trust,Real Estate,Diversified REITs,60.65999984741211,3576059368.9245605,0.48,0.72,1.08,0.5,0.5000000000000001,84.24999978807237,56.16666652538158,1.6849999957614474,1.1233333305076312,False,24.37544947652672,0.18871373771277855,37.44019231073693
LYB,LyondellBasell,Materials,Specialty Chemicals,64.7300033569336,20910247717.376957,-0.34,-0.17,-0.085,0.5,0.5,,,,,False,19.867320548497293,0.18077595481441627,23.483754427797003
LYFT,"Lyft, Inc.",Industrials,Passenger Ground Transportation,17.219999313354492,6518462827.857039,0.38,0.38,,0.0,,45.31578766672235,,,,False,26.16367280461197,0.1419973073572504,33.292022761598915
LYV,Live Nation Entertainment,Communication Services,Movies & Entertainment,184.44000244140625,43460309713.67798,0.3399999999999999,0.1699999999999999,0.08499999999999995,-0.5000000000000001,-0.5,1084.941190831802,2169.882381663604,,,True,16.09388154288399,0.09932629665828746,22.61772188630623
LZ,"LegalZoom.com, Inc.",Industrials,Research & Consulting Services,5.440000057220459,931680587.0798512,0.06,0.03,0.015,-0.5,-0.5,181.33333524068198,362.66667048136395,,,False,26.16367280461197,0.1419973073572504,33.292022761598915
LZB,"La-Z-Boy, Inc.",Consumer Discretionary,Home Furnishings,41.52000045776367,1656539152.8235705,2.34,2.0979310344827584,1.8809036860879904,-0.10344827586206899,-0.10344827586206891,19.79092723989393,22.074495767573996,,,False,17.12461478795241,0.09201273225257235,23.63279043999208
M,Macy's,Consumer Discretionary,Broadline Retail,23.21999931335449,6107741111.26617,0.71,1.065,1.5975,0.5,0.5,21.802816256670884,14.535210837780589,0.4360563251334177,0.29070421675561176,False,17.12461478795241,0.09201273225257235,23.63279043999208
MA,Mastercard,Financials,Transaction & Payment Processing Services,562.260009765625,68893827512.76392,17.73,22.7133598265896,29.09738943102844,0.2810693641618499,0.28106936416184974,24.75459439106892,19.323383326136145,0.8807290138107805,0.6874951805494196,False,12.175904990939271,0.2321522761151244,16.818363553496667
MAA,Mid-America Apartment Communities,Real Estate,Multi-Family Residential REITs,131.1199951171875,15260374669.954834,4.36,4.752400000000001,5.180116000000001,0.09000000000000007,0.09000000000000004,27.590269151836438,25.312173533794894,3.065585461315157,2.812463725977209,False,24.37544947652672,0.18871373771277855,37.44019231073693
MAC,Macerich,Real Estate,Retail REITs,24.65999984741211,6992574144.232273,-0.74,-0.74,,0.0,,,,,,False,24.37544947652672,0.18871373771277855,37.44019231073693
MAN,ManpowerGroup,Industrials,Human Resource & Employment Services,56.77000045776367,2640121230.1885605,0.1199999999999999,0.0599999999999999,0.02999999999999995,-0.5000000000000004,-0.5,946.1666742960628,1892.3333485921255,,,True,26.16367280461197,0.1419973073572504,33.292022761598915
MANH,Manhattan Associates,Information Technology,Application Software,196.47000122070312,11455177920.013062,3.56,3.5302506963788303,3.500749994180679,-0.00835654596100275,-0.008356545961002637,55.6532717130353,56.12225995780806,,,False,32.824054964173854,0.16017875776961116,46.8792043447928
MAR,Marriott International,Consumer Discretionary,"Hotels, Resorts & Cruise Lines",356.57000732421875,92981437222.06934,10.78,12.79828193832599,15.194436045721826,0.18722466960352424,0.18722466960352424,27.86077139435623,23.467143252389107,1.4880929662397326,1.2534215337158416,False,17.12461478795241,0.09201273225257235,23.63279043999208
MARA,"MARA Holdings, Inc.",Information Technology,Internet Services & Infrastructure,9.71500015258789,3752897729.299595,-2.8,-2.8,,0.0,,,,,,False,32.824054964173854,0.16017875776961116,46.8792043447928
MAS,Masco,Industrials,Building Products,73.93000030517578,14914226988.974464,4.1,4.192019950124688,4.286105185913024,0.022443890274314336,0.022443890274314364,17.635889424375662,17.24876014432839,7.857768510194003,7.68528090875071,False,26.16367280461197,0.1419973073572504,33.292022761598915
MAT,Mattel,Consumer Discretionary,Leisure Products,14.579999923706056,4165505978.20282,1.18,1.3135849056603772,1.4622926308294766,0.11320754716981127,0.11320754716981137,11.099396666998292,9.970644463574736,0.9804467055848496,0.8807402609491013,False,17.12461478795241,0.09201273225257235,23.63279043999208
MATW,Matthews International Corporation,Consumer Discretionary,Specialized Consumer Services,23.0,717902979.0,0.4399999999999999,0.4399999999999999,,0.0,,52.27272727272729,,,,False,17.12461478795241,0.09201273225257235,23.63279043999208
MATX,"Matson, Inc.",Industrials,Marine Transportation,219.9499969482422,6577265495.841888,13.28,14.19954911433172,15.182770711620389,0.06924315619967779,0.06924315619967786,15.489928248936078,14.486815425586304,2.2370338238579826,2.0921656696021174,False,26.16367280461197,0.1419973073572504,33.292022761598915
MBC,"MasterBrand, Inc.",Industrials,Building Products,8.989999771118164,1829379458.524723,-0.07,-0.035,-0.0175,0.5,0.5,,,,,False,26.16367280461197,0.1419973073572504,33.292022761598915
MBGL,"Mobility Global, Inc.",Industrials,Data Processing & Outsourced Services,19.71999931335449,5813876227.962264,,,,,,,,,,False,26.16367280461197,0.1419973073572504,33.292022761598915
MBIN,Merchants Bancorp,Financials,Regional Banks,54.540000915527344,2505462652.557564,4.3,3.430426716141002,2.7367040592590555,-0.2022263450834879,-0.20222634508348789,15.898896967803807,19.929082478247096,,,False,12.175904990939271,0.2321522761151244,16.818363553496667
MC,Moelis & Company,Financials,Investment Banking & Brokerage,66.7300033569336,,,,,,,,,,,False,12.175904990939271,0.2321522761151244,16.818363553496667
MCD,McDonald's,Consumer Discretionary,Restaurants,265.5299987792969,187900054862.60977,12.42,13.78520107238606,15.300464461039757,0.10991957104557654,0.1099195710455765,19.261960517296732,17.354375055438844,1.7523686031589445,1.578824852604557,False,17.12461478795241,0.09201273225257235,23.63279043999208
MCHP,Microchip Technology,Information Technology,Semiconductors,80.26000213623047,43581878699.65171,0.37,0.185,0.0925,-0.5,-0.5,433.8378493850296,867.6756987700592,,,True,32.824054964173854,0.16017875776961116,46.8792043447928
MCK,McKesson Corporation,Health Care,Health Care Distributors,859.9199829101562,100258382958.44891,29.91,44.20000494071146,65.31729979133793,0.4777667984189722,0.4777667984189723,19.455201058543473,13.165271461882979,0.4072112403566908,0.27555852573786094,False,26.111110051472984,0.13106796116504843,35.670037593695405
MCO,Moody's Corporation,Financials,Financial Exchanges & Data,477.1700134277344,82645846325.6836,15.57,19.301345541401275,23.926906853472758,0.23964968152866248,0.23964968152866237,24.722111336963916,19.942820705990158,1.0315937488115172,0.8321655417516161,False,12.175904990939271,0.2321522761151244,16.818363553496667
MCRI,"Monarch Casino & Resort, Inc.",Consumer Discretionary,Casinos & Gaming,123.6500015258789,2194727680.483612,5.7,6.740663900414938,7.9713245295363375,0.18257261410788378,0.18257261410788386,18.343890654193178,15.511851395300194,1.0047449199228538,0.8496264059698513,False,17.12461478795241,0.09201273225257235,23.63279043999208
MCY,Mercury General,Financials,Property & Casualty Insurance,106.37999725341795,5892241988.130591,16.27,24.405,36.6075,0.5000000000000001,0.5,4.358942727040277,2.905961818026851,0.08717885454080551,0.05811923636053702,False,12.175904990939271,0.2321522761151244,16.818363553496667
MD,Pediatrix Medical Group,Health Care,Health Care Services,26.34000015258789,2140211170.5382648,2.15,2.15,,0.0,,12.251162861668787,,,,False,26.111110051472984,0.13106796116504843,35.670037593695405
MDLZ,Mondelez International,Consumer Staples,Packaged Foods & Meats,62.18000030517578,79817342841.61882,1.81,1.153556338028169,0.7351890745883755,-0.3626760563380282,-0.3626760563380281,53.90287258224694,84.57688294673,,,False,21.581219732454,0.027309224733112505,30.262301818219143
MDT,Medtronic,Health Care,Health Care Equipment,90.5999984741211,115972092260.80605,3.78,4.129595375722544,4.511523271743127,0.09248554913294817,0.09248554913294825,21.939195061760515,20.08190870732576,2.372175466052851,2.171356378979591,False,26.111110051472984,0.13106796116504843,35.670037593695405
MDU,"MDU Resources Group, Inc.",Utilities,Multi-Utilities,20.56999969482422,4326888245.72644,0.65,0.325,0.1625,-0.5,-0.5,63.29230675330528,126.58461350661057,,,False,22.02248481825099,-0.002881844380403428,27.042817602825924
MEDP,Medpace,Health Care,Life Sciences Tools & Services,597.1199951171875,16666607297.312622,15.49,18.99763262074426,23.29955101309015,0.22644497228820262,0.2264449722882027,31.431284467790412,25.627961447914327,1.388031898000675,1.1317522835215312,False,26.111110051472984,0.13106796116504843,35.670037593695405
MET,MetLife,Financials,Life & Health Insurance,96.68000030517578,61437909496.29217,5.08,4.71780621572212,4.3814361199028085,-0.07129798903107881,-0.07129798903107883,20.492575549836925,22.065824460159057,,,False,12.175904990939271,0.2321522761151244,16.818363553496667
META,Meta Platforms,Communication Services,Interactive Media & Services,568.969970703125,1459407974853.5156,24.81,27.56543215405284,30.626886329693278,0.11106135244066266,0.1110613524406627,20.640705631726203,18.577467019606857,1.8584957933727686,1.6727211231766994,False,16.09388154288399,0.09932629665828746,22.61772188630623
MFP,"Midera Food Processing, Inc.",Industrials,Industrial Machinery & Supplies & Components,45.0,,,,,,,,,,,False,26.16367280461197,0.1419973073572504,33.292022761598915
MGEE,"MGE Energy, Inc.",Utilities,Electric Utilities,81.02999877929688,2978372829.791321,4.4,5.13527851458886,5.993428505090447,0.1671087533156499,0.16710875331564984,15.779085506092416,13.51980735408373,0.9442405136185461,0.809042440077709,False,22.02248481825099,-0.002881844380403428,27.042817602825924
MGM,MGM Resorts,Consumer Discretionary,Casinos & Gaming,43.77999877929688,11014730550.559938,0.72,0.36,0.18,-0.5,-0.5,121.61110772026912,243.22221544053824,,,False,17.12461478795241,0.09201273225257235,23.63279043999208
MGY,"Magnolia Oil & Gas, Corp.",Energy,Oil & Gas Exploration & Production,26.790000915527344,6348388796.631226,,,,,,,,,,False,18.15927134438993,0.0,31.84763181292061
MHK,Mohawk Industries,Consumer Discretionary,Home Furnishings,135.33999633789062,9167680296.235504,9.21,10.87488461538462,12.840729142011842,0.1807692307692311,0.18076923076923102,12.445189178966196,10.539899630394821,0.6884572737300436,0.5830582774260957,False,17.12461478795241,0.09201273225257235,23.63279043999208
MHO,"M/I Homes, Inc.",Consumer Discretionary,Homebuilding,151.1999969482422,3822794210.0423126,13.91,10.194315068493152,7.471176111840872,-0.2671232876712328,-0.26712328767123283,14.831795557854134,20.23777711632433,,,False,17.12461478795241,0.09201273225257235,23.63279043999208
MIDD,Middleby,Industrials,Industrial Machinery & Supplies & Components,114.87999725341795,5195143328.913108,-9.19,-4.595,-2.2975,0.5,0.5,,,,,False,26.16367280461197,0.1419973073572504,33.292022761598915
MIR,"Mirion Technologies, Inc.",Information Technology,Electronic Equipment & Instruments,15.739999771118164,295124995.7084656,0.06,0.06,,0.0,,262.3333295186361,,,,True,32.824054964173854,0.16017875776961116,46.8792043447928
MKC,McCormick & Company,Consumer Staples,Packaged Foods & Meats,53.93999862670898,14526041630.172728,5.82,8.73,13.095,0.5,0.5,6.1786940007684965,4.119129333845664,0.12357388001536992,0.08238258667691328,False,21.581219732454,0.027309224733112505,30.262301818219143
MKSI,MKS Instruments,Information Technology,Semiconductor Materials & Equipment,320.739990234375,21687654892.592285,5.61,8.415000000000001,12.622500000000002,0.5000000000000001,0.5000000000000001,38.115269190062385,25.410179460041586,0.7623053838012475,0.5082035892008315,False,32.824054964173854,0.16017875776961116,46.8792043447928
MKTX,MarketAxess,Financials,Financial Exchanges & Data,162.55999755859375,5720956275.039856,7.88,10.453602693602695,13.867742293870243,0.32659932659932683,0.3265993265993267,15.550619468068726,11.722167467046729,0.4761375239192173,0.35891584924875025,False,12.175904990939271,0.2321522761151244,16.818363553496667
MLI,Mueller Industries,Industrials,Industrial Machinery & Supplies & Components,66.62999725341797,14737315274.947174,6.28,7.183679417122041,8.217396491717016,0.14389799635701278,0.14389799635701286,9.275190801890153,8.108407245601423,0.644567056992113,0.5634829845360985,False,26.16367280461197,0.1419973073572504,33.292022761598915
MLKN,"MillerKnoll, Inc.",Industrials,Office Services & Supplies,23.34000015258789,1589996385.3147812,0.79,0.5115573770491804,0.3312543671056169,-0.3524590163934426,-0.3524590163934424,45.62538084627019,70.45944890183495,,,False,26.16367280461197,0.1419973073572504,33.292022761598915
MLM,Martin Marietta Materials,Materials,Construction Materials,538.6599731445312,32355063222.643738,41.51,58.52853600543477,82.52444054298903,0.4099864130434781,0.409986413043478,9.203373429578232,6.527278096043922,0.22447996169576076,0.1592071807353216,False,19.867320548497293,0.18077595481441627,23.483754427797003
MMI,"Marcus & Millichap, Inc.",Real Estate,Real Estate Services,31.030000686645508,1175137249.093954,-0.25,-0.25,,0.0,,,,,,False,24.37544947652672,0.18871373771277855,37.44019231073693
MMM,3M,Industrials,Industrial Conglomerates,180.2100067138672,92938340230.0618,5.9,4.395202020202021,3.2742035251504955,-0.25505050505050497,-0.25505050505050497,41.00152982401114,55.039341729859025,,,False,26.16367280461197,0.1419973073572504,33.292022761598915
MMS,Maximus Inc.,Industrials,Data Processing & Outsourced Services,54.43000030517578,2849833056.068321,7.31,10.375941747572815,14.727793043642189,0.4194174757281554,0.4194174757281552,5.245788924933804,3.6957336475251843,0.12507320816393094,0.0881158716886792,False,26.16367280461197,0.1419973073572504,33.292022761598915
MMSI,"Merit Medical Systems, Inc.",Health Care,Health Care Supplies,89.7300033569336,5357816187.043915,2.33,2.635388349514563,2.980803327363559,0.13106796116504843,0.13106796116504846,34.04811415116934,30.10262452850165,2.597745005607737,2.29671876032272,False,26.111110051472984,0.13106796116504843,35.670037593695405
MNST,Monster Beverage,Consumer Staples,Soft Drinks & Non-alcoholic Beverages,45.52000045776367,44588018597.03136,2.9,3.688596491228071,4.691635887965529,0.27192982456140385,0.2719298245614036,12.340737341700493,9.702372806578317,0.4538206635335014,0.3567969354677187,False,21.581219732454,0.027309224733112505,30.262301818219143
MO,Altria,Consumer Staples,Tobacco,63.959999084472656,106796819978.26378,5.49,5.591855287569574,5.695600283628379,0.01855287569573296,0.0185528756957329,11.438064076274053,11.229720468327347,6.165116537111674,6.052819332428421,False,21.581219732454,0.027309224733112505,30.262301818219143
MOG-A,Moog Inc.,Industrials,Aerospace & Defense,445.3800048828125,14269085932.575562,11.58,17.37,26.055,0.5000000000000001,0.4999999999999999,25.640760212021444,17.09384014134763,0.5128152042404287,0.3418768028269527,False,26.16367280461197,0.1419973073572504,33.292022761598915
MOH,Molina Healthcare,Health Care,Managed Health Care,203.0599975585937,10599731872.558592,7.72,3.86,1.93,-0.5,-0.5,52.60621698409163,105.21243396818326,,,False,26.111110051472984,0.13106796116504843,35.670037593695405
MORN,"Morningstar, Inc.",Financials,Financial Exchanges & Data,206.7400054931641,7755555874.608201,9.82,12.556302083333335,16.055063340928825,0.2786458333333335,0.2786458333333336,16.46503915890821,12.876934902282589,0.5908948632729671,0.46212551425014103,False,12.175904990939271,0.2321522761151244,16.818363553496667
MOS,Mosaic Company (The),Materials,Fertilizers & Agricultural Chemicals,21.229999542236328,6748924419.058922,0.91,1.0754545454545454,1.27099173553719,0.18181818181818177,0.18181818181818177,19.740489853305125,16.703491414335105,1.085726941931782,0.9186920277884311,False,19.867320548497293,0.18077595481441627,23.483754427797003
MP,MP Materials,Materials,Diversified Metals & Mining,58.5099983215332,10420723614.942398,-0.58,-0.58,,0.0,,,,,,False,19.867320548497293,0.18077595481441627,23.483754427797003
MPC,Marathon Petroleum,Energy,Oil & Gas Refining & Marketing,358.17999267578125,100585811554.518,27.93,41.895,62.8425,0.5000000000000001,0.4999999999999999,8.549468735547947,5.699645823698631,0.1709893747109589,0.11399291647397267,False,18.15927134438993,0.0,31.84763181292061
MPT,Medical Properties Trust,Real Estate,Health Care REITs,4.050000190734863,2422305114.0785217,-0.44,-0.44,,0.0,,,,,,False,24.37544947652672,0.18871373771277855,37.44019231073693
MPWR,Monolithic Power Systems,Information Technology,Semiconductors,1415.989990234375,69585996090.08789,15.69,23.535,35.3025,0.5000000000000001,0.5000000000000001,60.16528532969514,40.110190219796756,1.2033057065939023,0.8022038043959349,False,32.824054964173854,0.16017875776961116,46.8792043447928
MRCY,Mercury Systems,Industrials,Electrical Components & Equipment,113.36000061035156,6806506597.527512,-0.84,-0.84,,0.0,,,,,,False,26.16367280461197,0.1419973073572504,33.292022761598915
MRK,Merck & Co.,Health Care,Pharmaceuticals,135.97000122070312,335461330630.5441,1.82,0.91,0.455,-0.5,-0.5,149.4175837590144,298.8351675180288,,,False,26.111110051472984,0.13106796116504843,35.670037593695405
MRNA,Moderna,Health Care,Biotechnology,64.45999908447266,25734745039.428627,-8.01,-8.01,,0.0,,,,,,False,26.111110051472984,0.13106796116504843,35.670037593695405
MRP,"Millrose Properties, Inc.",Real Estate,Single-Family Residential REITs,30.15999984741211,5008066074.58279,2.81,3.2361065573770498,3.726827633700619,0.15163934426229528,0.1516393442622952,9.319841393559546,8.092673665581954,0.6146057567644666,0.5336790201086473,False,24.37544947652672,0.18871373771277855,37.44019231073693
MRSH,Marsh McLennan,Financials,Insurance Brokers,184.2100067138672,87907090882.21307,8.95,8.530617678381255,8.130886924548692,-0.04685835995740164,-0.04685835995740162,21.59398224828455,22.655585844848265,,,False,12.175904990939271,0.2321522761151244,16.818363553496667
MRTN,"Marten Transport, Ltd.",Industrials,Cargo Ground Transportation,15.270000457763672,1246973723.0117457,0.21,0.1378125,0.090439453125,-0.34374999999999994,-0.34375,110.80272441007652,168.8422467201166,,,False,26.16367280461197,0.1419973073572504,33.292022761598915
MRVL,Marvell Technology,Information Technology,Semiconductors,234.3300018310547,204991885601.80664,2.66,2.66,,0.0,,88.09398565077244,,,,False,32.824054964173854,0.16017875776961116,46.8792043447928
MS,Morgan Stanley,Financials,Investment Banking & Brokerage,218.2100067138672,342713281121.8935,11.82,16.79235576923077,23.85644773946006,0.420673076923077,0.4206730769230768,12.994603598960255,9.146793734631924,0.3089002912667123,0.21743235392039323,False,12.175904990939271,0.2321522761151244,16.818363553496667
MSA,MSA Safety,Industrials,Office Services & Supplies,189.13999938964844,7296697557.913681,8.04,9.221340941512125,10.57625979597111,0.14693295292439376,0.14693295292439365,20.51111661409117,17.883448689649143,1.3959507520852334,1.2171162651887433,False,26.16367280461197,0.1419973073572504,33.292022761598915
MSCI,MSCI,Financials,Financial Exchanges & Data,550.6799926757812,40034435467.5293,18.39,24.382992069214133,32.32899957843171,0.3258832011535689,0.3258832011535687,22.584594667980372,17.03362305844958,0.6930272744355924,0.5226910438510969,False,12.175904990939271,0.2321522761151244,16.818363553496667
MSEX,Middlesex Water Company,Utilities,Water Utilities,58.02000045776367,1093325755.546074,2.73,3.0924896265560164,3.5031106558082676,0.1327800829875518,0.1327800829875519,18.76158288762904,16.562422988712814,1.4129817112245626,1.2473574813374335,False,22.02248481825099,-0.002881844380403428,27.042817602825924
MSFT,Microsoft,Information Technology,Systems Software,480.3500061035156,3566860821923.7827,16.61,22.249362903225805,29.80338046956295,0.33951612903225803,0.33951612903225786,21.5893825002006,16.117299398102798,0.6358868004809679,0.47471380649994016,False,32.824054964173854,0.16017875776961116,46.8792043447928
MSGS,Madison Square Garden Sports Corp.,Communication Services,Movies & Entertainment,411.9400024414063,10268840380.859377,-1.45,-0.725,-0.3625,0.5,0.5,,,,,False,16.09388154288399,0.09932629665828746,22.61772188630623
MSI,Motorola Solutions,Information Technology,Communications Equipment,457.0799865722656,75643898396.83337,11.88,17.232527472527476,24.996633256853045,0.4505494505494507,0.4505494505494507,26.524256949594534,18.28566198797805,0.5887091176617321,0.40585249778195165,False,32.824054964173854,0.16017875776961116,46.8792043447928
MSM,MSC Industrial Direct,Industrials,Trading Companies & Distributors,124.5999984741211,6958448645.585312,4.15,4.416025641025643,4.699104207758056,0.0641025641025644,0.06410256410256424,28.21541553485685,26.51569170745583,4.401604823437648,4.136447906363101,False,26.16367280461197,0.1419973073572504,33.292022761598915
MTB,M&T Bank,Financials,Regional Banks,252.8600006103516,36517096097.4647,18.51,24.31654364797729,31.94458643889707,0.31369765791341375,0.3136976579134139,10.398681830400067,7.915582225301832,0.3314873913808528,0.2523315691278343,False,12.175904990939271,0.2321522761151244,16.818363553496667
MTCH,Match Group,Communication Services,Interactive Media & Services,37.220001220703125,8543887941.913605,2.49,3.3155614973262035,4.4148385713060145,0.3315508021390374,0.3315508021390375,11.225851564122326,8.430659608397088,0.3385861681436895,0.2542795720597186,False,16.09388154288399,0.09932629665828746,22.61772188630623
MTD,Mettler Toledo,Health Care,Life Sciences Tools & Services,1417.4200439453125,28400220338.292847,40.21,44.44321330401319,49.1220892510822,0.10527762506871899,0.1052776250687191,31.89283444132336,28.85504394367928,3.0294029163847123,2.740852476947916,False,26.111110051472984,0.13106796116504843,35.670037593695405
MTDR,Matador Resources,Energy,Oil & Gas Exploration & Production,55.93999862670898,6922810673.089446,5.49,4.100693877551021,3.0629672636401506,-0.25306122448979584,-0.25306122448979584,13.641593422261735,18.26333545603347,,,False,18.15927134438993,0.0,31.84763181292061
MTG,MGIC Investment Corporation,Financials,Reinsurance,31.11000061035156,6381433897.598266,3.26,3.62716723549488,4.035687777376555,0.1126279863481228,0.1126279863481227,8.576941340314848,7.70872335187807,0.7615284280946218,0.6844411945758417,False,12.175904990939271,0.2321522761151244,16.818363553496667
MTH,Meritage Homes Corporation,Consumer Discretionary,Homebuilding,72.2300033569336,4707524956.175102,5.62,3.14585657370518,1.7609276836875614,-0.4402390438247011,-0.4402390438247011,22.960361244906128,41.01815425246574,,,False,17.12461478795241,0.09201273225257235,23.63279043999208
MTN,Vail Resorts,Consumer Discretionary,"Hotels, Resorts & Cruise Lines",146.60000610351562,5223875129.089783,19.94,23.1030563625799,26.767864257399374,0.15862870424172004,0.15862870424172004,6.345481039511472,5.476716584252379,0.40002098421242616,0.34525381836990243,False,17.12461478795241,0.09201273225257235,23.63279043999208
MTRN,Materion Corp.,Materials,Diversified Metals & Mining,287.7900085449219,5995737895.7725525,5.19,7.76256484149856,11.610291506448855,0.49567723342939485,0.4956772334293948,37.074087549826395,24.787492061251946,0.7479481616156836,0.5000732410031643,False,19.867320548497293,0.18077595481441627,23.483754427797003
MTSI,MACOM Technology Solutions,Information Technology,Semiconductors,327.5299987792969,25013770937.20377,3.0,3.0,,0.0,,109.17666625976562,,,,False,32.824054964173854,0.16017875776961116,46.8792043447928
MTUS,Metallus Inc,Materials,Steel,22.030000686645508,913127754.9809648,0.62,0.7392307692307692,0.8813905325443787,0.19230769230769235,0.1923076923076923,29.801249628136482,24.994596462308017,1.5496649806630969,1.299719016040017,False,19.867320548497293,0.18077595481441627,23.483754427797003
MTX,Minerals Technologies,Materials,Specialty Chemicals,72.37000274658203,2252788591.4376984,-1.9200000000000004,-1.9200000000000004,,0.0,,,,,,False,19.867320548497293,0.18077595481441627,23.483754427797003
MTZ,MasTec,Industrials,Construction & Engineering,302.4800109863281,24290641553.29651,5.55,8.325,12.487499999999999,0.49999999999999994,0.5,36.33393525361299,24.22262350240866,0.72667870507226,0.48445247004817316,False,26.16367280461197,0.1419973073572504,33.292022761598915
MU,Micron Technology,Information Technology,Semiconductors,1011.75,1142663520524.25,43.02,64.53,96.795,0.49999999999999994,0.5,15.678754067875406,10.452502711916937,0.31357508135750817,0.20905005423833875,False,32.824054964173854,0.16017875776961116,46.8792043447928
MUR,Murphy Oil,Energy,Oil & Gas Exploration & Production,34.81999969482422,4992530728.743553,2.02,2.11419689119171,2.2127863835270745,0.04663212435233165,0.046632124352331515,16.469610678122425,15.735816142958555,3.5318165120862504,3.3744583506566745,False,18.15927134438993,0.0,31.84763181292061
MUSA,Murphy USA,Consumer Discretionary,Automotive Retail,586.0599975585938,10771986117.946106,32.67,49.005,73.50750000000001,0.5,0.5000000000000001,11.959187788156182,7.972791858770788,0.23918375576312365,0.1594558371754157,False,17.12461478795241,0.09201273225257235,23.63279043999208
MWA,Mueller Water Products,Industrials,Industrial Machinery & Supplies & Components,25.18000030517578,3931244644.865776,1.41,1.7593805309734514,2.1953332289137757,0.24778761061946913,0.24778761061946908,14.311855713922153,11.469785075696477,0.5775856055975723,0.4628877548406077,False,26.16367280461197,0.1419973073572504,33.292022761598915
MXL,"MaxLinear, Inc.",Information Technology,Semiconductors,84.76000213623047,7687155062.901558,-1.33,-1.33,,0.0,,,,,,False,32.824054964173854,0.16017875776961116,46.8792043447928
MYRG,"MYR Group, Inc.",Industrials,Construction & Engineering,340.7799987792969,5305688995.994568,9.91,14.865,22.2975,0.5,0.49999999999999994,22.924991508866253,15.283327672577503,0.45849983017732504,0.3056665534515501,False,26.16367280461197,0.1419973073572504,33.292022761598915
MZTI,The Marzetti Company,Consumer Staples,Packaged Foods & Meats,114.76000213623048,3146948778.5797124,6.7,7.125396825396826,7.577802973041068,0.06349206349206353,0.06349206349206343,16.105769958971976,15.144231453958724,2.536658768538085,2.3852164539985012,False,21.581219732454,0.027309224733112505,30.262301818219143
NABL,"N-able, Inc.",Information Technology,Systems Software,3.2699999809265137,617722779.896903,-0.01,-0.005,-0.0025,0.5,0.5,,,,,False,32.824054964173854,0.16017875776961116,46.8792043447928
NATL,NCR Atleos,Financials,Transaction & Payment Processing Services,46.310001373291016,3422167115.0219955,2.58,3.87,5.805,0.5,0.4999999999999999,11.966408623589409,7.977605749059607,0.23932817247178817,0.15955211498119218,False,12.175904990939271,0.2321522761151244,16.818363553496667
NAVI,Navient,Financials,Consumer Finance,9.15999984741211,859059850.1697235,-0.3099999999999999,-0.1549999999999999,-0.07749999999999994,0.5000000000000002,0.5,,,,,False,12.175904990939271,0.2321522761151244,16.818363553496667
NBHC,National Bank Holdings Corporation,Financials,Regional Banks,43.209999084472656,1924553785.0928268,2.84,2.69752508361204,2.5621977382803323,-0.05016722408026751,-0.05016722408026762,16.018386389428343,16.864427924081248,,,False,12.175904990939271,0.2321522761151244,16.818363553496667
NBIX,Neurocrine Biosciences,Health Care,Biotechnology,154.49000549316406,15703782531.065628,6.4,9.6,14.399999999999999,0.4999999999999999,0.4999999999999999,16.092708905537926,10.72847260369195,0.3218541781107586,0.21456945207383907,False,26.111110051472984,0.13106796116504843,35.670037593695405
NBTB,"NBT Bancorp, Inc.",Financials,Regional Banks,53.290000915527344,2768951698.2608566,3.47,4.0541750841750845,4.736696142117019,0.1683501683501684,0.16835016835016856,13.14447447608702,11.250457980973614,0.7807817838795689,0.6682772040698319,False,12.175904990939271,0.2321522761151244,16.818363553496667
NCLH,Norwegian Cruise Line Holdings,Consumer Discretionary,"Hotels, Resorts & Cruise Lines",18.18000030517578,8348035180.41301,1.64,2.15168,2.8230041599999995,0.31199999999999994,0.3119999999999999,8.449211920534552,6.43994811016353,0.2708080743761075,0.2064085932744722,False,17.12461478795241,0.09201273225257235,23.63279043999208
NDAQ,"Nasdaq, Inc.",Financials,Financial Exchanges & Data,96.68000030517578,54041932495.54636,3.31,4.965,7.4475,0.49999999999999994,0.5,19.47230620446642,12.981537469644282,0.38944612408932844,0.25963074939288566,False,12.175904990939271,0.2321522761151244,16.818363553496667
NDSN,Nordson Corporation,Industrials,Industrial Machinery & Supplies & Components,309.8299865722656,17263091080.674194,8.66,9.816178010471203,11.126714865272334,0.13350785340314125,0.13350785340314147,31.563199673208956,27.84559416897418,2.364145544150163,2.0856896024604175,False,26.16367280461197,0.1419973073572504,33.292022761598915
NE,Noble Corporation,Energy,Oil & Gas Drilling,45.18000030517578,7212635457.958939,0.66,0.33,0.165,-0.5,-0.5,136.909091833866,273.818183667732,,,False,18.15927134438993,0.0,31.84763181292061
NEE,NextEra Energy,Utilities,Multi-Utilities,86.22000122070312,179798142881.90283,3.6,3.8230088495575223,4.059832406609758,0.06194690265486728,0.06194690265486732,22.552916985970956,21.237330161789316,3.6406851705924534,3.4283118689745575,False,22.02248481825099,-0.002881844380403428,27.042817602825924
NEM,Newmont,Materials,Gold,120.33000183105467,126790792898.79816,8.58,12.87,19.305,0.4999999999999999,0.5000000000000001,9.349650491923441,6.23310032794896,0.18699300983846887,0.12466200655897916,False,19.867320548497293,0.18077595481441627,23.483754427797003
NEO,"NeoGenomics Laboratories, Inc.",Health Care,Health Care Services,16.15999984741211,2104222344.9312592,-0.24,-0.12,-0.06,0.5,0.5,,,,,False,26.111110051472984,0.13106796116504843,35.670037593695405
NEOG,Neogen,Health Care,Health Care Supplies,11.869999885559082,2588324884.9654694,-0.03,-0.03,,0.0,,,,,,False,26.111110051472984,0.13106796116504843,35.670037593695405
NEU,NewMarket Corporation,Materials,Specialty Chemicals,951.0599975585938,8746333867.907837,49.67,49.431154077339215,49.1934566824572,-0.004808655580044018,-0.004808655580044006,19.240092919347585,19.333058941104046,,,False,19.867320548497293,0.18077595481441627,23.483754427797003
NFG,National Fuel Gas,Utilities,Gas Utilities,81.81999969482422,7776589971.174538,7.66,11.49,17.235,0.5,0.49999999999999994,7.120974734101324,4.747316489400883,0.14241949468202647,0.09494632978801767,False,22.02248481825099,-0.002881844380403428,27.042817602825924
NFLX,Netflix,Communication Services,Movies & Entertainment,76.0199966430664,316542680191.45105,8.620000000000001,4.581035758323059,2.43455784443556,-0.4685573366214549,-0.4685573366214548,16.594499727479622,31.225381157740067,,,False,16.09388154288399,0.09932629665828746,22.61772188630623
NGVT,"Ingevity, Corp.",Materials,Specialty Chemicals,75.79000091552734,2605502739.853928,-0.1799999999999997,-0.1799999999999997,,0.0,,,,,,False,19.867320548497293,0.18077595481441627,23.483754427797003
NHC,"National Healthcare, Corp.",Health Care,Health Care Facilities,228.1999969482422,3573930291.2052155,8.83,9.48526763990268,10.189162197121737,0.07420924574209291,0.0742092457420926,24.058361409671676,22.39634550254826,3.2419627997950813,3.0179993447696125,False,26.111110051472984,0.13106796116504843,35.670037593695405
NHI,"National Health Investors, Inc.",Real Estate,Health Care REITs,73.41000366210938,3605197139.787781,3.45,4.090206185567009,4.849213518971196,0.18556701030927794,0.18556701030927816,17.947751367925928,15.138538110337523,0.9671843792715661,0.8157989981681896,False,24.37544947652672,0.18871373771277855,37.44019231073693
NI,NiSource,Utilities,Multi-Utilities,42.369998931884766,20318960924.77455,1.57,1.1464651162790698,0.8371861546782045,-0.26976744186046514,-0.2697674418604651,36.957076434562154,50.61000913013288,,,False,22.02248481825099,-0.002881844380403428,27.042817602825924
NIC,Nicolet Bankshares,Financials,Regional Banks,177.89999389648438,3728341434.785492,8.5,9.122474747474747,9.790534766860524,0.07323232323232322,0.07323232323232325,19.501286528168254,18.170610506246184,2.662934298329183,2.48122819326672,False,12.175904990939271,0.2321522761151244,16.818363553496667
NJR,New Jersey Resources,Utilities,Gas Utilities,54.970001220703125,5577693115.482239,3.3200000000000003,2.488126410835215,1.8646906735830506,-0.25056433408577866,-0.2505643340857787,22.092929435305813,29.47942090313396,,,False,22.02248481825099,-0.002881844380403428,27.042817602825924
NKE,"Nike, Inc.",Consumer Discretionary,"Apparel, Accessories & Luxury Goods",39.09000015258789,33435693744.52629,1.91,1.1122256097560976,0.6476679617787031,-0.4176829268292682,-0.4176829268292684,35.14574723842227,60.35500049320683,,,False,17.12461478795241,0.09201273225257235,23.63279043999208
NLY,Annaly Capital Management,Financials,Mortgage REITs,23.3700008392334,17614307142.082333,2.62,3.93,5.8950000000000005,0.5,0.5000000000000001,5.946565099041577,3.9643767326943844,0.11893130198083154,0.07928753465388766,False,12.175904990939271,0.2321522761151244,16.818363553496667
NMIH,"NMI Holdings, Inc.",Financials,Commercial & Residential Mortgage Finance,45.560001373291016,3426925394.855999,5.09,5.583642241379311,6.125159269099288,0.09698275862068989,0.09698275862068965,8.159548804121888,7.438174155427418,0.8413401433583437,0.7669584018040715,False,12.175904990939271,0.2321522761151244,16.818363553496667
NNN,NNN Reit,Real Estate,Retail REITs,46.15999984741211,8859553394.713593,2.08,1.948828828828829,1.8259297134972816,-0.06306306306306306,-0.06306306306306282,23.686020631761945,25.280272020438222,,,False,24.37544947652672,0.18871373771277855,37.44019231073693
NOC,Northrop Grumman,Industrials,Aerospace & Defense,570.2000122070312,81004339159.3678,29.64,38.19693913043479,49.22422938374292,0.28869565217391335,0.288695652173913,14.92789802502012,11.583726537633696,0.5170808050835277,0.40124353970719134,False,26.16367280461197,0.1419973073572504,33.292022761598915
NOG,"Northern Oil and Gas, Inc.",Energy,Oil & Gas Exploration & Production,25.530000686645508,2720199311.00148,-3.45,-1.725,-0.8625,0.5,0.5,,,,,False,18.15927134438993,0.0,31.84763181292061
NOV,NOV Inc.,Energy,Oil & Gas Equipment & Services,21.600000381469727,7751991304.90509,0.64,0.32,0.16,-0.5,-0.5,67.5000011920929,135.0000023841858,,,False,18.15927134438993,0.0,31.84763181292061
NOVT,Novanta,Information Technology,Electronic Equipment & Instruments,168.75,6381748687.5,1.23,0.7920942408376964,0.5100921027384119,-0.3560209424083769,-0.3560209424083769,213.04283164782865,330.8226084937827,,,True,32.824054964173854,0.16017875776961116,46.8792043447928
NOW,ServiceNow,Information Technology,Systems Software,117.6999969482422,121701796844.48244,3.51,2.2647242647058823,1.4612467222642733,-0.35477941176470584,-0.3547794117647059,51.97100538132301,80.54765506393082,,,False,32.824054964173854,0.16017875776961116,46.8792043447928
NPK,"National Presto Industries, Inc.",Industrials,Aerospace & Defense,144.1699981689453,1028806766.3234712,5.27,4.151405082212256,3.270239877916082,-0.21225710014947696,-0.21225710014947682,34.72800059591344,44.08545047185216,,,False,26.16367280461197,0.1419973073572504,33.292022761598915
NPO,"EnPro Industries, Inc.",Industrials,Industrial Machinery & Supplies & Components,346.3299865722656,7331002676.496002,4.82,5.881620253164558,7.177065726646372,0.2202531645569621,0.22025316455696214,58.883432058696,48.25509473689817,2.673443179676427,2.1908922323074447,False,26.16367280461197,0.1419973073572504,33.292022761598915
NRG,NRG Energy,Utilities,Independent Power Producers & Energy Traders,122.37000274658205,25723457382.07034,2.9,1.5290909090909088,0.8062479338842973,-0.4727272727272728,-0.4727272727272728,80.02794472130813,151.777136540412,,,False,22.02248481825099,-0.002881844380403428,27.042817602825924
NSC,Norfolk Southern,Industrials,Rail Transportation,341.1199951171875,76618407101.03943,12.26,12.913024054982818,13.600831178186372,0.053264604810996624,0.05326460481099666,26.41673969356215,25.08081974168543,4.959529839242953,4.708721641826095,False,26.16367280461197,0.1419973073572504,33.292022761598915
NSIT,"Insight Enterprises, Inc.",Industrials,Technology Distributors,149.30999755859375,4382076721.847534,6.62,7.621634782608695,8.774821262759923,0.1513043478260869,0.15130434782608684,19.590285000180586,17.015730929159876,1.294760215529177,1.1246029062375789,False,26.16367280461197,0.1419973073572504,33.292022761598915
NSP,Insperity,Industrials,Human Resource & Employment Services,50.459999084472656,1927333289.231186,0.3099999999999999,0.1549999999999999,0.07749999999999994,-0.5000000000000002,-0.5,325.5483811901464,651.0967623802928,,,True,26.16367280461197,0.1419973073572504,33.292022761598915
NSSC,Napco Security Technologies,Information Technology,Electronic Equipment & Instruments,38.060001373291016,1359782495.284031,0.99,0.7657031250000002,0.5922235107421877,-0.22656249999999983,-0.2265624999999999,49.70595016611824,64.26627900265792,,,False,32.824054964173854,0.16017875776961116,46.8792043447928
NTAP,NetApp,Information Technology,"Technology Hardware, Storage & Peripherals",204.1999969482422,40006848495.49983,5.77,6.4396324951644095,7.186978626131265,0.11605415860735008,0.11605415860735001,31.709883615497965,28.412495371252078,2.7323349715354084,2.4482100178228894,False,32.824054964173854,0.16017875776961116,46.8792043447928
NTCT,"NETSCOUT Systems, Inc.",Information Technology,Communications Equipment,39.13999938964844,2845764147.3029785,1.34,1.34,,0.0,,29.208954768394353,,,,False,32.824054964173854,0.16017875776961116,46.8792043447928
NTNX,Nutanix,Information Technology,Systems Software,65.66000366210938,17749245610.88327,1.04,1.56,2.34,0.5,0.49999999999999983,42.089745937249596,28.05983062483307,0.8417949187449919,0.5611966124966615,False,32.824054964173854,0.16017875776961116,46.8792043447928
NTRS,Northern Trust,Financials,Asset Management & Custody Banks,191.47000122070312,35030519103.24454,9.03,9.050044395116537,9.07013328389593,0.0022197558268590495,0.0022197558268590074,21.156802426739652,21.10994350663613,95.31139493246197,95.10029549739741,False,12.175904990939271,0.2321522761151244,16.818363553496667
NTST,NETSTREIT Corp.,Real Estate,Retail REITs,20.43000030517578,2074217030.123886,0.1699999999999999,0.1699999999999999,,0.0,,120.17647238338702,,,,False,24.37544947652672,0.18871373771277855,37.44019231073693
NUE,Nucor,Materials,Steel,272.67999267578125,61864457669.99292,13.5,20.25,30.375,0.5,0.5,13.465678650655864,8.977119100437243,0.26931357301311726,0.17954238200874484,False,19.867320548497293,0.18077595481441627,23.483754427797003
NVDA,Nvidia,Information Technology,Semiconductors,225.009994506836,5445241867065.431,5.53,8.295,12.442499999999999,0.49999999999999994,0.4999999999999999,27.125978843500423,18.08398589566695,0.5425195768700085,0.3616797179133391,False,32.824054964173854,0.16017875776961116,46.8792043447928
NVR,"NVR, Inc.",Consumer Discretionary,Homebuilding,6298.830078125,16785500321.992188,372.59,300.2039402720412,241.8809032847347,-0.19427805289449196,-0.19427805289449193,20.981836788741266,26.041039175011733,,,False,17.12461478795241,0.09201273225257235,23.63279043999208
NVST,Envista Holdings,Health Care,Health Care Supplies,27.63999938964844,4439473378.726731,0.54,0.54,,0.0,,51.18518405490452,,,,False,26.111110051472984,0.13106796116504843,35.670037593695405
NVT,nVent Electric plc,Industrials,Electrical Components & Equipment,177.2100067138672,28682846456.882706,3.6,3.192118226600985,2.83044965905506,-0.11330049261083755,-0.11330049261083756,55.51486321437507,62.608429069545224,,,False,26.16367280461197,0.1419973073572504,33.292022761598915
NWBI,"Northwest Bancshares, Inc.",Financials,Regional Banks,15.6899995803833,2297943562.7233067,0.98,1.1039080459770114,1.2434826265028405,0.12643678160919536,0.12643678160919541,14.21313997806484,12.617787531547357,1.1241301619014923,0.9979522865860181,False,12.175904990939271,0.2321522761151244,16.818363553496667
NWE,NorthWestern Energy,Utilities,Multi-Utilities,70.81999969482422,4356694118.226242,2.77,2.090708446866485,1.578000653356993,-0.24523160762942783,-0.24523160762942764,33.873685162064525,44.879575647933855,,,False,22.02248481825099,-0.002881844380403428,27.042817602825924
NWL,Newell Brands,Consumer Discretionary,Housewares & Specialties,6.039999961853027,2572435983.7532043,0.33,0.33,,0.0,,18.303030187433414,,,,False,17.12461478795241,0.09201273225257235,23.63279043999208
NWN,NW Natural,Utilities,Gas Utilities,50.43000030517578,2122777134.1859283,1.55,0.7775080906148867,0.3900121490139399,-0.49838187702265374,-0.4983818770226538,64.86106178688581,129.30366511063045,,,False,22.02248481825099,-0.002881844380403428,27.042817602825924
NWS,News Corp (Class B),Communication Services,Publishing,32.68000030517578,18921720176.696777,2.01,3.015000000000001,4.522500000000002,0.5000000000000007,0.5000000000000001,10.839137746326955,7.226091830884637,0.2167827549265388,0.1445218366176927,False,16.09388154288399,0.09932629665828746,22.61772188630623
NWSA,News Corp (Class A),Communication Services,Publishing,28.700000762939453,16617300441.741943,2.01,3.015000000000001,4.522500000000002,0.5000000000000007,0.5000000000000001,9.519071563163994,6.346047708775996,0.19038143126327964,0.12692095417551988,False,16.09388154288399,0.09932629665828746,22.61772188630623
NX,Quanex Building Products Corporation,Industrials,Building Products,20.739999771118164,952545983.587923,-5.62,-2.81,-1.405,0.5,0.5,,,,,False,26.16367280461197,0.1419973073572504,33.292022761598915
NXPI,NXP Semiconductors,Information Technology,Semiconductors,232.72000122070312,58755069813.07224,10.58,10.354893617021276,10.13457673155274,-0.021276595744680958,-0.0212765957446807,22.474398079586276,22.962971950881624,,,False,32.824054964173854,0.16017875776961116,46.8792043447928
NXRT,"NexPoint Residential Trust, Inc.",Real Estate,Multi-Family Residential REITs,23.96999931335449,612429000.0663356,-1.2000000000000002,-0.6000000000000001,-0.30000000000000004,0.5,0.5,,,,,False,24.37544947652672,0.18871373771277855,37.44019231073693
NXST,Nexstar Media Group,Communication Services,Broadcasting,184.8000030517578,5693374118.819473,13.9,11.142445213379473,8.931948585119649,-0.19838523644751996,-0.19838523644751996,16.58522878172703,20.68977460972278,,,False,16.09388154288399,0.09932629665828746,22.61772188630623
NXT,Nextpower,Industrials,Electrical Components & Equipment,99.08999633789062,13529988195.036713,3.93,4.694498480243161,5.607713990077697,0.19452887537993915,0.19452887537993915,21.107685252197175,17.670301394333006,1.0850669449957613,0.9083639310524313,False,26.16367280461197,0.1419973073572504,33.292022761598915
NYT,New York Times Company,Communication Services,Publishing,65.2699966430664,10663420431.564331,2.11,3.165,4.7475000000000005,0.5000000000000001,0.5000000000000001,20.62243179875716,13.748287865838105,0.4124486359751431,0.27496575731676204,False,16.09388154288399,0.09932629665828746,22.61772188630623
O,Realty Income,Real Estate,Retail REITs,62.400001525878906,59044006703.01414,1.27,1.5659223300970873,1.930797436139127,0.23300970873786397,0.23300970873786403,39.84872067186762,32.318253773246965,1.7101742621676528,1.3869917244351824,False,24.37544947652672,0.18871373771277855,37.44019231073693
OC,Owens Corning,Industrials,Building Products,153.80999755859375,12158477739.240051,-0.1600000000000001,-0.08,-0.04,0.5000000000000002,0.5,,,,,False,26.16367280461197,0.1419973073572504,33.292022761598915
ODFL,Old Dominion,Industrials,Cargo Ground Transportation,211.9600067138672,43951310991.28482,5.37,5.300900735294118,5.232690615538497,-0.012867647058823404,-0.012867647058823196,39.98565853206958,40.506886855578855,,,False,26.16367280461197,0.1419973073572504,33.292022761598915
OFG,OFG Bancorp,Financials,Regional Banks,53.52000045776367,2262049258.227608,4.96,5.95680387409201,7.153933950483383,0.2009685230024214,0.20096852300242135,8.984683999844073,7.48119857245081,0.44706921589585547,0.3722572301713475,False,12.175904990939271,0.2321522761151244,16.818363553496667
OGE,OGE Energy,Utilities,Multi-Utilities,47.34999847412109,9771823784.447777,2.22,1.705328719723183,1.3099756947354553,-0.23183391003460233,-0.2318339100346022,27.765906904920456,36.145707637486545,,,False,22.02248481825099,-0.002881844380403428,27.042817602825924
OGN,Organon & Co.,Health Care,Pharmaceuticals,13.699999809265137,3597749182.0112257,2.12,1.387160493827161,0.9076482243560438,-0.3456790123456789,-0.3456790123456789,9.876290357337805,15.093953187629472,,,False,26.111110051472984,0.13106796116504843,35.670037593695405
OGS,One Gas,Utilities,Gas Utilities,79.9800033569336,5027244685.604324,3.75,3.090659340659341,2.547246709334622,-0.17582417582417578,-0.17582417582417564,25.877974419487845,31.398608962311915,,,False,22.02248481825099,-0.002881844380403428,27.042817602825924
OHI,Omega Healthcare Investors,Real Estate,Health Care REITs,46.56999969482422,14111315317.527773,2.71,4.065,6.0975,0.5000000000000001,0.4999999999999999,11.45633448827164,7.637556325514427,0.22912668976543274,0.15275112651028858,False,24.37544947652672,0.18871373771277855,37.44019231073693
OI,"O-I Glass, Inc.",Materials,"Metal, Glass & Plastic Containers",6.619999885559082,1017227507.5550376,-6.65,-3.325,-1.6625,0.5,0.5,,,,,False,19.867320548497293,0.18077595481441627,23.483754427797003
OII,"Oceaneering International, Inc.",Energy,Oil & Gas Equipment & Services,54.11000061035156,5385549151.698074,2.26,3.39,5.085,0.5000000000000002,0.49999999999999994,15.961652097448837,10.641101398299226,0.3192330419489766,0.21282202796598454,False,18.15927134438993,0.0,31.84763181292061
OKE,Oneok,Energy,Oil & Gas Storage & Transportation,95.31999969482422,60086836466.066444,5.59,6.7345043103448265,8.113336011816289,0.20474137931034467,0.2047413793103448,14.153974116313774,11.748558121591397,0.6913098936810101,0.5738243124650957,False,18.15927134438993,0.0,31.84763181292061
OKTA,"Okta, Inc.",Information Technology,Application Software,143.24000549316406,25453605736.12976,1.38,1.38,,0.0,,103.79710542982905,,,,False,32.824054964173854,0.16017875776961116,46.8792043447928
OLED,Universal Display,Information Technology,Semiconductors,86.63999938964844,3982566556.3440704,4.15,3.417162698412699,2.8137351584152186,-0.17658730158730152,-0.17658730158730154,25.354367654163337,30.791810355899567,,,False,32.824054964173854,0.16017875776961116,46.8792043447928
OLLI,Ollie's Bargain Outlet,Consumer Discretionary,Broadline Retail,74.93000030517578,4529765188.008881,3.43,4.473346007604564,5.834059622085041,0.30418250950570386,0.30418250950570364,16.75032518785644,12.843543802933652,0.5506669405507797,0.42223150252144354,False,17.12461478795241,0.09201273225257235,23.63279043999208
OLN,Olin Corporation,Materials,Diversified Chemicals,19.01000022888184,2166807160.988522,-0.49,-0.245,-0.1225,0.5,0.5,,,,,False,19.867320548497293,0.18077595481441627,23.483754427797003
OMC,Omnicom Group,Communication Services,Advertising,85.45999908447266,24356629249.229034,5.86,4.870865248226951,4.048690830441126,-0.16879432624113466,-0.16879432624113458,17.54513720443838,21.108057558240706,,,False,16.09388154288399,0.09932629665828746,22.61772188630623
OMCL,Omnicell,Health Care,Health Care Technology,36.02999877929688,1643504214.8377688,1.01,1.01,,0.0,,35.67326611811573,,,,False,26.111110051472984,0.13106796116504843,35.670037593695405
ON,ON Semiconductor,Information Technology,Semiconductors,83.37999725341797,32460810227.703423,1.52,1.444,1.3718,-0.050000000000000044,-0.05000000000000003,57.74238036940303,60.781453020424244,,,False,32.824054964173854,0.16017875776961116,46.8792043447928
ONB,Old National Bank,Financials,Regional Banks,27.06999969482422,10459116992.088318,1.83,1.9699411764705883,2.120583737024222,0.07647058823529411,0.07647058823529435,13.741526913673496,12.76535287062565,1.796968904095765,1.6693153753895031,False,12.175904990939271,0.2321522761151244,16.818363553496667
ONTO,Onto Innovation,Information Technology,Semiconductor Materials & Equipment,351.1600036621094,17232912756.23526,3.14,2.251050228310502,1.6137666020308161,-0.2831050228310504,-0.2831050228310503,155.9982977037648,217.60272100079297,,,False,32.824054964173854,0.16017875776961116,46.8792043447928
OPCH,Option Care Health,Health Care,Health Care Facilities,23.3700008392334,3669732900.262726,1.2,1.220338983050847,1.24102269462798,0.016949152542372614,0.01694915254237288,19.150417354371818,18.831243731798956,11.29874623907955,11.110433801761385,False,26.111110051472984,0.13106796116504843,35.670037593695405
OPLN,"OPENLANE, Inc.",Industrials,Diversified Support Services,35.09000015258789,4308962714.687405,1.07,1.605,2.4074999999999998,0.4999999999999999,0.4999999999999999,21.862928443979996,14.575285629319998,0.4372585688796,0.29150571258640007,False,26.16367280461197,0.1419973073572504,33.292022761598915
ORA,Ormat Technologies,Utilities,Renewable Electricity,113.91000366210938,7005116774.518524,1.99,1.9507881773399012,1.9123490014317257,-0.019704433497537095,-0.019704433497536988,58.39178491302797,59.565489132385316,,,False,22.02248481825099,-0.002881844380403428,27.042817602825924
ORCL,Oracle Corporation,Information Technology,Application Software,146.64999389648438,422421054569.0002,5.4,7.5348837209302335,10.513791238507302,0.3953488372093024,0.3953488372093023,19.462807831940825,13.948345612890925,0.492294551043209,0.3528110949142999,False,32.824054964173854,0.16017875776961116,46.8792043447928
ORI,Old Republic International,Financials,Property & Casualty Insurance,42.5099983215332,10263313108.982857,4.5600000000000005,5.890538243626064,7.609307192899392,0.2917847025495752,0.2917847025495752,7.216657725214112,5.586579335527591,0.24732817252432818,0.1914623791690523,False,12.175904990939271,0.2321522761151244,16.818363553496667
ORLY,O'Reilly Automotive,Consumer Discretionary,Automotive Retail,90.2300033569336,72992534977.78766,3.21,1.605,0.8025,-0.5,-0.5,56.21807062737295,112.4361412547459,,,False,17.12461478795241,0.09201273225257235,23.63279043999208
OSIS,"OSI Systems, Inc.",Information Technology,Electronic Equipment & Instruments,229.8699951171875,3788921843.817138,8.76,9.335474452554744,9.948753796153229,0.06569343065693421,0.06569343065693413,24.623279329341567,23.105405946025996,3.7482102979108882,3.517156238450633,False,32.824054964173854,0.16017875776961116,46.8792043447928
OSK,Oshkosh,Industrials,Construction Machinery & Heavy Transportation Equipment,153.97000122070312,9600231122.842438,4.279999999999999,2.551309192200556,1.5208361201418354,-0.4038997214484681,-0.4038997214484681,60.34940872372308,101.2403632327878,,,False,26.16367280461197,0.1419973073572504,33.292022761598915
OSW,OneSpaWorld Holdings Limited,Consumer Discretionary,Leisure Facilities,26.725000381469727,2712553116.918686,0.86,1.0416901408450705,1.2617655227137472,0.21126760563380292,0.21126760563380265,25.655422215851143,21.180639271225946,1.2143566515502868,1.0025502588380288,False,17.12461478795241,0.09201273225257235,23.63279043999208
OTIS,Otis Worldwide,Industrials,Industrial Machinery & Supplies & Components,70.55999755859375,26860027630.471497,3.93,4.032610966057442,4.137901069609856,0.026109660574412698,0.02610966057441259,17.497348033940913,17.052122893128168,6.701484296999327,6.530963068068074,False,26.16367280461197,0.1419973073572504,33.292022761598915
OTTR,Otter Tail Corporation,Utilities,Electric Utilities,92.62999725341795,3889124160.08316,5.26,3.693938584779706,2.5941411156129845,-0.2977303070761015,-0.2977303070761015,25.076214757626268,35.70738565296972,,,False,22.02248481825099,-0.002881844380403428,27.042817602825924
OUT,Outfront Media,Real Estate,Other Specialized REITs,29.780000686645508,5245307895.722479,0.94,0.577516339869281,0.35481396044256475,-0.3856209150326798,-0.3856209150326798,51.56564175030289,83.93131050847173,,,False,24.37544947652672,0.18871373771277855,37.44019231073693
OVV,Ovintiv,Energy,Oil & Gas Exploration & Production,63.84999847412109,17590903162.614895,1.02,0.51,0.255,-0.5,-0.5,125.19607543945311,250.39215087890622,,,False,18.15927134438993,0.0,31.84763181292061
OXY,Occidental Petroleum,Energy,Oil & Gas Exploration & Production,59.040000915527344,59018591299.03535,6.79,10.185,15.2775,0.5000000000000001,0.4999999999999999,5.796760030979612,3.864506687319741,0.1159352006195922,0.07729013374639485,False,18.15927134438993,0.0,31.84763181292061
OZK,Bank OZK,Financials,Regional Banks,51.11000061035156,,,,,,,,,,,False,12.175904990939271,0.2321522761151244,16.818363553496667
P,Everpure,Information Technology,"Technology Hardware, Storage & Peripherals",116.98999786376952,38888052284.58645,0.33,0.2792307692307692,0.23627218934911245,-0.1538461538461539,-0.15384615384615374,418.9724441402214,495.1492521657162,,,True,32.824054964173854,0.16017875776961116,46.8792043447928
PAG,Penske Automotive Group,Consumer Discretionary,Automotive Retail,217.9499969482422,14311222969.962814,13.76,12.46462146148782,11.291191001321423,-0.09414088215931542,-0.09414088215931529,17.485488638515537,19.302657879291495,,,False,17.12461478795241,0.09201273225257235,23.63279043999208
PAHC,Phibro Animal Health,Health Care,Pharmaceuticals,34.630001068115234,2386353373.603821,2.42,3.63,5.445,0.5,0.5000000000000001,9.539945197827889,6.359963465218592,0.19079890395655777,0.1271992693043718,False,26.111110051472984,0.13106796116504843,35.670037593695405
PANW,Palo Alto Networks,Information Technology,Systems Software,375.760009765625,306244407958.9844,1.23,0.615,0.3075,-0.5,-0.5,610.9918857977642,1221.9837715955284,,,True,32.824054964173854,0.16017875776961116,46.8792043447928
PARR,"Par Pacific Holdings, Inc.",Energy,Oil & Gas Refining & Marketing,82.06999969482422,4111676372.600807,16.78,16.78,,0.0,,4.890941578952575,,,,False,18.15927134438993,0.0,31.84763181292061
PATH,UiPath,Information Technology,Systems Software,15.989999771118164,8439809699.192047,0.37,0.37,,0.0,,43.21621559761666,,,,False,32.824054964173854,0.16017875776961116,46.8792043447928
PATK,"Patrick Industries, Inc.",Consumer Discretionary,Automotive Parts & Equipment,84.77999877929688,2722986382.713135,4.35,3.933991683991683,3.5577679470610852,-0.09563409563409576,-0.09563409563409571,21.550629891844,23.829547075809113,,,False,17.12461478795241,0.09201273225257235,23.63279043999208
PAYC,Paycom,Industrials,Human Resource & Employment Services,214.19000244140625,9653890183.648132,8.92,8.500683760683762,8.101078968514868,-0.04700854700854688,-0.04700854700854693,25.196796924977907,26.43968825311583,,,False,26.16367280461197,0.1419973073572504,33.292022761598915
PAYO,Payoneer Global Inc.,Financials,Transaction & Payment Processing Services,7.130000114440918,2416006499.4584007,0.14,0.07,0.035,-0.5,-0.5,101.8571444920131,203.7142889840262,,,False,12.175904990939271,0.2321522761151244,16.818363553496667
PAYX,Paychex,Industrials,Human Resource & Employment Services,118.54000091552734,42162646550.03738,5.15,5.548640167364018,5.978137418812699,0.07740585774058603,0.07740585774058609,21.363793170938656,19.828918710113932,2.759971117759093,2.5616819306579517,False,26.16367280461197,0.1419973073572504,33.292022761598915
PB,Prosperity Bancshares,Financials,Regional Banks,74.4800033569336,8950766307.50544,5.699999999999999,6.420948616600788,7.233084410004839,0.12648221343873492,0.1264822134387349,11.599532686552296,10.29712901648327,0.9170880530305427,0.8141167628657103,False,12.175904990939271,0.2321522761151244,16.818363553496667
PBF,PBF Energy,Energy,Oil & Gas Refining & Marketing,75.06999969482422,9053724151.324654,10.59,10.59,,0.0,,7.0887629551297655,,,,False,18.15927134438993,0.0,31.84763181292061
PBH,Prestige Consumer Healthcare,Health Care,Pharmaceuticals,50.040000915527344,2370621124.2526703,3.39,2.641862068965517,2.0588304399524375,-0.2206896551724139,-0.22068965517241373,18.941186030624863,24.305061720713315,,,False,26.111110051472984,0.13106796116504843,35.670037593695405
PBI,"Pitney Bowes, Inc.",Industrials,Office Services & Supplies,16.020000457763672,2196185258.994919,1.22,1.22,,0.0,,13.131147916199732,,,,False,26.16367280461197,0.1419973073572504,33.292022761598915
PCAR,Paccar,Industrials,Construction Machinery & Heavy Transportation Equipment,130.83999633789062,68869588522.91397,5.07,3.565173370319002,2.506994311722239,-0.2968099861303744,-0.29680998613037435,36.69947650433152,52.18998532470024,,,False,26.16367280461197,0.1419973073572504,33.292022761598915
PCG,PG&E Corporation,Utilities,Multi-Utilities,17.5,46901933680.0,1.33,1.5653982300884957,1.8424598637324772,0.17699115044247787,0.17699115044247787,11.179263949347051,9.498171626136969,0.6316284131381085,0.5366466968767388,False,22.02248481825099,-0.002881844380403428,27.042817602825924
PCRX,"Pacira BioSciences, Inc.",Health Care,Pharmaceuticals,23.239999771118164,926390221.5163383,0.2,0.2,,0.0,,116.19999885559082,,,,False,26.111110051472984,0.13106796116504843,35.670037593695405
PCTY,Paylocity,Industrials,Human Resource & Employment Services,145.47000122070312,7718196472.376801,5.44,7.976711590296494,11.696310256391623,0.4663072776280319,0.4663072776280321,18.23683852349186,12.437255684219634,0.391090583365057,0.2667180265228605,False,26.16367280461197,0.1419973073572504,33.292022761598915
PDFS,"PDF Solutions, Inc.",Information Technology,Semiconductor Materials & Equipment,52.79999923706055,2229596972.583191,0.28,0.42,0.63,0.4999999999999998,0.5000000000000001,125.71428389776321,83.8095225985088,2.5142856779552654,1.6761904519701756,False,32.824054964173854,0.16017875776961116,46.8792043447928
PEB,Pebblebrook Hotel Trust,Real Estate,Hotel & Resort REITs,18.13999938964844,2046966799.3662724,-0.4,-0.4,,0.0,,,,,,False,24.37544947652672,0.18871373771277855,37.44019231073693
PECO,Phillips Edison & Company,Real Estate,Retail REITs,39.95000076293945,5141565098.190308,0.87,1.305,1.9575,0.49999999999999994,0.5000000000000001,30.613027404551307,20.408684936367536,0.6122605480910263,0.4081736987273506,False,24.37544947652672,0.18871373771277855,37.44019231073693
PEG,Public Service Enterprise Group,Utilities,Electric Utilities,75.61000061035156,37685538772.51144,4.56,5.010506024096384,5.5055198722601215,0.0987951807228913,0.09879518072289126,15.090292327108298,13.733489727521809,1.5274320282316975,1.3900971309564802,False,22.02248481825099,-0.002881844380403428,27.042817602825924
PEGA,Pegasystems,Information Technology,Application Software,31.8799991607666,5241229508.625879,0.67,1.005,1.5074999999999998,0.4999999999999998,0.5,31.721392199767767,21.147594799845177,0.6344278439953556,0.4229518959969035,False,32.824054964173854,0.16017875776961116,46.8792043447928
PEN,"Penumbra, Inc.",Health Care,Health Care Equipment,327.1700134277344,12887037724.650696,4.02,6.029999999999999,9.044999999999998,0.5,0.49999999999999983,54.25705031969061,36.171366879793744,1.0851410063938123,0.7234273375958751,False,26.111110051472984,0.13106796116504843,35.670037593695405
PENG,"Penguin Solutions, Inc.",Information Technology,Semiconductors,63.08000183105469,3232389546.748184,1.29,1.935,2.9025,0.5,0.4999999999999999,32.59948415041586,21.732989433610573,0.6519896830083173,0.4346597886722116,False,32.824054964173854,0.16017875776961116,46.8792043447928
PENN,Penn Entertainment,Consumer Discretionary,Casinos & Gaming,18.64999961853028,2500341871.0076547,-5.930000000000001,-5.930000000000001,,0.0,,,,,,False,17.12461478795241,0.09201273225257235,23.63279043999208
PEP,PepsiCo,Consumer Staples,Soft Drinks & Non-alcoholic Beverages,138.24000549316406,188682616475.4933,6.7,6.260808926080893,5.850407225208087,-0.06555090655509066,-0.06555090655509054,22.08021473348154,23.62912531926308,,,False,21.581219732454,0.027309224733112505,30.262301818219143
PFBC,Preferred Bank,Financials,Regional Banks,107.47000122070312,,,,,,,,,,,False,12.175904990939271,0.2321522761151244,16.818363553496667
PFE,Pfizer,Health Care,Pharmaceuticals,26.8700008392334,153150234119.78644,1.56,1.3083870967741935,1.09735691987513,-0.1612903225806452,-0.16129032258064516,20.53673634162316,24.48610871501223,,,False,26.111110051472984,0.13106796116504843,35.670037593695405
PFG,Principal Financial Group,Financials,Life & Health Insurance,112.97000122070312,24402919284.166992,4.88,3.0298218829516537,1.8811107873796526,-0.37913486005089064,-0.3791348600508906,37.28602062595432,60.05494305737725,,,False,12.175904990939271,0.2321522761151244,16.818363553496667
PFGC,Performance Food Group,Consumer Staples,Food Distributors,104.68000030517578,16490557837.835266,1.63,1.4284408602150536,1.251805700080934,-0.1236559139784947,-0.12365591397849468,73.28269809463171,83.62320150675765,,,False,21.581219732454,0.027309224733112505,30.262301818219143
PFS,"Provident Financial Services, Inc.",Financials,Regional Banks,24.56999969482422,3204483684.458176,2.31,3.465,5.1975,0.4999999999999999,0.5,7.090909002835272,4.727272668556848,0.1418181800567055,0.09454545337113697,False,12.175904990939271,0.2321522761151244,16.818363553496667
PG,Procter & Gamble,Consumer Staples,Personal Care Products,143.1199951171875,332672848197.4292,6.9,7.4274570982839325,7.995234629978024,0.076443057722309,0.07644305772230893,19.2690436610202,17.90066229958543,2.520705507492639,2.341698884496787,False,21.581219732454,0.027309224733112505,30.262301818219143
PGNY,"Progyny, Inc.",Health Care,Health Care Services,25.32999992370605,1943489787.4862096,0.92,1.38,2.07,0.49999999999999983,0.5,18.35507240848265,12.236714938988431,0.36710144816965307,0.24473429877976863,False,26.111110051472984,0.13106796116504843,35.670037593695405
PGR,Progressive Corporation,Financials,Property & Casualty Insurance,203.83999633789065,118506819467.753,20.32,27.974417344173443,38.51220599143661,0.37669376693766937,0.37669376693766937,7.28665744240592,5.292867315448395,0.19343716519768234,0.1405084920431984,False,12.175904990939271,0.2321522761151244,16.818363553496667
PH,Parker Hannifin,Industrials,Industrial Machinery & Supplies & Components,1053.760009765625,132864794503.9524,27.32,31.923969204448248,37.30379977183602,0.16852010265183923,0.16852010265183914,33.00842708552655,28.248060953865693,1.9587234143644938,1.6762428048258378,False,26.16367280461197,0.1419973073572504,33.292022761598915
PHIN,"PHINIA, Inc.",Consumer Discretionary,Automotive Retail,74.5999984741211,2733201308.8947144,3.48,5.22,7.83,0.49999999999999994,0.5000000000000001,14.291187447149635,9.527458298099756,0.28582374894299273,0.19054916596199506,False,17.12461478795241,0.09201273225257235,23.63279043999208
PHM,PulteGroup,Consumer Discretionary,Homebuilding,128.49000549316406,24085777894.30756,10.26,8.19203112840467,6.54087465972233,-0.20155642023346293,-0.20155642023346282,15.684755523894893,19.64416262008278,,,False,17.12461478795241,0.09201273225257235,23.63279043999208
PI,"Impinj, Inc.",Information Technology,Electronic Equipment & Instruments,171.7100067138672,5246498461.368271,-0.4899999999999999,-0.2449999999999999,-0.12249999999999996,0.5000000000000001,0.5,,,,,False,32.824054964173854,0.16017875776961116,46.8792043447928
PII,Polaris,Consumer Discretionary,Leisure Products,68.33000183105469,3887031895.2716823,-3.67,-1.835,-0.9175,0.5,0.5,,,,,False,17.12461478795241,0.09201273225257235,23.63279043999208
PINS,Pinterest,Communication Services,Interactive Home Entertainment,23.06999969482422,2938448931.129456,-0.0099999999999999,-0.0049999999999999,-0.00249999999999995,0.500000000000005,0.5,,,,,False,16.09388154288399,0.09932629665828746,22.61772188630623
PIPR,Piper Sandler Companies,Financials,Investment Banking & Brokerage,75.23999786376953,5317232543.871971,11.65,17.475,26.212500000000002,0.5000000000000001,0.5,4.305579276896682,2.8703861845977885,0.08611158553793362,0.05740772369195577,False,12.175904990939271,0.2321522761151244,16.818363553496667
PJT,"PJT Partners, Inc.",Financials,Investment Banking & Brokerage,170.9600067138672,4239900655.8675385,,,,,,,,,,False,12.175904990939271,0.2321522761151244,16.818363553496667
PK,Park Hotels & Resorts,Real Estate,Hotel & Resort REITs,15.0,3020074950.0,0.19,0.095,0.0475,-0.5,-0.5,157.89473684210526,315.7894736842105,,,False,24.37544947652672,0.18871373771277855,37.44019231073693
PKG,Packaging Corporation of America,Materials,Paper & Plastic Packaging Products & Materials,252.97000122070312,22539196806.79257,9.24,9.768604118993135,10.327448748226152,0.05720823798627002,0.05720823798626998,25.89622817541071,24.49491712695775,4.526660685061792,4.281711513792218,False,19.867320548497293,0.18077595481441627,23.483754427797003
PLAB,"Photronics, Inc.",Information Technology,Semiconductor Materials & Equipment,33.599998474121094,1981180162.828537,1.82,1.4853811659192826,1.2122841802569932,-0.18385650224215244,-0.18385650224215228,22.620455439346102,27.716272324033955,,,False,32.824054964173854,0.16017875776961116,46.8792043447928
PLD,Prologis,Real Estate,Industrial REITs,140.6199951171875,131105365007.56836,3.97,3.940225,3.9106733125,-0.007500000000000082,-0.007499999999999924,35.688316052303485,35.9580010602554,,,False,24.37544947652672,0.18871373771277855,37.44019231073693
PLMR,"Palomar Holdings, Inc.",Financials,Property & Casualty Insurance,123.91999816894533,3261287229.170884,7.0600000000000005,10.47134453781513,15.531027822893872,0.48319327731092476,0.4831932773109247,11.834201207059273,7.978866536204267,0.24491651193740038,0.16512784657535776,False,12.175904990939271,0.2321522761151244,16.818363553496667
PLNT,Planet Fitness,Consumer Discretionary,Leisure Facilities,50.630001068115234,5063.000106811523,,,,,,,,,,False,17.12461478795241,0.09201273225257235,23.63279043999208
PLTR,Palantir Technologies,Information Technology,Application Software,172.5500030517578,414619884683.0597,1.06,1.59,2.3850000000000002,0.5,0.5000000000000001,108.52201449796088,72.34800966530725,2.1704402899592177,1.4469601933061444,False,32.824054964173854,0.16017875776961116,46.8792043447928
PLUS,"ePlus, Inc.",Information Technology,Technology Distributors,86.77999877929688,2264126442.191345,5.42,7.130194174757281,9.380012725044772,0.3155339805825242,0.31553398058252413,12.17077637051181,9.25158646614551,0.3857199895885282,0.2932041249270732,False,32.824054964173854,0.16017875776961116,46.8792043447928
PLXS,Plexus Corp.,Information Technology,Electronic Manufacturing Services,274.20001220703125,7308005871.143005,6.55,9.825,14.737499999999999,0.49999999999999994,0.5,27.908398189010818,18.605598792673877,0.5581679637802164,0.37211197585347755,False,32.824054964173854,0.16017875776961116,46.8792043447928
PM,Philip Morris International,Consumer Staples,Tobacco,184.5200042724609,287595358423.395,7.54,8.600847201210287,9.810951270366955,0.14069591527987896,0.14069591527987904,21.453701008255997,18.80755486267535,1.524827566285722,1.3367520176589676,False,21.581219732454,0.027309224733112505,30.262301818219143
PMT,PennyMac Mortgage Investment Trust,Real Estate,Mortgage REITs,9.619999885559082,838886712.4604816,0.9,0.8901098901098902,0.8803284627460453,-0.01098901098901095,-0.010989010989010945,10.807654192418227,10.927739239000651,,,False,24.37544947652672,0.18871373771277855,37.44019231073693
PNC,PNC Financial Services,Financials,Diversified Banks,254.5500030517578,101551111652.32944,17.14,21.77758339510749,27.669961407868232,0.27057079318013366,0.2705707931801336,11.68862487786154,9.19950697796687,0.43199876603384124,0.3400036962541726,False,12.175904990939271,0.2321522761151244,16.818363553496667
PNFP,Pinnacle Financial Partners,Financials,Regional Banks,107.3499984741211,16221941673.42041,6.73,5.612503097893431,4.680563302208524,-0.1660470879801737,-0.16604708798017354,19.126937945818383,22.935273287184895,,,False,12.175904990939271,0.2321522761151244,16.818363553496667
PNR,Pentair,Industrials,Industrial Machinery & Supplies & Components,64.0999984741211,10358914931.509514,4.0,4.519774011299435,5.107089278304446,0.12994350282485878,0.12994350282485873,14.182124662399291,12.551180326223374,1.0914069848889887,0.9658951816267556,False,26.16367280461197,0.1419973073572504,33.292022761598915
PNW,Pinnacle West Capital,Utilities,Multi-Utilities,100.41000366210938,12169414709.777529,6.67,8.490248091603053,10.80724327690694,0.2729007633587786,0.2729007633587786,11.826509965170034,9.29099133695517,0.43336302249993697,0.3404531091303853,False,22.02248481825099,-0.002881844380403428,27.042817602825924
PODD,Insulet Corporation,Health Care,Health Care Equipment,139.6999969482422,9688781388.64778,4.23,3.65161224489796,3.152310162432321,-0.13673469387755086,-0.136734693877551,38.25707319922352,44.31670417876956,,,False,26.111110051472984,0.13106796116504843,35.670037593695405
POOL,Pool Corporation,Consumer Discretionary,Distributors,190.47000122070312,6941298825.896088,11.44,11.262788296041306,11.08832169593051,-0.015490533562822885,-0.015490533562822787,16.91144290509752,17.177532041716187,,,False,17.12461478795241,0.09201273225257235,23.63279043999208
POR,Portland General Electric,Utilities,Electric Utilities,50.869998931884766,5982705608.181381,2.47,1.704162011173184,1.175776583127867,-0.31005586592178785,-0.31005586592178785,29.850447667745332,43.26502131600336,,,False,22.02248481825099,-0.002881844380403428,27.042817602825924
POST,Post Holdings,Consumer Staples,Packaged Foods & Meats,79.3499984741211,3487972409.6772385,6.35,6.928264604810996,7.559189044768011,0.09106529209621997,0.0910652920962198,11.453084285929314,10.497157566001357,1.2576783121529922,1.1527067364929808,False,21.581219732454,0.027309224733112505,30.262301818219143
POWI,Power Integrations,Information Technology,Semiconductors,62.09999847412109,3469731720.5441127,0.23,0.115,0.0575,-0.5,-0.5,539.9999867314876,1079.9999734629753,,,True,32.824054964173854,0.16017875776961116,46.8792043447928
POWL,"Powell Industries, Inc.",Industrials,Electrical Components & Equipment,218.72999572753903,7968894568.0632925,10.29,11.484175704989152,12.816937961424985,0.11605206073752701,0.11605206073752702,19.0462076988699,17.065698249133185,1.6411778970428097,1.4705209145514775,False,26.16367280461197,0.1419973073572504,33.292022761598915
PPC,Pilgrim's Pride,Consumer Staples,Packaged Foods & Meats,28.770000457763672,6850382344.477432,3.42,2.4316839916839914,1.7289728173719854,-0.28898128898128905,-0.28898128898128905,11.831307257091352,16.639937984388716,,,False,21.581219732454,0.027309224733112505,30.262301818219143
PPG,PPG Industries,Materials,Specialty Chemicals,113.44000244140624,25285776544.18945,7.31,6.921774611398963,6.554167410534509,-0.05310880829015554,-0.05310880829015557,16.388861066725607,17.308072152547428,,,False,19.867320548497293,0.18077595481441627,23.483754427797003
PPL,PPL Corporation,Utilities,Electric Utilities,35.95000076293945,27046996087.897774,1.53,2.0534210526315797,2.755907202216068,0.3421052631578952,0.34210526315789497,17.5073693322017,13.044706561248324,0.5117538727874337,0.3813068071749508,False,22.02248481825099,-0.002881844380403428,27.042817602825924
PPLI,People Inc.,Communication Services,Interactive Media & Services,39.5,3036049000.0,8.04,8.04,,0.0,,4.912935323383085,,,,False,16.09388154288399,0.09932629665828746,22.61772188630623
PR,Permian Resources,Energy,Oil & Gas Exploration & Production,22.18000030517578,18577015158.82212,1.34,1.1364556962025316,0.9638295145008812,-0.15189873417721525,-0.15189873417721525,19.51681915915445,23.01236885930152,,,False,18.15927134438993,0.0,31.84763181292061
PRDO,Perdoceo Education Corp.,Consumer Discretionary,Education Services,32.040000915527344,2004968899.491005,2.82,3.341344537815126,3.9590720994280066,0.184873949579832,0.18487394957983197,9.588954551953508,8.092805614769272,0.518675268946576,0.43774721279888323,False,17.12461478795241,0.09201273225257235,23.63279043999208
PRG,"PROG Holdings, Inc.",Financials,Consumer Finance,42.15999984741211,1679301641.2021751,3.57,3.162506203473945,2.801525346501733,-0.11414392059553362,-0.11414392059553345,13.331199098076159,15.048944640125187,,,False,12.175904990939271,0.2321522761151244,16.818363553496667
PRGO,Perrigo,Health Care,Pharmaceuticals,12.81999969482422,1779021678.5509875,-2.35,-2.35,,0.0,,,,,,False,26.111110051472984,0.13106796116504843,35.670037593695405
PRGS,Progress Software Corporation,Information Technology,Systems Software,42.86000061035156,1757814719.1523132,1.86,1.954576271186441,2.0539615053145654,0.05084745762711874,0.05084745762711884,21.928026673697033,20.866993124969753,4.312511912493742,4.103841981244035,False,32.824054964173854,0.16017875776961116,46.8792043447928
PRI,Primerica,Financials,Life & Health Insurance,309.9200134277344,9538516725.27008,24.17,36.255,54.38250000000001,0.5,0.5000000000000001,8.548338530622932,5.6988923537486205,0.17096677061245863,0.11397784707497238,False,12.175904990939271,0.2321522761151244,16.818363553496667
PRIM,Primoris Services Corporation,Industrials,Construction & Engineering,83.05000305175781,4470774921.6332245,2.55,1.4744897959183672,0.8525961404970149,-0.4217687074829932,-0.4217687074829933,56.32456954375271,97.40837321096058,,,False,26.16367280461197,0.1419973073572504,33.292022761598915
PRK,Park National Corp.,Financials,Regional Banks,205.52999877929688,3712726988.279022,11.51,13.886802935010484,16.754413184692943,0.20649895178197086,0.20649895178197067,14.800382762048729,12.267215599473925,0.7167291956849987,0.59405703969026,False,12.175904990939271,0.2321522761151244,16.818363553496667
PRKS,United Parks & Resorts,Consumer Discretionary,Leisure Facilities,44.45000076293945,2015421219.6426733,3.71,4.468863636363636,5.3829493801652895,0.20454545454545453,0.2045454545454546,9.946600384322513,8.257555036041332,0.4862782410113229,0.4037026906509094,False,17.12461478795241,0.09201273225257235,23.63279043999208
PRLB,Protolabs,Industrials,Industrial Machinery & Supplies & Components,90.86000061035156,2173543576.020767,1.18,1.6980487804878048,2.4435336109458654,0.4390243902439025,0.4390243902439024,53.50847493571408,37.18385546380131,1.2188041513134873,0.8469655966754743,False,26.16367280461197,0.1419973073572504,33.292022761598915
PRSU,"Pursuit Attractions & Hospitality, Inc.",Consumer Discretionary,"Hotels, Resorts & Cruise Lines",47.9900016784668,1308406844.211979,2.44,3.66,5.49,0.5000000000000001,0.5,13.112022316520981,8.741348211013989,0.26224044633041954,0.17482696422027977,False,17.12461478795241,0.09201273225257235,23.63279043999208
PRU,Prudential Financial,Financials,Life & Health Insurance,124.55999755859376,42973199157.71485,9.97,10.354260416666666,10.753330870225694,0.038541666666666495,0.03854166666666675,12.029830480030867,11.583387423098928,3.121253313737752,3.0054194395067424,False,12.175904990939271,0.2321522761151244,16.818363553496667
PRVA,"Privia Health Group, Inc.",Health Care,Health Care Services,21.5,2746285450.5,0.16,0.2327272727272727,0.33851239669421485,0.45454545454545436,0.4545454545454546,92.38281250000001,63.51318359375001,2.032421875000001,1.3972900390625,False,26.111110051472984,0.13106796116504843,35.670037593695405
PSA,Public Storage,Real Estate,Self-Storage REITs,324.3099975585937,56955689538.77746,9.64,9.823424947145876,10.010340009565141,0.019027484143762975,0.019027484143763124,33.01394364017812,32.397500709137454,17.35066149089383,17.026686483802322,False,24.37544947652672,0.18871373771277855,37.44019231073693
PSKY,Paramount Skydance Corporation,Communication Services,Movies & Entertainment,10.279999732971191,11016736237.394045,0.49,0.49,,0.0,,20.979591291777943,,,,False,16.09388154288399,0.09932629665828746,22.61772188630623
PSMT,PriceSmart,Consumer Staples,Consumer Staples Merchandise Retail,179.99000549316406,5554585884.281921,5.33,5.625524752475248,5.937435035780807,0.055445544554455495,0.055445544554455516,31.995238384466784,30.314437868960084,5.770569780055611,5.467425401366008,False,21.581219732454,0.027309224733112505,30.262301818219143
PSN,Parsons Corporation,Industrials,Aerospace & Defense,45.7599983215332,4895336941.4001045,2.18,2.220747663551401,2.2622569656738567,0.01869158878504634,0.018691588785046467,20.605672167343045,20.22758643950189,11.02403460952876,10.821758745133664,False,26.16367280461197,0.1419973073572504,33.292022761598915
PSX,Phillips 66,Energy,Oil & Gas Refining & Marketing,240.5500030517578,95984482561.5152,12.53,18.795,28.192500000000003,0.5000000000000002,0.5,12.798616815735983,8.532411210490656,0.25597233631471955,0.17064822420981313,False,18.15927134438993,0.0,31.84763181292061
PTC,PTC Inc.,Information Technology,Application Software,145.97999572753906,15839743517.191238,8.57,12.855,19.2825,0.5,0.4999999999999999,11.355892316416885,7.570594877611257,0.2271178463283377,0.1514118975522252,False,32.824054964173854,0.16017875776961116,46.8792043447928
PTCT,"PTC Therapeutics, Inc.",Health Care,Pharmaceuticals,72.87999725341797,6082623020.528061,0.2600000000000001,0.13,0.065,-0.5000000000000002,-0.5,560.6153634878306,1121.2307269756611,,,True,26.111110051472984,0.13106796116504843,35.670037593695405
PTEN,"Patterson-UTI Energy, Inc.",Energy,Oil & Gas Drilling,12.21500015258789,4658616294.104713,-0.34,-0.34,,0.0,,,,,,False,18.15927134438993,0.0,31.84763181292061
PTGX,"Protagonist Therapeutics, Inc.",Health Care,Biotechnology,158.6199951171875,10264027850.741575,1.17,0.6743349753694582,0.38865611880899814,-0.42364532019704426,-0.4236453201970442,235.22433347058995,408.1242708934167,,,True,26.111110051472984,0.13106796116504843,35.670037593695405
PTON,"Peloton Interactive, Inc.",Consumer Discretionary,Leisure Products,5.289999961853027,2307596604.82958,-0.12,-0.12,,0.0,,,,,,False,17.12461478795241,0.09201273225257235,23.63279043999208
PVH,PVH Corp.,Consumer Discretionary,"Apparel, Accessories & Luxury Goods",78.18000030517578,3604730646.631073,5.74,3.171087584215592,1.7518809175551007,-0.4475457170356112,-0.4475457170356112,24.65400220868216,44.62632107111632,,,False,17.12461478795241,0.09201273225257235,23.63279043999208
PWR,Quanta Services,Industrials,Construction & Engineering,722.3099975585938,108594535830.7807,8.17,12.255,18.3825,0.5000000000000001,0.49999999999999994,58.940024280587004,39.29334952039134,1.1788004856117398,0.7858669904078269,False,26.16367280461197,0.1419973073572504,33.292022761598915
PYPL,PayPal,Financials,Transaction & Payment Processing Services,60.470001220703125,53340920238.49893,5.09,6.764516971279373,8.989919421360836,0.32898172323759783,0.3289817232375977,8.939293297281274,6.726423050803003,0.2717261375284706,0.2044619070204406,False,12.175904990939271,0.2321522761151244,16.818363553496667
PZZA,Papa John's Pizza,Consumer Discretionary,Restaurants,23.229999542236328,764770773.9396477,0.86,0.43,0.215,-0.5,-0.5,54.02325474938681,108.04650949877362,,,False,17.12461478795241,0.09201273225257235,23.63279043999208
Q,Qnity Electronics,Information Technology,Semiconductor Materials & Equipment,140.75999450683594,29448193363.46315,3.22,3.1419393939393934,3.0657711662075293,-0.02424242424242448,-0.024242424242424232,44.80035317624307,45.91340542906899,,,False,32.824054964173854,0.16017875776961116,46.8792043447928
QCOM,Qualcomm,Information Technology,Semiconductors,162.17999267578125,170288992309.5703,13.96,20.94,31.410000000000004,0.5,0.5000000000000001,7.744985323580766,5.163323549053843,0.15489970647161533,0.10326647098107684,False,32.824054964173854,0.16017875776961116,46.8792043447928
QDEL,QuidelOrtho,Health Care,Health Care Supplies,14.579999923706056,999829720.4281102,-17.259999999999998,-17.259999999999998,,0.0,,,,,,False,26.111110051472984,0.13106796116504843,35.670037593695405
QLYS,Qualys,Information Technology,Systems Software,183.3099975585937,6341609548.849547,5.6,6.602105263157894,7.783534626038779,0.1789473684210525,0.17894736842105258,27.76538547204465,23.550996605752157,1.551595070496614,1.3160851044390915,False,32.824054964173854,0.16017875776961116,46.8792043447928
QNST,"QuinStreet, Inc.",Communication Services,Interactive Media & Services,20.174999237060547,1158960295.9226608,1.16,1.16,,0.0,,17.392240721603923,,,,False,16.09388154288399,0.09932629665828746,22.61772188630623
QRVO,Qorvo,Information Technology,Semiconductors,96.04000091552734,8452833235.498924,3.73,3.73,,0.0,,25.7479895215891,,,,False,32.824054964173854,0.16017875776961116,46.8792043447928
QTWO,"Q2 Holdings, Inc.",Information Technology,Application Software,64.41000366210938,4016266133.299713,1.27,1.27,,0.0,,50.71653831662155,,,,False,32.824054964173854,0.16017875776961116,46.8792043447928
R,Ryder,Industrials,Cargo Ground Transportation,264.70001220703125,10150416427.701416,12.17,14.463759765625,17.189839487075805,0.18847656249999997,0.18847656249999997,18.300913213183,15.398631988742313,0.9709914575284662,0.8170051376410431,False,26.16367280461197,0.1419973073572504,33.292022761598915
RAL,Ralliant Corp,Information Technology,Electronic Equipment & Instruments,71.97000122070312,7962761510.8186035,1.67,1.67,,0.0,,43.09580911419349,,,,False,32.824054964173854,0.16017875776961116,46.8792043447928
RAMP,"LiveRamp Holdings, Inc.",Information Technology,Application Software,37.68000030517578,2290754940.313156,1.44,2.16,3.24,0.5000000000000001,0.5,17.444444585729528,11.629629723819685,0.3488888917145905,0.2325925944763937,False,32.824054964173854,0.16017875776961116,46.8792043447928
RBA,RB Global,Industrials,Diversified Support Services,82.11000061035156,15206772113.03711,2.33,2.7418686868686875,3.2265424446485063,0.176767676767677,0.17676767676767688,29.946729762658375,25.44829396140068,1.6941292837161002,1.4396463441020946,False,26.16367280461197,0.1419973073572504,33.292022761598915
RBC,RBC Bearings,Industrials,Industrial Machinery & Supplies & Components,557.6199951171875,17653828042.313843,9.4,12.28929068150209,16.06666653770788,0.3073713490959669,0.3073713490959669,45.37446542431617,34.706638978812045,1.4762099837141762,1.129143593926056,False,26.16367280461197,0.1419973073572504,33.292022761598915
RCL,Royal Caribbean Group,Consumer Discretionary,"Hotels, Resorts & Cruise Lines",301.7900085449219,80714366715.71716,17.830000000000002,26.745000000000005,40.11750000000001,0.5000000000000001,0.5,11.283978633199546,7.52265242213303,0.22567957266399086,0.1504530484426606,False,17.12461478795241,0.09201273225257235,23.63279043999208
RCUS,"Arcus Biosciences, Inc.",Health Care,Biotechnology,29.559999465942383,3763974526.5566406,-3.01,-3.01,,0.0,,,,,,False,26.111110051472984,0.13106796116504843,35.670037593695405
RDN,"Radian Group, Inc.",Financials,Property & Casualty Insurance,37.04999923706055,4901763730.962105,3.89,3.811612090680101,3.7348037865857924,-0.020151133501259418,-0.020151133501259254,9.720296387886041,9.920199655503232,,,False,12.175904990939271,0.2321522761151244,16.818363553496667
RDNT,"RadNet, Inc.",Health Care,Health Care Services,75.93000030517578,5975482748.026497,-0.0699999999999999,-0.0699999999999999,,0.0,,,,,,False,26.111110051472984,0.13106796116504843,35.670037593695405
REG,Regency Centers,Real Estate,Retail REITs,76.37000274658203,13983102355.190351,1.46,2.19,3.285,0.5,0.5000000000000001,34.87214737286851,23.248098248579005,0.6974429474573702,0.46496196497158,False,24.37544947652672,0.18871373771277855,37.44019231073693
REGN,Regeneron Pharmaceuticals,Health Care,Biotechnology,805.9299926757812,75721241114.15222,45.41,55.00315017337957,66.62291409370943,0.21125633502267277,0.21125633502267283,14.652433363095545,12.09688894037551,0.6935855136142068,0.5726166242104516,False,26.111110051472984,0.13106796116504843,35.670037593695405
RELY,Remitly,Financials,Transaction & Payment Processing Services,26.299999237060547,5567290458.697884,1.23,1.23,,0.0,,21.382113200862232,,,,False,12.175904990939271,0.2321522761151244,16.818363553496667
RES,"RPC, Inc.",Energy,Oil & Gas Equipment & Services,6.570000171661377,1456286606.889948,0.16,0.08,0.04,-0.5,-0.5,82.12500214576721,164.25000429153442,,,False,18.15927134438993,0.0,31.84763181292061
REX,REX American Resources Corporation,Energy,Oil & Gas Refining & Marketing,45.130001068115234,1486479248.5212784,1.96,1.1102890173410405,0.6289498479735375,-0.43352601156069365,-0.43352601156069354,40.64707509779225,71.7545305297761,,,False,18.15927134438993,0.0,31.84763181292061
REXR,Rexford Industrial Realty,Real Estate,Industrial REITs,35.86000061035156,7996354262.74115,-1.0299999999999998,-0.5149999999999999,-0.25749999999999995,0.5,0.5,,,,,False,24.37544947652672,0.18871373771277855,37.44019231073693
REYN,Reynolds Consumer Products,Consumer Staples,Household Products,25.90999984741211,5460982705.909451,1.16,0.915374149659864,0.7223360636771715,-0.21088435374149653,-0.21088435374149667,28.305365469452884,35.869730379392884,,,False,21.581219732454,0.027309224733112505,30.262301818219143
REZI,"Resideo Technologies, Inc.",Industrials,Trading Companies & Distributors,20.63999938964844,3134129789.239716,-4.06,-2.03,-1.015,0.5,0.5,,,,,False,26.16367280461197,0.1419973073572504,33.292022761598915
RF,Regions Financial Corporation,Financials,Regional Banks,31.700000762939453,27006165990.17063,2.46,3.2019047619047614,4.167558578987149,0.3015873015873014,0.3015873015873015,9.900357168675322,7.606371971055431,0.3282750008560767,0.25221128114552227,False,12.175904990939271,0.2321522761151244,16.818363553496667
RGA,Reinsurance Group of America,Financials,Reinsurance,246.97999572753903,16128204942.701183,22.77,34.155,51.2325,0.5000000000000001,0.5,7.231151975626966,4.820767983751311,0.1446230395125393,0.09641535967502621,False,12.175904990939271,0.2321522761151244,16.818363553496667
RGEN,Repligen,Health Care,Biotechnology,169.0399932861328,9539876994.938736,0.76,1.14,1.71,0.49999999999999983,0.5000000000000001,148.2806958650288,98.85379724335252,2.965613917300577,1.9770759448670499,False,26.111110051472984,0.13106796116504843,35.670037593695405
RGLD,Royal Gold,Materials,Gold,236.6199951171875,20048305109.62976,10.01,15.015,22.5225,0.5000000000000001,0.5,15.758907433712121,10.505938289141413,0.3151781486742423,0.21011876578282826,False,19.867320548497293,0.18077595481441627,23.483754427797003
RH,RH,Consumer Discretionary,Homefurnishing Retail,175.89999389648438,3324680331.7376404,4.12,6.084014336917563,8.984279235878265,0.4767025089605735,0.47670250896057353,28.911830931944067,19.57864279129222,0.6064963030084507,0.4107098750955285,False,17.12461478795241,0.09201273225257235,23.63279043999208
RHI,Robert Half,Industrials,Human Resource & Employment Services,42.470001220703125,4347306960.113403,1.24,0.7392307692307692,0.4406952662721894,-0.40384615384615385,-0.4038461538461538,57.451614554541166,96.37045022052065,,,False,26.16367280461197,0.1419973073572504,33.292022761598915
RHP,Ryman Hospitality Properties,Real Estate,Hotel & Resort REITs,124.11000061035156,7833734872.204956,4.1,3.946009389671361,3.7978024642376953,-0.03755868544600942,-0.03755868544600929,31.452028709107537,32.67942495141417,,,False,24.37544947652672,0.18871373771277855,37.44019231073693
RITM,Rithm Capital,Financials,Mortgage REITs,10.260000228881836,5729256265.869226,1.04,0.8722580645161291,0.7315712799167534,-0.16129032258064513,-0.16129032258064518,11.762574226898554,14.024607732071352,,,False,12.175904990939271,0.2321522761151244,16.818363553496667
RJF,Raymond James Financial,Financials,Investment Banking & Brokerage,179.47999572753906,34525079068.422104,10.64,11.611241025641029,12.671138924391851,0.0912820512820515,0.09128205128205132,15.457434337224983,14.164472254505975,1.6933706155948678,1.5517258930498115,False,12.175904990939271,0.2321522761151244,16.818363553496667
RL,Ralph Lauren Corporation,Consumer Discretionary,"Apparel, Accessories & Luxury Goods",379.30999755859375,23251702850.3418,16.94,20.839767610748005,25.63730307378876,0.2302106027596224,0.2302106027596225,18.201258509378317,14.795237879229008,0.7906351093821431,0.6426827305898528,False,17.12461478795241,0.09201273225257235,23.63279043999208
RLI,RLI Corp.,Financials,Property & Casualty Insurance,62.41999816894531,5728468619.358673,5.11,6.544385964912281,8.381406586642044,0.28070175438596484,0.28070175438596484,9.53794572991417,7.447437076782297,0.33978931662819245,0.2653149458603694,False,12.175904990939271,0.2321522761151244,16.818363553496667
RMBS,Rambus,Information Technology,Semiconductors,100.61000061035156,10879660315.871569,2.08,2.152437810945273,2.2273983317244617,0.03482587064676587,0.03482587064676615,46.74234958090022,45.1692897392353,13.421731808230033,12.970038910837573,False,32.824054964173854,0.16017875776961116,46.8792043447928
RMD,ResMed|,Health Care,Health Care Equipment,220.3699951171875,31788879968.86304,10.27,13.334121365360302,17.31244328979144,0.29835651074589115,0.2983565107458911,16.526772861815246,12.728994482663936,0.553927005665079,0.42663706083843983,False,26.111110051472984,0.13106796116504843,35.670037593695405
RNG,"RingCentral, Inc.",Information Technology,Application Software,64.06999969482422,2375395238.685608,1.13,1.13,,0.0,,56.69911477418073,,,,False,32.824054964173854,0.16017875776961116,46.8792043447928
RNR,RenaissanceRe,Financials,Reinsurance,318.5,13234277920.5,46.44,50.42491465980827,54.751766116471735,0.0858078092120645,0.08580780921206449,6.316322043354173,5.817163949058097,0.7361010730088776,0.6779294335182968,False,12.175904990939271,0.2321522761151244,16.818363553496667
RNST,Renasant Corp.,Financials,Regional Banks,43.11000061035156,3940446541.938858,2.52,1.9721739130434783,1.5434404536862008,-0.21739130434782605,-0.21739130434782591,21.859127293608594,27.931107097388754,,,False,12.175904990939271,0.2321522761151244,16.818363553496667
ROAD,"Construction Partners, Inc.",Industrials,Construction & Engineering,120.45999908447266,2310905706.576515,2.3200000000000003,3.4800000000000004,5.220000000000001,0.5,0.5,34.614942265653056,23.076628177102037,0.6922988453130611,0.46153256354204075,False,26.16367280461197,0.1419973073572504,33.292022761598915
ROCK,"Gibraltar Industries, Inc.",Industrials,Building Products,47.52999877929688,1410875207.9347842,-4.09,-2.045,-1.0225,0.5,0.5,,,,,False,26.16367280461197,0.1419973073572504,33.292022761598915
ROG,Rogers Corporation,Information Technology,Electronic Components,145.94000244140625,2604815241.475525,-3.35,-1.675,-0.8375,0.5,0.5,,,,,False,32.824054964173854,0.16017875776961116,46.8792043447928
ROIV,Roivant Sciences,Health Care,Biotechnology,36.2400016784668,26176987275.9952,-1.14,-0.5700000000000001,-0.28500000000000003,0.4999999999999999,0.5,,,,,False,26.111110051472984,0.13106796116504843,35.670037593695405
ROK,Rockwell Automation,Industrials,Electrical Components & Equipment,444.6000061035156,49372242027.38733,12.04,17.76490196078431,26.21193867743175,0.47549019607843124,0.4754901960784312,25.026876426617036,16.961736847275336,0.5263384320649358,0.3567210635921825,False,26.16367280461197,0.1419973073572504,33.292022761598915
ROKU,"Roku, Inc.",Communication Services,Movies & Entertainment,158.30999755859375,23406133139.03809,1.88,1.88,,0.0,,84.20744550989029,,,,False,16.09388154288399,0.09932629665828746,22.61772188630623
ROL,"Rollins, Inc.",Industrials,Environmental & Facilities Services,36.02000045776367,17330857672.330887,1.15,1.3776041666666663,1.6502549913194438,0.19791666666666644,0.1979166666666665,26.14684343247874,21.826930169721386,1.3211036681673485,1.102834366470134,False,26.16367280461197,0.1419973073572504,33.292022761598915
ROP,Roper Technologies,Information Technology,Electronic Equipment & Instruments,389.7099914550781,38542658761.43976,23.66,35.49,53.235,0.5000000000000001,0.4999999999999999,10.980839432377518,7.320559621585012,0.2196167886475503,0.14641119243170028,False,32.824054964173854,0.16017875776961116,46.8792043447928
ROST,Ross Stores,Consumer Discretionary,Apparel Retail,235.27999877929688,75473371169.70154,6.63,7.501177474402729,8.486827074281585,0.13139931740614313,0.13139931740614327,31.36574218943283,27.72296368477774,2.3870551848061905,2.109825547958411,False,17.12461478795241,0.09201273225257235,23.63279043999208
RPM,RPM International,Materials,Specialty Chemicals,112.2300033569336,14336419097.579435,3.83,3.062400835073069,2.4486420038266923,-0.20041753653444672,-0.2004175365344467,36.647718375591346,45.83356945667951,,,False,19.867320548497293,0.18077595481441627,23.483754427797003
RRC,Range Resources,Energy,Oil & Gas Exploration & Production,39.36000061035156,9197625853.026655,3.86,5.79,8.685,0.5000000000000001,0.5000000000000001,6.797927566554674,4.531951711036449,0.13595855133109344,0.09063903422072894,False,18.15927134438993,0.0,31.84763181292061
RRR,"Red Rock Resorts, Inc.",Consumer Discretionary,Casinos & Gaming,63.209999084472656,3734826005.905152,3.03,3.6723600000000007,4.4509003200000015,0.21200000000000033,0.21200000000000016,17.21236455153434,14.201620917107538,0.8119039882799205,0.6698877791088457,False,17.12461478795241,0.09201273225257235,23.63279043999208
RRX,Regal Rexnord,Industrials,Electrical Components & Equipment,174.52000427246094,11621612913.35115,5.09,7.635,11.4525,0.5,0.5000000000000001,22.857891849700188,15.23859456646679,0.45715783699400375,0.30477189132933574,False,26.16367280461197,0.1419973073572504,33.292022761598915
RS,"Reliance, Inc.",Materials,Steel,428.0199890136719,21849787825.604187,16.85,15.347162162162164,13.978361212563918,-0.08918918918918918,-0.0891891891891891,27.889194399010044,30.620183761524377,,,False,19.867320548497293,0.18077595481441627,23.483754427797003
RSG,Republic Services,Industrials,Environmental & Facilities Services,215.259994506836,65915403962.20188,7.05,7.717779503105588,8.44881141256124,0.09472049689440962,0.09472049689440973,27.891441368623795,25.47813934949465,2.9446046297366864,2.6898232362417365,False,26.16367280461197,0.1419973073572504,33.292022761598915
RSI,"Rush Street Interactive, Inc.",Consumer Discretionary,Casinos & Gaming,25.450000762939453,5211969713.894291,0.36,0.54,0.81,0.5000000000000001,0.5,47.12963104248047,31.41975402832031,0.9425926208496092,0.6283950805664061,False,17.12461478795241,0.09201273225257235,23.63279043999208
RTX,RTX Corporation,Industrials,Aerospace & Defense,221.63999938964844,298717114213.5537,5.71,8.565,12.8475,0.49999999999999994,0.5000000000000001,25.877407984780906,17.25160532318727,0.5175481596956182,0.3450321064637453,False,26.16367280461197,0.1419973073572504,33.292022761598915
RUN,Sunrun,Industrials,Building Products,9.829999923706056,2367525814.684834,2.17,2.17,,0.0,,4.529953881892192,,,,False,26.16367280461197,0.1419973073572504,33.292022761598915
RUSHA,Rush Enterprises,Industrials,Construction Machinery & Heavy Transportation Equipment,82.12999725341797,6574095630.149841,3.41,1.705,0.8525,-0.5,-0.5,48.17008636564103,96.34017273128207,,,False,26.16367280461197,0.1419973073572504,33.292022761598915
RVTY,Revvity,Health Care,Health Care Equipment,116.16999816894533,12962991999.8492,1.69,1.604550561797753,1.5234216008079788,-0.050561797752808904,-0.050561797752809015,72.40033498152118,76.25597412254895,,,False,26.111110051472984,0.13106796116504843,35.670037593695405
RXO,"RXO, Inc.",Industrials,Cargo Ground Transportation,23.450000762939453,3867517827.42865,-0.39,-0.39,,0.0,,,,,,False,26.16367280461197,0.1419973073572504,33.292022761598915
RYAN,Ryan Specialty,Financials,Insurance Brokers,41.68000030517578,4580793210.099998,,,,,,,,,,False,12.175904990939271,0.2321522761151244,16.818363553496667
RYN,Rayonier,Real Estate,Timber REITs,21.40999984741211,6438997998.539616,2.84,4.26,6.39,0.5,0.5,5.025821560425378,3.350547706950252,0.10051643120850756,0.06701095413900504,False,24.37544947652672,0.18871373771277855,37.44019231073693
SABR,Sabre,Consumer Discretionary,"Hotels, Resorts & Cruise Lines",2.1549999713897705,869721814.6233916,1.26,1.26,,0.0,,1.710317437610929,,,,False,17.12461478795241,0.09201273225257235,23.63279043999208
SAFE,"Safehold, Inc.",Real Estate,Other Specialized REITs,14.979999542236328,1060827841.9828796,1.62,1.7152941176470589,1.8161937716262977,0.058823529411764656,0.058823529411764754,8.73319589225026,8.248018342680801,1.4846433016825453,1.402163118255735,False,24.37544947652672,0.18871373771277855,37.44019231073693
SAFT,"Safety Insurance Group, Inc.",Financials,Property & Casualty Insurance,103.36000061035156,1517374628.4802551,5.23,4.798754385964911,4.4030676208064,-0.08245614035087745,-0.0824561403508774,21.538922873955013,23.47454309398539,,,False,12.175904990939271,0.2321522761151244,16.818363553496667
SAH,"Sonic Automotive, Inc.",Consumer Discretionary,Automotive Retail,80.26000213623047,2648580070.495605,3.5700000000000003,1.945786259541985,1.0605277781015094,-0.45496183206106866,-0.45496183206106866,41.24810818384683,75.6793021300271,,,False,17.12461478795241,0.09201273225257235,23.63279043999208
SAIA,Saia,Industrials,Cargo Ground Transportation,385.2200012207031,10275608705.561829,11.26,10.118723064644852,9.093122243248288,-0.10135674381484436,-0.10135674381484425,38.07002116370536,42.3638867834128,,,False,26.16367280461197,0.1419973073572504,33.292022761598915
SAIC,Science Applications Intl Corp,Industrials,Diversified Support Services,124.33999633789062,5256699519.637665,8.43,10.2251654676259,12.40261077583976,0.21294964028776983,0.21294964028776975,12.160194055691907,10.025308266555014,0.5710361397774238,0.47078305711187407,False,26.16367280461197,0.1419973073572504,33.292022761598915
SAM,Boston Beer Company,Consumer Staples,Brewers,182.3000030517578,1900842131.8206787,0.7799999999999994,0.3899999999999997,0.19499999999999984,-0.5,-0.5,467.4359052609179,934.8718105218358,,,True,21.581219732454,0.027309224733112505,30.262301818219143
SANM,Sanmina Corporation,Information Technology,Electronic Manufacturing Services,217.02999877929688,11632234107.25354,5.97,8.567524038461537,12.295220795580619,0.43509615384615363,0.43509615384615385,25.331705846986893,17.651573923528556,0.5822093719528482,0.40569363271756237,False,32.824054964173854,0.16017875776961116,46.8792043447928
SARO,StandardAero,Industrials,Aerospace & Defense,27.38999938964844,9063883013.11281,0.93,1.395,2.0925000000000002,0.49999999999999994,0.5000000000000001,19.63440816462254,13.089605443081691,0.3926881632924508,0.26179210886163373,False,26.16367280461197,0.1419973073572504,33.292022761598915
SBAC,SBA Communications,Real Estate,Telecom Tower REITs,182.1100006103516,19319705776.851048,9.28,10.579656019656024,12.06132774722456,0.14004914004914062,0.14004914004914018,17.213225105996642,15.098669435647915,1.2290846698492288,1.0780979754927535,False,24.37544947652672,0.18871373771277855,37.44019231073693
SBCF,Seacoast Banking Corporation of Florida,Financials,Regional Banks,35.79999923706055,3466256130.3300667,1.76,2.212571428571429,2.7815183673469397,0.25714285714285745,0.2571428571428573,16.180268250221058,12.870667926312205,0.6292326541752626,0.500525974912141,False,12.175904990939271,0.2321522761151244,16.818363553496667
SBH,"Sally Beauty Holdings, Inc.",Consumer Discretionary,Specialty Stores,16.239999771118164,1520426000.651558,1.87,2.199308176100629,2.5866077291246397,0.17610062893081757,0.17610062893081785,7.38414013442703,6.278493483282874,0.4193136719192493,0.35652873708641986,False,17.12461478795241,0.09201273225257235,23.63279043999208
SBRA,Sabra Health Care REIT,Real Estate,Health Care REITs,20.309999465942383,5188448437.928169,0.42,0.3458823529411765,0.2848442906574395,-0.17647058823529407,-0.176470588235294,58.71938621105791,71.30211182771316,,,False,24.37544947652672,0.18871373771277855,37.44019231073693
SBSI,"Southside Bancshares, Inc.",Financials,Regional Banks,32.720001220703125,975317141.9866945,2.56,2.2520962199312717,1.9812255405580947,-0.120274914089347,-0.12027491408934707,14.528687065467237,16.515031000199084,,,False,12.175904990939271,0.2321522761151244,16.818363553496667
SBUX,Starbucks,Consumer Discretionary,Restaurants,107.91999816894533,123028797912.59769,2.11,1.686401515151515,1.347843635215794,-0.20075757575757577,-0.20075757575757583,63.99424881876321,80.0686335931445,,,False,17.12461478795241,0.09201273225257235,23.63279043999208
SCHL,Scholastic Corporation,Consumer Discretionary,Publishing,41.47999954223633,1284858374.9006004,1.7599999999999998,2.64,3.96,0.5000000000000002,0.4999999999999999,15.712121038725881,10.474747359150587,0.3142424207745175,0.20949494718301181,False,17.12461478795241,0.09201273225257235,23.63279043999208
SCHW,Charles Schwab Corporation,Financials,Investment Banking & Brokerage,110.58000183105467,191229946420.62823,5.25,7.875,11.8125,0.5,0.5,14.04190499441964,9.361269996279761,0.2808380998883928,0.18722539992559523,False,12.175904990939271,0.2321522761151244,16.818363553496667
SCI,Service Corp Intl,Consumer Discretionary,Specialized Consumer Services,82.52999877929688,11275205022.44818,3.56,3.631404011461318,3.70424019507229,0.020057306590257843,0.02005730659025785,22.726746602366028,22.27987237142063,11.330906520322511,11.108107796608303,False,17.12461478795241,0.09201273225257235,23.63279043999208
SCL,Stepan Company,Materials,Specialty Chemicals,64.72000122070312,1471250016.5496826,0.1599999999999999,0.0799999999999999,0.03999999999999995,-0.5000000000000002,-0.5,809.00001525879,1618.00003051758,,,True,19.867320548497293,0.18077595481441627,23.483754427797003
SCSC,"ScanSource, Inc.",Information Technology,Technology Distributors,51.709999084472656,1050981375.982338,3.16,3.1401257861635226,3.1203765673826203,-0.006289308176100501,-0.006289308176100515,16.467492898636337,16.5717175372353,,,False,32.824054964173854,0.16017875776961116,46.8792043447928
SDGR,"Schrödinger, Inc.",Health Care,Health Care Services,17.399999618530273,1095805274.3760605,-1.77,-1.77,,0.0,,,,,,False,26.111110051472984,0.13106796116504843,35.670037593695405
SEDG,SolarEdge,Information Technology,Semiconductor Materials & Equipment,30.790000915527344,1894377837.2485049,-4.42,-4.42,,0.0,,,,,,False,32.824054964173854,0.16017875776961116,46.8792043447928
SEI,"Solaris Energy Infrastructure, Inc.",Energy,Oil & Gas Equipment & Services,65.97000122070312,1974020.3465271,1.59,1.59,1.59,0.0,0.0,41.49056680547366,41.49056680547366,,,False,18.15927134438993,0.0,31.84763181292061
SEIC,SEI Investments Company,Financials,Asset Management & Custody Banks,105.47000122070312,12658423272.04779,6.07,8.373840909090909,11.552094163223138,0.3795454545454544,0.37954545454545435,12.595176140282476,9.12994646083079,0.33184895219905935,0.2405494875907515,False,12.175904990939271,0.2321522761151244,16.818363553496667
SEZL,Sezzle,Financials,Transaction & Payment Processing Services,122.18000030517578,4114413220.796799,4.17,6.255,9.3825,0.5,0.5000000000000001,19.53317351002011,13.02211567334674,0.3906634702004022,0.2604423134669347,False,12.175904990939271,0.2321522761151244,16.818363553496667
SF,Stifel,Financials,Investment Banking & Brokerage,83.98999786376953,5844397722.86158,5.55,6.9846938775510194,8.790261002360126,0.25850340136054406,0.25850340136054406,12.02486455902033,9.554892379329669,0.4651723921515762,0.3696234683582795,False,12.175904990939271,0.2321522761151244,16.818363553496667
SFBS,"ServisFirst Bancshares, Inc.",Financials,Regional Banks,90.52999877929688,4949502263.561096,5.41,7.086707021791768,9.283071425640065,0.30992736077481847,0.3099273607748185,12.774621344005798,9.752160101801097,0.412181141802687,0.3146595407846759,False,12.175904990939271,0.2321522761151244,16.818363553496667
SFM,Sprouts Farmers Market,Consumer Staples,Food Retail,80.5999984741211,7515758432.715416,5.65,6.678347280334728,7.893862371106949,0.1820083682008368,0.18200836820083688,12.068854027920707,10.21046411565681,0.6630933592351838,0.5609887180786154,False,21.581219732454,0.027309224733112505,30.262301818219143
SFNC,Simmons First National Corporation,Financials,Regional Banks,23.940000534057617,3459660185.83869,-2.64,-1.32,-0.66,0.5,0.5,,,,,False,12.175904990939271,0.2321522761151244,16.818363553496667
SGI,Somnigroup International,Consumer Discretionary,Home Furnishings,65.01000213623047,13675861019.299171,2.31,3.356037735849057,4.875752936988253,0.4528301886792454,0.4528301886792453,19.37105815044816,13.333325739918864,0.4277775341557301,0.29444427675654156,False,17.12461478795241,0.09201273225257235,23.63279043999208
SHAK,"Shake Shack, Inc.",Consumer Discretionary,Restaurants,74.19000244140625,3106557972.229004,1.07,1.605,2.4074999999999998,0.4999999999999999,0.4999999999999999,46.22430058654595,30.816200391030637,0.9244860117309193,0.6163240078206129,False,17.12461478795241,0.09201273225257235,23.63279043999208
SHC,Sotera Health,Health Care,Health Care Services,18.799999237060547,5365045928.27631,0.48,0.72,1.08,0.5,0.5000000000000001,26.111110051472984,17.407406700981987,0.5222222010294597,0.3481481340196396,False,26.111110051472984,0.13106796116504843,35.670037593695405
SHEN,Shenandoah Telecommunications Co,Communication Services,Wireless Telecommunication Services,12.619999885559082,698163646.2888994,-0.89,-0.445,-0.2225,0.5,0.5,,,,,False,16.09388154288399,0.09932629665828746,22.61772188630623
SHO,"Sunstone Hotel Investors, Inc.",Real Estate,Hotel & Resort REITs,10.890000343322754,2024929581.328786,0.23,0.3111764705882353,0.42100346020761237,0.3529411764705881,0.35294117647058804,34.996220384969156,25.86677158889025,0.9915595775741264,0.7328918616852241,False,24.37544947652672,0.18871373771277855,37.44019231073693
SHOO,"Steven Madden, Ltd.",Consumer Discretionary,Footwear,46.59999847412109,3410052515.340614,1.11,0.5549999999999999,0.27749999999999997,-0.5000000000000001,-0.5,83.9639612146326,167.9279224292652,,,False,17.12461478795241,0.09201273225257235,23.63279043999208
SHW,Sherwin-Williams,Materials,Specialty Chemicals,349.9700012207031,84958070401.80563,11.93,13.363840375586854,14.970010862042361,0.12018779342723002,0.12018779342722992,26.187831595177574,23.378072631067994,2.1789094256925097,1.9451286993818313,False,19.867320548497293,0.18077595481441627,23.483754427797003
SIG,Signet Jewelers,Consumer Discretionary,Specialty Stores,86.11000061035156,3386687638.1349945,1.83,1.83,,0.0,,47.05464514226861,,,,False,17.12461478795241,0.09201273225257235,23.63279043999208
SIGI,Selective Insurance Group,Financials,Property & Casualty Insurance,92.0999984741211,5486315769.004738,6.9,10.35,15.524999999999999,0.4999999999999999,0.4999999999999999,8.898550577209768,5.932367051473179,0.17797101154419542,0.11864734102946362,False,12.175904990939271,0.2321522761151244,16.818363553496667
SIRI,SiriusXM,Communication Services,Broadcasting,29.125,9817073200.375,2.83,2.83,,0.0,,10.291519434628976,,,,False,16.09388154288399,0.09932629665828746,22.61772188630623
SITM,SiTime,Information Technology,Semiconductors,749.4400024414062,22536437293.25561,-0.69,-0.69,,0.0,,,,,,False,32.824054964173854,0.16017875776961116,46.8792043447928
SJM,J.M. Smucker Company (The),Consumer Staples,Packaged Foods & Meats,117.83000183105467,12567999326.694197,-11.16,-5.58,-2.79,0.5,0.5,,,,,False,21.581219732454,0.027309224733112505,30.262301818219143
SKT,"Tanger Factory Outlet Centers, Inc.",Real Estate,Retail REITs,38.40999984741211,4412501949.960857,1.07,1.413456790123457,1.867158969669258,0.3209876543209877,0.3209876543209878,27.174512949955286,20.571360270526895,0.846590595748607,0.6408769930433376,False,24.37544947652672,0.18871373771277855,37.44019231073693
SKY,"Champion Homes, Inc.",Consumer Discretionary,Homebuilding,93.20999908447266,5059451240.445053,4.02,4.488999999999999,5.012716666666664,0.11666666666666653,0.11666666666666638,20.764089793823274,18.5947072780507,1.779779125184854,1.5938320524043497,False,17.12461478795241,0.09201273225257235,23.63279043999208
SKYW,"SkyWest, Inc.",Industrials,Passenger Airlines,105.5999984741211,4100271060.752678,10.76,14.748738853503186,20.216105740598,0.3707006369426753,0.3707006369426753,7.159934115250709,5.2235578814793735,0.19314598901964963,0.1409104102048559,False,26.16367280461197,0.1419973073572504,33.292022761598915
SLAB,Silicon Labs,Information Technology,Semiconductors,219.2899932861328,7316996795.669998,-1.77,-1.77,,0.0,,,,,,False,32.824054964173854,0.16017875776961116,46.8792043447928
SLB,Schlumberger,Energy,Oil & Gas Equipment & Services,53.86000061035156,79935955327.50914,2.26,1.7491780821917806,1.3538159129292548,-0.226027397260274,-0.226027397260274,30.791605016490443,39.78384364962482,,,False,18.15927134438993,0.0,31.84763181292061
SLG,SL Green Realty,Real Estate,Office REITs,56.11000061035156,3990794784.5409393,-1.3199999999999998,-1.3199999999999998,,0.0,,,,,,False,24.37544947652672,0.18871373771277855,37.44019231073693
SLGN,Silgan Holdings,Materials,"Metal, Glass & Plastic Containers",41.66999816894531,4403769579.890442,3.21,3.6932258064516126,4.24919528269164,0.15053763440860207,0.15053763440860213,11.282818964427502,9.806562277493063,0.7495015454941131,0.6514359227191822,False,19.867320548497293,0.18077595481441627,23.483754427797003
SLM,SLM Corp,Financials,Consumer Finance,27.280000686645508,5127193143.292934,2.78,2.1770140845070425,1.7048166633604447,-0.21690140845070408,-0.21690140845070416,12.530925215774486,16.001721048920658,,,False,12.175904990939271,0.2321522761151244,16.818363553496667
SLVM,Sylvamo Corp.,Materials,Paper Products,36.43000030517578,1448465664.6238632,1.42,0.71,0.355,-0.5,-0.5,51.309859584754626,102.61971916950925,,,False,19.867320548497293,0.18077595481441627,23.483754427797003
SM,SM Energy Company,Energy,Oil & Gas Exploration & Production,35.47999954223633,8439062223.759048,5.890000000000001,5.232594268476622,4.648564138963395,-0.11161387631975865,-0.11161387631975854,6.78057531729203,7.6324642366122495,,,False,18.15927134438993,0.0,31.84763181292061
SMCI,Supermicro,Information Technology,"Technology Hardware, Storage & Peripherals",38.27999877929688,23022298756.806583,1.75,1.303191489361702,0.9704617473970123,-0.25531914893617025,-0.2553191489361701,29.374039879623734,39.44513926692329,,,False,32.824054964173854,0.16017875776961116,46.8792043447928
SMG,Scotts Miracle-Gro Company,Materials,Fertilizers & Agricultural Chemicals,59.20000076293945,3446640265.218544,6.32,5.304435590969456,4.45206280676321,-0.1606905710491367,-0.16069057104913664,11.160471222183295,13.297207009974715,,,False,19.867320548497293,0.18077595481441627,23.483754427797003
SMP,"Standard Motor Products, Inc.",Consumer Discretionary,Automotive Parts & Equipment,38.7599983215332,865909719.18256,3.02,4.53,6.795,0.5000000000000001,0.4999999999999999,8.556291020206004,5.70419401347067,0.17112582040412003,0.11408388026941343,False,17.12461478795241,0.09201273225257235,23.63279043999208
SMPL,Simply Good Foods Company,Consumer Staples,Packaged Foods & Meats,10.84000015258789,958912321.298008,-1.65,-0.825,-0.4125,0.5,0.5,,,,,False,21.581219732454,0.027309224733112505,30.262301818219143
SMTC,Semtech,Information Technology,Semiconductors,154.22000122070312,14365773242.669922,0.15,0.15,,0.0,,1028.1333414713542,,,,True,32.824054964173854,0.16017875776961116,46.8792043447928
SN,SharkNinja,Consumer Discretionary,Household Appliances,183.6199951171875,25866833690.390625,3.58,2.594412955465587,1.8801616154993523,-0.27530364372469646,-0.27530364372469635,70.77516119026453,97.66181460332592,,,False,17.12461478795241,0.09201273225257235,23.63279043999208
SNA,Snap-on,Industrials,Industrial Machinery & Supplies & Components,401.2200012207031,20753956754.423466,19.39,19.59208441896821,19.796274980916806,0.010422094841062853,0.010422094841062862,20.478678666383207,20.267449386688696,19.649292180395065,19.446617686528164,False,26.16367280461197,0.1419973073572504,33.292022761598915
SNDK,Sandisk,Information Technology,"Technology Hardware, Storage & Peripherals",1786.8499755859375,261628788362.16736,15.6,7.800000000000001,3.9000000000000004,-0.49999999999999994,-0.5,229.0833302033253,458.1666604066506,,,True,32.824054964173854,0.16017875776961116,46.8792043447928
SNDR,Schneider National,Industrials,Cargo Ground Transportation,36.40999984741211,6404518973.15979,0.7100000000000001,0.8130645161290324,0.9310900104058275,0.14516129032258074,0.14516129032258074,44.78119401982841,39.10470463703326,3.084926699143733,2.6938796527734,False,26.16367280461197,0.1419973073572504,33.292022761598915
SNEX,StoneX Group Inc.,Financials,Investment Banking & Brokerage,68.41000366210938,8251391283.061676,6.109999999999999,7.511488933601608,9.234446153783868,0.22937625754527155,0.2293762575452715,9.107382606407988,7.408132823870329,0.3970499259109449,0.3229685976722417,False,12.175904990939271,0.2321522761151244,16.818363553496667
SNPS,Synopsys,Information Technology,Application Software,413.2200012207031,79123086910.23941,4.14,2.07,1.035,-0.5,-0.5,199.62318899550877,399.24637799101754,,,False,32.824054964173854,0.16017875776961116,46.8792043447928
SNX,TD Synnex,Information Technology,Technology Distributors,263.8800048828125,21099515868.183598,13.14,19.71,29.565,0.5,0.5,13.388128101614027,8.925418734409352,0.26776256203228055,0.17850837468818703,False,32.824054964173854,0.16017875776961116,46.8792043447928
SO,Southern Company,Utilities,Electric Utilities,92.29000091552734,104038619366.49498,4.74,4.680750000000001,4.622240625000001,-0.01249999999999991,-0.01249999999999997,19.71692590194463,19.966507242475576,,,False,22.02248481825099,-0.002881844380403428,27.042817602825924
SOLS,Solstice Advanced Materials,Materials,Specialty Chemicals,62.54999923706055,9935902809.759075,2.74,4.11,6.165000000000001,0.5,0.5000000000000001,15.218977916559743,10.145985277706494,0.30437955833119484,0.20291970555412983,False,19.867320548497293,0.18077595481441627,23.483754427797003
SOLV,Solventum,Health Care,Health Care Technology,86.81999969482422,14778824099.83184,8.33,12.495,18.7425,0.4999999999999999,0.5000000000000001,6.948379327316864,4.63225288487791,0.13896758654633734,0.09264505769755817,False,26.111110051472984,0.13106796116504843,35.670037593695405
SON,Sonoco,Materials,Paper & Plastic Packaging Products & Materials,56.75,5610798100.75,7.42,11.13,16.695,0.5000000000000001,0.49999999999999994,5.098831985624438,3.3992213237496256,0.10197663971248873,0.06798442647499252,False,19.867320548497293,0.18077595481441627,23.483754427797003
SONO,"Sonos, Inc.",Consumer Discretionary,Consumer Electronics,15.449999809265137,1827641952.987214,0.73,0.73,,0.0,,21.164383300363202,,,,False,17.12461478795241,0.09201273225257235,23.63279043999208
SPG,Simon Property Group,Real Estate,Retail REITs,221.6699981689453,62799372273.530045,14.18,21.27,31.905,0.5,0.5000000000000001,10.421720647341106,6.94781376489407,0.2084344129468221,0.13895627529788135,False,24.37544947652672,0.18871373771277855,37.44019231073693
SPGI,S&P Global,Financials,Financial Exchanges & Data,410.5299987792969,121516879638.67188,15.59,20.54506339814032,27.075024376754655,0.3178360101437025,0.3178360101437023,19.981929031986187,15.162682517536666,0.628686756511693,0.4770599313363268,False,12.175904990939271,0.2321522761151244,16.818363553496667
SPHR,Sphere Entertainment,Communication Services,Movies & Entertainment,171.60000610351562,6180174219.818115,-0.5199999999999998,-0.5199999999999998,,0.0,,,,,,False,16.09388154288399,0.09932629665828746,22.61772188630623
SPNT,SiriusPoint Ltd.,Financials,Reinsurance,23.450000762939453,2724069713.826874,2.63,3.945,5.9174999999999995,0.5,0.49999999999999994,5.944233399984652,3.962822266656435,0.11888466799969305,0.07925644533312871,False,12.175904990939271,0.2321522761151244,16.818363553496667
SPSC,"SPS Commerce, Inc.",Information Technology,Application Software,76.2300033569336,2744293384.870193,1.91,1.6889351851851857,1.4934565757887523,-0.11574074074074044,-0.11574074074074064,45.13494894629437,51.042664776961175,,,False,32.824054964173854,0.16017875776961116,46.8792043447928
SPXC,SPX Technologies,Industrials,Industrial Machinery & Supplies & Components,217.6300048828125,10900185956.359863,5.12,6.331980676328502,7.83085532917921,0.23671497584541057,0.2367149758454105,34.369973000139,27.791345355581146,1.4519560022507703,1.1740425486949593,False,26.16367280461197,0.1419973073572504,33.292022761598915
SR,Spire,Utilities,Gas Utilities,82.29000091552734,4864720867.80304,9.94,14.91,22.365000000000002,0.5000000000000001,0.5000000000000001,5.51911474953235,3.6794098330215665,0.11038229499064697,0.07358819666043132,False,22.02248481825099,-0.002881844380403428,27.042817602825924
SRE,Sempra,Utilities,Multi-Utilities,85.94000244140625,56178124149.16296,3.8,3.194690265486726,2.685801550630434,-0.15929203539822998,-0.15929203539822995,26.90088719080029,31.997897395372974,,,False,22.02248481825099,-0.002881844380403428,27.042817602825924
SRPT,Sarepta Therapeutics,Health Care,Biotechnology,18.18000030517578,1920299274.014809,-1.6000000000000003,-1.6000000000000003,,0.0,,,,,,False,26.111110051472984,0.13106796116504843,35.670037593695405
SSB,South State Bank,Financials,Regional Banks,110.81999969482422,10746717828.28572,9.16,13.74,20.61,0.5,0.49999999999999994,8.065502161195358,5.377001440796906,0.16131004322390716,0.10754002881593813,False,12.175904990939271,0.2321522761151244,16.818363553496667
SSD,Simpson Manufacturing,Industrials,Building Products,195.88999938964844,8028489331.964935,10.27,12.95735872235872,16.34792064847961,0.2616707616707615,0.26167076167076153,15.11805018191155,11.982563630064266,0.5777508379378409,0.457925201637198,False,26.16367280461197,0.1419973073572504,33.292022761598915
ST,Sensata Technologies,Industrials,Electrical Components & Equipment,45.91999816894531,6683006516.555878,0.5799999999999998,0.2899999999999999,0.14499999999999996,-0.5,-0.5,158.34482127222526,316.6896425444505,,,False,26.16367280461197,0.1419973073572504,33.292022761598915
STAA,STAAR Surgical Company,Health Care,Health Care Equipment,24.09000015258789,1207968582.2113647,0.0999999999999999,0.0999999999999999,,0.0,,240.90000152587916,,,,True,26.111110051472984,0.13106796116504843,35.670037593695405
STAG,STAG Industrial,Real Estate,Industrial REITs,36.79999923706055,7036345878.12212,,,,,,,,,,False,24.37544947652672,0.18871373771277855,37.44019231073693
STBA,"S&T Bancorp, Inc.",Financials,Regional Banks,51.0,1798540092.0,3.7,4.002923976608188,4.330648746622894,0.08187134502923998,0.08187134502923993,12.740686632578521,11.77652656308609,1.556183867264944,1.4384186016340839,False,12.175904990939271,0.2321522761151244,16.818363553496667
STC,Stewart Information Services Corporation,Financials,Property & Casualty Insurance,68.06999969482422,2077646076.615364,4.44,6.659999999999999,9.989999999999998,0.4999999999999997,0.49999999999999994,10.220720674898532,6.813813783265688,0.20441441349797076,0.13627627566531378,False,12.175904990939271,0.2321522761151244,16.818363553496667
STE,Steris,Health Care,Health Care Equipment,229.75,22400650272.5,7.439999999999999,11.16,16.740000000000002,0.5000000000000003,0.5000000000000001,20.586917562724015,13.724611708482675,0.41173835125448,0.2744922341696534,False,26.111110051472984,0.13106796116504843,35.670037593695405
STEP,StepStone Group,Financials,Asset Management & Custody Banks,48.27999877929688,3958751040.627625,-8.11,-8.11,,0.0,,,,,,False,12.175904990939271,0.2321522761151244,16.818363553496667
STLD,Steel Dynamics,Materials,Steel,258.1600036621094,37001579722.963135,11.22,12.741740890688256,14.469871740235043,0.13562753036437208,0.1356275303643724,20.2609679381233,17.841208843908934,1.4938683823034238,1.315456293864331,False,19.867320548497293,0.18077595481441627,23.483754427797003
STRA,"Strategic Education, Inc.",Consumer Discretionary,Education Services,80.69000244140625,1791927989.927673,5.71,6.708662551440329,7.881988306321869,0.1748971193415638,0.17489711934156388,12.02773307238152,10.23726492675555,0.6877033262561669,0.5853306769886111,False,17.12461478795241,0.09201273225257235,23.63279043999208
STRL,Sterling Infrastructure,Industrials,Construction & Engineering,603.8900146484375,18472100583.093994,13.37,20.055,30.0825,0.5000000000000001,0.5,30.111693575090378,20.074462383393584,0.6022338715018074,0.4014892476678717,False,26.16367280461197,0.1419973073572504,33.292022761598915
STT,State Street Corporation,Financials,Asset Management & Custody Banks,193.0399932861328,53028426871.28883,11.09,15.72737851662404,22.303916591989847,0.41815856777493593,0.4181585677749361,12.27413666442167,8.654981849934847,0.29352828353448773,0.20697846503513914,False,12.175904990939271,0.2321522761151244,16.818363553496667
STWD,Starwood Property Trust,Financials,Mortgage REITs,16.239999771118164,6011543663.275051,0.71,0.393828125,0.21845153808593748,-0.4453125,-0.4453125,41.23626206512845,74.34143020192171,,,False,12.175904990939271,0.2321522761151244,16.818363553496667
STX,Seagate Technology,Information Technology,"Technology Hardware, Storage & Peripherals",994.7899780273438,225463695081.2379,9.87,14.805,22.2075,0.5000000000000001,0.5,67.19283877253251,44.795225848355,1.3438567754506499,0.8959045169671,False,32.824054964173854,0.16017875776961116,46.8792043447928
STZ,Constellation Brands,Consumer Staples,Distillers & Vintners,130.55999755859375,,,,,,,,,,,False,21.581219732454,0.027309224733112505,30.262301818219143
SUPN,"Supernus Pharmaceuticals, Inc.",Health Care,Pharmaceuticals,48.27000045776367,2805790944.118435,-1.45,-0.725,-0.3625,0.5,0.5,,,,,False,26.111110051472984,0.13106796116504843,35.670037593695405
SW,Smurfit Westrock,Materials,Paper & Plastic Packaging Products & Materials,47.810001373291016,25077440951.8026,0.71,0.355,0.1775,-0.5,-0.5,134.67606020645357,269.35212041290714,,,False,19.867320548497293,0.18077595481441627,23.483754427797003
SWK,Stanley Black & Decker,Industrials,Industrial Machinery & Supplies & Components,99.58999633789062,15039746724.150543,3.73,5.595,8.3925,0.49999999999999994,0.5000000000000001,17.799820614457666,11.866547076305109,0.35599641228915335,0.2373309415261021,False,26.16367280461197,0.1419973073572504,33.292022761598915
SWKS,Skyworks Solutions,Information Technology,Semiconductors,67.7300033569336,10191522029.987137,1.69,0.8602710843373493,0.4379090760632894,-0.49096385542168675,-0.49096385542168663,78.73100071601819,154.6668179746629,,,False,32.824054964173854,0.16017875776961116,46.8792043447928
SWX,Southwest Gas Corp,Utilities,Gas Utilities,91.26000213623048,6611408699.541039,5.56,8.34,12.51,0.5000000000000001,0.5,10.942446299308212,7.294964199538808,0.21884892598616418,0.14589928399077615,False,22.02248481825099,-0.002881844380403428,27.042817602825924
SXI,Standex International Corporation,Industrials,Industrial Machinery & Supplies & Components,326.9700012207031,3962701485.844269,8.78,13.169999999999998,19.754999999999995,0.4999999999999999,0.4999999999999999,24.82687936375878,16.551252909172522,0.4965375872751758,0.3310250581834505,False,26.16367280461197,0.1419973073572504,33.292022761598915
SXT,Sensient Technologies,Materials,Specialty Chemicals,133.4499969482422,5680006998.058609,3.99,5.236875,6.873398437500001,0.31250000000000006,0.3125,25.482753922566832,19.41543156005092,0.8154481255221384,0.6212938099216294,False,19.867320548497293,0.18077595481441627,23.483754427797003
SYF,Synchrony Financial,Financials,Consumer Finance,80.75,26273695330.0,10.22,12.25920187793427,14.705286759681718,0.1995305164319246,0.19953051643192482,6.586888836975962,5.491222396383092,0.3301193699472664,0.2752071459834351,False,12.175904990939271,0.2321522761151244,16.818363553496667
SYK,Stryker Corporation,Health Care,Health Care Equipment,331.67999267578125,127223505087.9071,9.65,12.3341059602649,15.764784439278978,0.2781456953642383,0.27814569536423844,26.891287762916036,21.039297679794412,0.9668058219524579,0.7564128451545133,False,26.111110051472984,0.13106796116504843,35.670037593695405
SYNA,Synaptics,Information Technology,Semiconductors,110.58000183105467,4324450583.487029,-1.6800000000000002,-1.6800000000000002,,0.0,,,,,,False,32.824054964173854,0.16017875776961116,46.8792043447928
SYY,Sysco,Consumer Staples,Food Distributors,81.8499984741211,39139245735.151245,3.33,3.18646551724138,3.049117865636149,-0.043103448275861864,-0.04310344827586186,25.686767370067486,26.84382896331376,,,False,21.581219732454,0.027309224733112505,30.262301818219143
T,AT&T,Communication Services,Integrated Telecommunication Services,24.68000030517578,169116879933.18213,3.1100000000000003,4.665000000000001,6.997500000000001,0.5000000000000001,0.5,5.290460944303489,3.526973962868993,0.10580921888606976,0.07053947925737986,False,16.09388154288399,0.09932629665828746,22.61772188630623
TALO,"Talos Energy, Inc.",Energy,Oil & Gas Exploration & Production,16.40999984741211,2739903304.4030914,-2.24,-2.24,,0.0,,,,,,False,18.15927134438993,0.0,31.84763181292061
TAP,Molson Coors Beverage Company,Consumer Staples,Brewers,40.7400016784668,7683564316.558838,-10.84,-5.42,-2.71,0.5,0.5,,,,,False,21.581219732454,0.027309224733112505,30.262301818219143
TBBK,"The Bancorp, Inc.",Financials,Regional Banks,68.2699966430664,2784515313.5113907,5.31,6.49679723502304,7.9488463866295715,0.22350230414746527,0.22350230414746536,10.50825417099912,8.588667250873105,0.4701631247642909,0.3842764522555596,False,12.175904990939271,0.2321522761151244,16.818363553496667
TCBI,Texas Capital Bancshares,Financials,Regional Banks,101.08999633789062,4394823803.002106,7.15,10.725,16.0875,0.4999999999999999,0.49999999999999994,9.425640684185606,6.283760456123738,0.18851281368371217,0.12567520912247476,False,12.175904990939271,0.2321522761151244,16.818363553496667
TDC,Teradata,Information Technology,IT Consulting & Other Services,27.530000686645508,2560290063.858032,4.46,6.69,10.035,0.5000000000000001,0.49999999999999994,4.1150972625778035,2.743398175051869,0.08230194525155604,0.05486796350103739,False,32.824054964173854,0.16017875776961116,46.8792043447928
TDG,TransDigm Group,Industrials,Aerospace & Defense,1237.8199462890625,68422385206.54602,33.68,36.841260149399154,40.299241371606485,0.09386164339071125,0.09386164339071139,33.59874068556393,30.715713352390537,3.5796028571228846,3.272445723598974,False,26.16367280461197,0.1419973073572504,33.292022761598915
TDS,"Telephone and Data Systems, Inc.",Communication Services,Integrated Telecommunication Services,34.52000045776367,1720809319.4593506,2.62,2.62,,0.0,,13.175572693802927,,,,False,16.09388154288399,0.09932629665828746,22.61772188630623
TDW,"Tidewater, Inc.",Energy,Oil & Gas Equipment & Services,93.97000122070312,4675593087.807587,1.99,1.1218413597733712,0.6324261489940535,-0.43626062322946174,-0.43626062322946174,83.76407270247772,148.58652092449563,,,False,18.15927134438993,0.0,31.84763181292061
TDY,Teledyne Technologies,Information Technology,Electronic Equipment & Instruments,677.27001953125,31395307558.09424,19.3,21.88542890716804,24.817201992264586,0.1339600470035254,0.13396004700352543,30.946161594732402,27.29034561359303,2.3101038172909867,2.037200361155056,False,32.824054964173854,0.16017875776961116,46.8792043447928
TECH,Bio-Techne,Health Care,Life Sciences Tools & Services,72.38999938964844,11334011789.328018,0.94,0.9709890109890108,1.0029996377249122,0.03296703296703283,0.03296703296703289,74.55285134062935,72.17350502124756,22.614364906657663,21.892629856445147,False,26.111110051472984,0.13106796116504843,35.670037593695405
TEL,TE Connectivity,Information Technology,Electronic Manufacturing Services,217.3800048828125,62934386916.27881,10.12,15.18,22.77,0.5000000000000001,0.5,14.320158424427701,9.546772282951801,0.28640316848855396,0.19093544565903603,False,32.824054964173854,0.16017875776961116,46.8792043447928
TER,Teradyne,Information Technology,Semiconductor Materials & Equipment,443.1400146484375,69280842245.1477,6.15,9.225,13.837499999999999,0.49999999999999983,0.4999999999999999,48.03685795647019,32.024571970980126,0.9607371591294042,0.6404914394196027,False,32.824054964173854,0.16017875776961116,46.8792043447928
TEX,Terex,Industrials,Construction Machinery & Heavy Transportation Equipment,67.33999633789062,7696961581.420898,2.1,1.05,0.525,-0.5,-0.5,64.13332984561012,128.26665969122024,,,False,26.16367280461197,0.1419973073572504,33.292022761598915
TFC,Truist Financial,Financials,Diversified Banks,52.52999877929688,64172022164.3971,4.26,5.515987841945288,7.142282129692074,0.29483282674772016,0.2948328267477202,9.523225990427758,7.354791903405475,0.3230042629743025,0.2494563439402477,False,12.175904990939271,0.2321522761151244,16.818363553496667
TFIN,"Triumph Bancorp, Inc.",Financials,Regional Banks,77.77999877929688,1858517058.691864,0.86,1.29,1.935,0.5000000000000001,0.5,60.29457269712936,40.196381798086236,1.205891453942587,0.8039276359617247,False,12.175904990939271,0.2321522761151244,16.818363553496667
TFX,Teleflex,Health Care,Health Care Equipment,133.07000732421875,5638495179.134705,-23.29,-11.645,-5.8225,0.5,0.5,,,,,False,26.111110051472984,0.13106796116504843,35.670037593695405
TGT,Target Corporation,Consumer Staples,Consumer Staples Merchandise Retail,151.00999450683594,68587397328.173706,7.54,6.649309941520468,5.863835901644951,-0.11812865497076017,-0.1181286549707603,22.71062649131154,25.752766114153008,,,False,21.581219732454,0.027309224733112505,30.262301818219143
TGTX,"TG Therapeutics, Inc.",Health Care,Biotechnology,49.27999877929688,7543242744.98813,2.77,4.155,6.2325,0.5000000000000001,0.4999999999999999,11.860408851816336,7.906939234544225,0.23720817703632666,0.15813878469088455,False,26.111110051472984,0.13106796116504843,35.670037593695405
THC,Tenet Health,Health Care,Health Care Facilities,264.5599975585937,21302106443.420406,24.85,18.611286919831223,13.938833030675283,-0.2510548523206752,-0.25105485232067504,14.215029766517235,18.980067913603293,,,False,26.111110051472984,0.13106796116504843,35.670037593695405
THG,Hanover Insurance,Financials,Property & Casualty Insurance,222.1000061035156,7733571296.625762,19.78,29.67,44.505,0.5,0.5,7.485675972481145,4.990450648320763,0.1497135194496229,0.09980901296641527,False,12.175904990939271,0.2321522761151244,16.818363553496667
THO,Thor Industries,Consumer Discretionary,Leisure Products,77.63999938964844,4041734407.946701,5.14,7.709999999999999,11.564999999999998,0.4999999999999999,0.4999999999999999,10.070038831342211,6.713359220894808,0.20140077662684427,0.1342671844178962,False,17.12461478795241,0.09201273225257235,23.63279043999208
THRM,Gentherm Incorporated,Consumer Discretionary,Automotive Parts & Equipment,43.34000015258789,1330763719.405243,0.79,0.395,0.1975,-0.5,-0.5,109.72151937364022,219.44303874728044,,,False,17.12461478795241,0.09201273225257235,23.63279043999208
TILE,"Interface, Inc.",Industrials,Office Services & Supplies,38.040000915527344,2198729551.3179016,2.6100000000000003,3.915000000000001,5.872500000000001,0.5000000000000002,0.5,9.716475329636612,6.4776502197577415,0.19432950659273215,0.12955300439515482,False,26.16367280461197,0.1419973073572504,33.292022761598915
TJX,TJX Companies,Consumer Discretionary,Apparel Retail,150.85000610351562,166644672421.68085,4.49,4.965541871921183,5.4914490159916545,0.10591133004926125,0.1059113300492613,30.379364426777315,27.469982087464558,2.8683771993654816,2.5936773784908342,False,17.12461478795241,0.09201273225257235,23.63279043999208
TKO,TKO Group Holdings,Communication Services,Movies & Entertainment,195.13999938964844,37725123084.36478,2.85,3.356404958677686,3.9527909637319856,0.17768595041322313,0.1776859504132231,58.13958738355792,49.36764963796848,3.2720418946095386,2.778365398229855,False,16.09388154288399,0.09932629665828746,22.61772188630623
TKR,Timken,Industrials,Industrial Machinery & Supplies & Components,133.92999267578125,9280925139.724792,3.92,3.311724137931034,2.7978359096313907,-0.15517241379310354,-0.15517241379310348,40.44116813408639,47.869137791367564,,,False,26.16367280461197,0.1419973073572504,33.292022761598915
TLN,Talen Energy,Utilities,Independent Power Producers & Energy Traders,356.9200134277344,17101557965.659945,5.08,2.54,1.27,-0.5,-0.5,140.51969032587968,281.03938065175936,,,False,22.02248481825099,-0.002881844380403428,27.042817602825924
TMDX,"TransMedics Group, Inc.",Health Care,Health Care Equipment,88.3499984741211,3063549007.839928,2.19,3.1553289473684205,4.5461647333795,0.4407894736842103,0.44078947368421045,28.000249719702275,19.433963275775096,0.6352295458798132,0.44088991312206194,False,26.111110051472984,0.13106796116504843,35.670037593695405
TMO,Thermo Fisher Scientific,Health Care,Life Sciences Tools & Services,585.510009765625,216490737036.6733,17.66,19.82680228862047,22.259461437828193,0.12269548633184996,0.12269548633184987,29.531237626839935,26.303871340327987,2.4068723723844156,2.1438336589811375,False,26.111110051472984,0.13106796116504843,35.670037593695405
TMP,Tompkins Financial Corporation,Financials,Regional Banks,100.27999877929688,1442317695.842743,7.01,9.927292929292928,14.058651198857259,0.41616161616161607,0.41616161616161623,10.101444522040444,7.132974377189756,0.24272888535970974,0.17139914158781205,False,12.175904990939271,0.2321522761151244,16.818363553496667
TMUS,T-Mobile US,Communication Services,Wireless Telecommunication Services,180.1199951171875,193209605695.90564,10.51,11.411167355371902,12.389604225718873,0.08574380165289265,0.08574380165289264,15.784537156261626,14.537994260001193,1.840895417742318,1.6955154751423065,False,16.09388154288399,0.09932629665828746,22.61772188630623
TNC,Tennant Company,Industrials,Industrial Machinery & Supplies & Components,67.56999969482422,1152021398.5069656,2.33,1.165,0.5825,-0.5,-0.5,57.99999973804654,115.99999947609308,,,False,26.16367280461197,0.1419973073572504,33.292022761598915
TNDM,Tandem Diabetes Care,Health Care,Health Care Equipment,22.2549991607666,1548474065.8922253,-0.93,-0.93,,0.0,,,,,,False,26.111110051472984,0.13106796116504843,35.670037593695405
TNL,Travel + Leisure Co.,Consumer Discretionary,"Hotels, Resorts & Cruise Lines",73.69000244140625,4510140005.504395,6.23,7.47840077071291,8.976962774863475,0.20038535645472064,0.20038535645472075,9.853711334914381,8.208790020578753,0.49173809450197725,0.4096501942961895,False,17.12461478795241,0.09201273225257235,23.63279043999208
TOL,Toll Brothers,Consumer Discretionary,Homebuilding,145.4499969482422,13595356664.749146,13.22,12.965014836795254,12.714947785046977,-0.01928783382789312,-0.01928783382789317,11.218652564550025,11.439291722400478,,,False,17.12461478795241,0.09201273225257235,23.63279043999208
TOST,"Toast, Inc.",Financials,Transaction & Payment Processing Services,34.31999969482422,7542006290.535965,0.75,1.125,1.6875,0.5,0.5,30.506666395399307,20.33777759693287,0.6101333279079861,0.4067555519386574,False,12.175904990939271,0.2321522761151244,16.818363553496667
TPC,Tutor Perini Corporation,Industrials,Construction & Engineering,97.22000122070312,5110769618.911285,2.16,2.16,,0.0,,45.00925982439959,,,,False,26.16367280461197,0.1419973073572504,33.292022761598915
TPL,Texas Pacific Land Corporation,Energy,Oil & Gas Exploration & Production,360.7900085449219,24885376468.95328,11.25,7.750306184935702,5.339310752022453,-0.31108389467238207,-0.31108389467238196,46.5517103370949,67.57239376042308,,,False,18.15927134438993,0.0,31.84763181292061
TPR,"Tapestry, Inc.",Consumer Discretionary,"Apparel, Accessories & Luxury Goods",129.02000427246094,25725515147.45316,6.5600000000000005,9.84,14.76,0.4999999999999999,0.5,13.111789052079363,8.741192701386243,0.26223578104158735,0.17482385402772485,False,17.12461478795241,0.09201273225257235,23.63279043999208
TR,"Tootsie Roll Industries, Inc.",Consumer Staples,Packaged Foods & Meats,40.20000076293945,,1.14,1.1603571428571424,1.1810778061224483,0.01785714285714256,0.017857142857142638,34.644506659350725,34.036708296905985,19.400923729236727,19.060556646267585,False,21.581219732454,0.027309224733112505,30.262301818219143
TREX,Trex,Industrials,Building Products,48.75,4965928012.5,2.37,2.9103108808290155,3.5738014443340758,0.22797927461139886,0.22797927461139889,16.750787801100252,13.640936901317927,0.7347504649118978,0.5983410958987183,False,26.16367280461197,0.1419973073572504,33.292022761598915
TRGP,Targa Resources,Energy,Oil & Gas Storage & Transportation,277.94000244140625,59598958500.25324,10.82,16.23,24.345,0.5,0.4999999999999999,17.125077168293668,11.41671811219578,0.34250154336587335,0.22833436224391565,False,18.15927134438993,0.0,31.84763181292061
TRIP,TripAdvisor,Communication Services,Interactive Media & Services,10.170000076293944,1191917317.0816,0.62,0.62,,0.0,,16.40322592950636,,,,False,16.09388154288399,0.09932629665828746,22.61772188630623
TRMB,Trimble Inc.,Information Technology,Application Software,55.68999862670898,12985785414.896208,-0.77,-0.385,-0.1925,0.5,0.5,,,,,False,32.824054964173854,0.16017875776961116,46.8792043447928
TRMK,Trustmark Corp.,Financials,Regional Banks,48.130001068115234,2794936933.036068,3.89,4.203361111111111,4.541965200617283,0.08055555555555541,0.08055555555555545,11.450360746044161,10.596734880657838,1.4214240926123811,1.3154567438058022,False,12.175904990939271,0.2321522761151244,16.818363553496667
TRN,"Trinity Industries, Inc.",Industrials,Construction Machinery & Heavy Transportation Equipment,29.8700008392334,2379727613.681293,4.15,6.225,9.337499999999999,0.4999999999999998,0.49999999999999983,4.7983937091138,3.1989291394092,0.09596787418227604,0.06397858278818401,False,26.16367280461197,0.1419973073572504,33.292022761598915
TRNO,Terreno Realty Corporation,Real Estate,Industrial REITs,68.18000030517578,7429595769.0550995,3.1,4.65,6.9750000000000005,0.5000000000000001,0.5,14.662365657027049,9.774910438018033,0.2932473131405409,0.19549820876036064,False,24.37544947652672,0.18871373771277855,37.44019231073693
TROW,T. Rowe Price,Financials,Asset Management & Custody Banks,110.45999908447266,23562868595.703503,10.22,11.123365282215124,12.106580743795375,0.08839190628328016,0.08839190628328011,9.93044787094104,9.123963356960505,1.1234566928691119,1.0322170592995075,False,12.175904990939271,0.2321522761151244,16.818363553496667
TRST,TrustCo Bank Corp NY,Financials,Regional Banks,56.79999923706055,967175619.0088654,3.54,4.590329670329671,5.952295616471442,0.296703296703297,0.29670329670329676,12.373838768966074,9.542536677761973,0.4170441955466339,0.3216188287690146,False,12.175904990939271,0.2321522761151244,16.818363553496667
TRU,TransUnion,Industrials,Research & Consulting Services,78.69999694824219,15173359411.621094,3.84,5.76,8.64,0.5,0.5000000000000001,13.66319391462538,9.108795943083585,0.2732638782925076,0.18217591886167164,False,26.16367280461197,0.1419973073572504,33.292022761598915
TRUP,Trupanion,Financials,Life & Health Insurance,29.989999771118164,1315739593.8483562,0.62,0.62,,0.0,,48.37096737277123,,,,False,12.175904990939271,0.2321522761151244,16.818363553496667
TRV,Travelers Companies (The),Financials,Property & Casualty Insurance,364.510009765625,76027683306.08545,32.81,49.215,73.8225,0.5,0.5,7.4064819621177485,4.937654641411832,0.14812963924235498,0.09875309282823665,False,12.175904990939271,0.2321522761151244,16.818363553496667
TSCO,Tractor Supply,Consumer Discretionary,Other Specialty Retail,34.68000030517578,18069672110.16883,2.3,2.712820512820512,3.199737015121629,0.17948717948717924,0.1794871794871793,12.78374302364703,10.838390824396397,0.7122371113174784,0.6038532030735142,False,17.12461478795241,0.09201273225257235,23.63279043999208
TSLA,"Tesla, Inc.",Consumer Discretionary,Automobile Manufacturers,339.29998779296875,1340081382571.9517,1.17,0.8831612903225805,0.6666443288241414,-0.24516129032258072,-0.2451612903225807,384.18802036606155,508.9670355276884,,,True,17.12461478795241,0.09201273225257235,23.63279043999208
TSN,Tyson Foods,Consumer Staples,Packaged Foods & Meats,58.61000061035156,20747940216.064453,1.66,1.3917171717171717,1.166793184368942,-0.1616161616161616,-0.1616161616161615,42.11344215724201,50.231696067071795,,,False,21.581219732454,0.027309224733112505,30.262301818219143
TT,Trane Technologies,Industrials,Building Products,475.3200073242188,104581418103.1379,14.45,18.543738898756654,23.797249297249877,0.2833037300177616,0.2833037300177618,25.63237165489257,19.97373735876058,0.9047664728341402,0.7050290992465338,False,26.16367280461197,0.1419973073572504,33.292022761598915
TTC,Toro,Industrials,Agricultural & Farm Machinery,97.5,9284879565.0,4.1,4.592896174863387,5.145047627579204,0.12021857923497263,0.12021857923497249,21.22843545508626,18.950261894052616,1.7658198583094487,1.5763172393689246,False,26.16367280461197,0.1419973073572504,33.292022761598915
TTD,Trade Desk (The),Communication Services,Advertising,13.399999618530272,6343519619.413375,0.63,0.7632692307692307,0.9247300295857986,0.21153846153846143,0.21153846153846143,17.556058961037394,14.490715332919756,0.8299227872490409,0.6850156339198433,False,16.09388154288399,0.09932629665828746,22.61772188630623
TTEK,Tetra Tech,Industrials,Construction & Engineering,35.81999969482422,9171511332.821442,1.66,2.49,3.7350000000000003,0.5000000000000002,0.5,14.385542046114143,9.590361364076095,0.2877108409222827,0.1918072272815219,False,26.16367280461197,0.1419973073572504,33.292022761598915
TTMI,TTM Technologies,Information Technology,Electronic Manufacturing Services,140.97999572753906,14852082396.621094,2.14,3.21,4.8149999999999995,0.4999999999999999,0.4999999999999999,43.919001784280084,29.27933452285339,0.878380035685602,0.5855866904570679,False,32.824054964173854,0.16017875776961116,46.8792043447928
TTWO,Take-Two Interactive,Communication Services,Interactive Home Entertainment,241.6100006103516,45176344947.35381,-1.48,-1.48,,0.0,,,,,,False,16.09388154288399,0.09932629665828746,22.61772188630623
TWLO,Twilio,Information Technology,Systems Software,228.6100006103516,35108831137.93488,7.62,7.62,,0.0,,30.00131241605664,,,,False,32.824054964173854,0.16017875776961116,46.8792043447928
TXN,Texas Instruments,Information Technology,Semiconductors,282.9100036621094,258366906190.6729,6.71,8.70872340425532,11.302811226799458,0.297872340425532,0.2978723404255319,32.48581801597601,25.03005650411266,1.0905953191077655,0.8402947540666393,False,32.824054964173854,0.16017875776961116,46.8792043447928
TXNM,TXNM Energy,Utilities,Electric Utilities,57.58000183105469,6374524060.771042,1.57,0.8384013605442178,0.4477177333518442,-0.4659863945578231,-0.4659863945578231,68.67832584822945,128.6078203782131,,,False,22.02248481825099,-0.002881844380403428,27.042817602825924
TXRH,Texas Roadhouse,Consumer Discretionary,Restaurants,204.3999938964844,13417004873.759584,6.83,7.2436180124223615,7.682284320628065,0.060559006211180294,0.06055900621118029,28.217942131397724,26.60666871540283,4.659578136569253,4.393511449415225,False,17.12461478795241,0.09201273225257235,23.63279043999208
TXT,Textron,Industrials,Aerospace & Defense,87.6500015258789,15074653537.481209,5.15,6.924934725848566,9.311596302381231,0.34464751958224565,0.3446475195822455,12.657159236275469,9.412994150472825,0.3672493929919319,0.2731194514872039,False,26.16367280461197,0.1419973073572504,33.292022761598915
TYL,Tyler Technologies,Information Technology,Application Software,320.4800109863281,13124385221.43512,7.97,9.90965678627145,12.321367330200227,0.24336973478939147,0.24336973478939156,32.340172611256506,26.010101184210065,1.3288494002445788,1.0687483884024778,False,32.824054964173854,0.16017875776961116,46.8792043447928
UA,Under Armour (Class C),Consumer Discretionary,"Apparel, Accessories & Luxury Goods",5.190000057220459,2241753054.7156334,-1.06,-1.06,,0.0,,,,,,False,17.12461478795241,0.09201273225257235,23.63279043999208
UAA,Under Armour (Class A),Consumer Discretionary,"Apparel, Accessories & Luxury Goods",5.289999961853027,2284946713.522911,-1.06,-1.06,,0.0,,,,,,False,17.12461478795241,0.09201273225257235,23.63279043999208
UAL,United Airlines Holdings,Industrials,Passenger Airlines,122.26000213623048,39683612658.10575,10.47,14.348285340314138,19.663160669252495,0.3704188481675394,0.37041884816753956,8.520878922913429,6.217718717388594,0.23003362180586068,0.16785643463197464,False,26.16367280461197,0.1419973073572504,33.292022761598915
UBER,Uber,Industrials,Passenger Ground Transportation,74.98999786376953,153171579110.41083,5.04,7.56,11.34,0.4999999999999999,0.5000000000000001,9.919311886742001,6.612874591161335,0.19838623773484007,0.13225749182322666,False,26.16367280461197,0.1419973073572504,33.292022761598915
UBSI,United Bankshares,Financials,Regional Banks,48.97999954223633,6671691665.226833,3.67,4.759328621908127,6.171991534417959,0.2968197879858656,0.2968197879858656,10.291367424550543,7.935850084871401,0.3467210691842625,0.26736256833554845,False,12.175904990939271,0.2321522761151244,16.818363553496667
UCB,"United Community Banks, Inc.",Financials,Regional Banks,36.630001068115234,4416680803.678532,2.97,4.388507462686567,6.484511026954778,0.4776119402985073,0.4776119402985075,8.346801590190527,5.648845520633993,0.17476115829461422,0.11827270308827423,False,12.175904990939271,0.2321522761151244,16.818363553496667
UCTT,"Ultra Clean Holdings, Inc.",Information Technology,Semiconductor Materials & Equipment,87.87999725341797,3978945184.1629257,-4.03,-2.015,-1.0075,0.5,0.5,,,,,False,32.824054964173854,0.16017875776961116,46.8792043447928
UDR,"UDR, Inc.",Real Estate,Multi-Family Residential REITs,37.2400016784668,12099859463.080135,1.03,1.545,2.3175,0.4999999999999999,0.5,24.103560956936438,16.069040637957627,0.4820712191387289,0.32138081275915253,False,24.37544947652672,0.18871373771277855,37.44019231073693
UE,Urban Edge Properties,Real Estate,Retail REITs,21.850000381469727,2753536916.9728127,0.8300000000000001,1.043787878787879,1.3126423324150598,0.2575757575757576,0.2575757575757575,20.933372407853124,16.645814203835016,0.8127073993637094,0.6462492573253596,False,24.37544947652672,0.18871373771277855,37.44019231073693
UFCS,"United Fire Group, Inc.",Financials,Property & Casualty Insurance,53.400001525878906,1372670481.8233871,4.8,7.199999999999999,10.799999999999999,0.4999999999999999,0.5,7.4166668785942935,4.944444585729529,0.1483333375718859,0.09888889171459057,False,12.175904990939271,0.2321522761151244,16.818363553496667
UFPI,UFP Industries,Industrials,Building Products,88.29000091552734,4870208090.891853,4.36,3.3002777777777785,2.498126929012347,-0.24305555555555544,-0.2430555555555553,26.75229385539082,35.34247995574566,,,False,26.16367280461197,0.1419973073572504,33.292022761598915
UFPT,"UFP Technologies, Inc.",Health Care,Health Care Equipment,321.3099975585937,2488799765.9893794,9.28,9.978957126303596,10.730558763858332,0.07531865585168071,0.0753186558516805,32.198755189723244,29.943454449063744,4.275003958266303,3.9755694137756774,False,26.111110051472984,0.13106796116504843,35.670037593695405
UGI,UGI Corp,Utilities,Gas Utilities,35.09000015258789,7526628424.759335,2.29,1.145,0.5725,-0.5,-0.5,30.646288342871518,61.292576685743036,,,False,22.02248481825099,-0.002881844380403428,27.042817602825924
UHS,Universal Health Services,Health Care,Health Care Facilities,170.52999877929688,10366348095.794678,22.92,31.49438848920864,43.27646188085504,0.3741007194244606,0.3741007194244605,5.414615331798804,3.940479220523737,0.14473683290769873,0.1053320407024614,False,26.111110051472984,0.13106796116504843,35.670037593695405
ULS,UL Solutions,Industrials,Research & Consulting Services,77.11000061035156,15501112206.736511,2.6,3.9,5.85,0.4999999999999999,0.49999999999999994,19.771795028295273,13.181196685530182,0.39543590056590555,0.26362393371060366,False,26.16367280461197,0.1419973073572504,33.292022761598915
ULTA,Ulta Beauty,Consumer Discretionary,Other Specialty Retail,493.3299865722656,21207916218.38095,25.36,29.259763421292085,33.759217486986685,0.15377616014558698,0.15377616014558698,16.860354592384486,14.61319376737425,1.0964218755639372,0.9502899378901948,False,17.12461478795241,0.09201273225257235,23.63279043999208
UMBF,UMB Financial Corp.,Financials,Regional Banks,151.9499969482422,11540606826.718904,12.09,18.135,27.2025,0.5000000000000001,0.4999999999999999,8.378825307319667,5.585883538213112,0.1675765061463933,0.11171767076426227,False,12.175904990939271,0.2321522761151244,16.818363553496667
UNF,UniFirst Corporation,Industrials,Diversified Support Services,286.4700012207031,5691771616.813721,6.24,5.777091988130564,5.348524333224735,-0.07418397626112766,-0.07418397626112763,49.58723208999885,53.56056799464619,,,False,26.16367280461197,0.1419973073572504,33.292022761598915
UNFI,United Natural Foods Inc,Consumer Staples,Food Retail,48.11000061035156,2911575862.337952,0.65,0.65,,0.0,,74.01538555438702,,,,False,21.581219732454,0.027309224733112505,30.262301818219143
UNH,UnitedHealth Group,Health Care,Managed Health Care,395.6199951171875,355106468987.35266,19.27,22.683744654856444,26.702245540567112,0.17715332926084298,0.1771533292608429,17.440682794517695,14.815982218279952,0.9844964736077749,0.8363366514249757,False,26.111110051472984,0.13106796116504843,35.670037593695405
UNIT,Uniti Group,Communication Services,Alternative Carriers,9.850000381469728,2390842672.342292,3.83,3.012094455852156,2.368854572056213,-0.21355236139630396,-0.21355236139630393,3.270149899294261,4.158127939833695,,,False,16.09388154288399,0.09932629665828746,22.61772188630623
UNM,Unum,Financials,Life & Health Insurance,91.51000213623048,14486655423.159807,5.17,3.1044018583042976,1.8640833458110595,-0.39953542392566777,-0.3995354239256677,29.477498826848258,49.091153752255984,,,False,12.175904990939271,0.2321522761151244,16.818363553496667
UNP,Union Pacific Corporation,Industrials,Rail Transportation,299.8999938964844,178163238224.25092,12.39,14.109568014705882,16.06778931086451,0.13878676470588228,0.1387867647058822,21.255079785852384,18.664670546414367,1.5314918415236694,1.3448451360595268,False,26.16367280461197,0.1419973073572504,33.292022761598915
UPBD,"Upbound Group, Inc.",Consumer Discretionary,Computer & Electronics Retail,19.420000076293945,1132174449.5478916,1.46,1.0248076923076923,0.7193361686390533,-0.2980769230769231,-0.2980769230769231,18.94989686558989,26.997113342758198,,,False,17.12461478795241,0.09201273225257235,23.63279043999208
UPS,United Parcel Service,Industrials,Air Freight & Logistics,102.0199966430664,72834551322.74365,4.79,3.730747967479674,2.9057370348337628,-0.22113821138211395,-0.22113821138211376,27.345721965771528,35.10985179321396,,,False,26.16367280461197,0.1419973073572504,33.292022761598915
UPWK,"Upwork, Inc.",Industrials,Human Resource & Employment Services,8.1899995803833,1022958506.9384624,0.89,1.028701298701299,1.1890183842131896,0.15584415584415603,0.15584415584415584,7.961494352853352,6.88803444010908,0.5108625543080895,0.4419822099069993,False,26.16367280461197,0.1419973073572504,33.292022761598915
URBN,"Urban Outfitters, Inc.",Consumer Discretionary,Apparel Retail,76.63999938964844,6563072708.852493,5.32,7.31328165374677,10.053400102825018,0.37467700258397935,0.37467700258397935,10.479563487122627,7.62329148405349,0.27969593582872115,0.20346302098818625,False,17.12461478795241,0.09201273225257235,23.63279043999208
URI,United Rentals,Industrials,Trading Companies & Distributors,1164.8199462890625,72971959159.9347,39.2,39.78871051268773,40.38626235363436,0.015018125323666476,0.015018125323666446,29.275136873752857,28.841984338375905,19.493203208005806,19.204783364622084,False,26.16367280461197,0.1419973073572504,33.292022761598915
USB,U.S. Bancorp,Financials,Diversified Banks,64.87000274658203,101070801581.3361,4.86,6.199370078740158,7.907857895715794,0.2755905511811025,0.27559055118110254,10.463966809957725,8.20323323990513,0.37969250996132303,0.29766017756227164,False,12.175904990939271,0.2321522761151244,16.818363553496667
USFD,US Foods,Consumer Staples,Food Distributors,108.61000061035156,23495679957.067795,3.39,5.085,7.6274999999999995,0.49999999999999994,0.4999999999999999,21.358898841760386,14.239265894506925,0.42717797683520775,0.28478531789013856,False,21.581219732454,0.027309224733112505,30.262301818219143
USLM,"United States Lime & Minerals, Inc.",Materials,Construction Materials,117.63999938964844,3374899005.810013,4.68,5.421386138613861,6.2802195863150665,0.1584158415841584,0.15841584158415842,21.69924745846025,18.731829002602435,1.3697649958153033,1.1824467057892787,False,19.867320548497293,0.18077595481441627,23.483754427797003
USPH,"U.S. Physical Therapy, Inc.",Health Care,Health Care Facilities,78.4800033569336,1171133389.1345062,1.19,0.6679716981132074,0.37494637771448913,-0.43867924528301894,-0.43867924528301877,117.49001279337564,209.3099387579465,,,False,26.111110051472984,0.13106796116504843,35.670037593695405
UTHR,United Therapeutics,Health Care,Biotechnology,508.4800109863281,21809059539.371216,26.66,28.384808306709267,30.221205649235987,0.06469648562300327,0.06469648562300326,17.913808171328732,16.82527219092541,2.7688997321609317,2.600647010251678,False,26.111110051472984,0.13106796116504843,35.670037593695405
UTI,Universal Technical Institute,Consumer Discretionary,Education Services,26.14999961853028,1440740269.6328375,0.47,0.2629761904761905,0.14714143990929707,-0.44047619047619047,-0.4404761904761904,99.43865857657508,177.72015575387886,,,False,17.12461478795241,0.09201273225257235,23.63279043999208
UTL,Unitil Corporation,Utilities,Electric Utilities,54.060001373291016,985874621.4842606,2.3400000000000003,1.5001643835616445,0.9617492212422601,-0.3589041095890409,-0.35890410958904084,36.03605175917016,56.2100807354577,,,False,22.02248481825099,-0.002881844380403428,27.042817602825924
UVV,Universal Corporation,Consumer Staples,Tobacco,44.31999969482422,1103535062.6413498,2.8200000000000003,1.4380470162748646,0.7333259648996598,-0.4900542495479204,-0.4900542495479204,30.81957626784089,60.436970482680884,,,False,21.581219732454,0.027309224733112505,30.262301818219143
V,Visa Inc.,Financials,Transaction & Payment Processing Services,358.8399963378906,168396735624.72223,,,,,,,,,,False,12.175904990939271,0.2321522761151244,16.818363553496667
VAC,Marriott Vacations Worldwide,Consumer Discretionary,"Hotels, Resorts & Cruise Lines",119.47000122070312,4109208922.3864746,4.46,3.4414532871972314,2.655515858287137,-0.2283737024221454,-0.22837370242214527,34.71498557459753,44.98937592402997,,,False,17.12461478795241,0.09201273225257235,23.63279043999208
VAL,Valaris,Energy,Oil & Gas Drilling,87.08000183105469,6046470200.70076,4.74,7.11,10.665000000000001,0.5,0.5000000000000001,12.247538935450729,8.165025956967153,0.24495077870901458,0.16330051913934301,False,18.15927134438993,0.0,31.84763181292061
VC,Visteon,Consumer Discretionary,Automotive Parts & Equipment,107.8000030517578,2877767327.6679835,5.21,2.605,1.3025,-0.5,-0.5,41.38195894501259,82.76391789002518,,,False,17.12461478795241,0.09201273225257235,23.63279043999208
VCEL,Vericel,Health Care,Biotechnology,43.59000015258789,2232096312.073509,0.01,0.01,,0.0,,4359.000015258789,,,,True,26.111110051472984,0.13106796116504843,35.670037593695405
VCTR,"Victory Capital Holdings, Inc.",Financials,Asset Management & Custody Banks,118.80999755859376,7307952099.150147,4.8,5.538461538461537,6.390532544378696,0.1538461538461537,0.1538461538461537,21.4518051147461,18.591564432779958,1.394367332458498,1.2084516881306984,False,12.175904990939271,0.2321522761151244,16.818363553496667
VCYT,"Veracyte, Inc.",Health Care,Health Care Services,42.08000183105469,3382842107.679825,0.89,1.335,2.0025,0.49999999999999994,0.5,31.520600622512877,21.013733748341917,0.6304120124502576,0.42027467496683835,False,26.111110051472984,0.13106796116504843,35.670037593695405
VECO,Veeco Instruments Inc.,Information Technology,Semiconductor Materials & Equipment,54.400001525878906,3325452509.276428,0.54,0.27,0.135,-0.5,-0.5,201.48148713288484,402.9629742657697,,,True,32.824054964173854,0.16017875776961116,46.8792043447928
VEEV,Veeva Systems,Health Care,Health Care Technology,238.33999633789065,38716733382.05491,5.53,7.683643216080402,10.67601683038307,0.3894472361809044,0.3894472361809044,31.019138920855987,22.32480522694518,0.7964914380968185,0.5732433858273668,False,26.111110051472984,0.13106796116504843,35.670037593695405
VFC,VF Corporation,Consumer Discretionary,"Apparel, Accessories & Luxury Goods",14.479999542236328,5672825149.062061,1.37,1.37,,0.0,,10.569342731559363,,,,False,17.12461478795241,0.09201273225257235,23.63279043999208
VGNT,Versigent PLC,Consumer Discretionary,Other Specialty Retail,46.77999877929688,3313673610.231171,,,,,,,,,,False,17.12461478795241,0.09201273225257235,23.63279043999208
VIAV,Viavi Solutions,Information Technology,Communications Equipment,46.2599983215332,11414646629.118608,-0.19,-0.19,,0.0,,,,,,False,32.824054964173854,0.16017875776961116,46.8792043447928
VICI,Vici Properties,Real Estate,Hotel & Resort REITs,25.959999084472656,28583972501.453384,2.83,3.2164257028112453,3.655616361026436,0.1365461847389559,0.13654618473895602,8.071070648945161,7.101401383700866,0.591087232819807,0.5200732189827979,False,24.37544947652672,0.18871373771277855,37.44019231073693
VICR,Vicor Corporation,Industrials,Electrical Components & Equipment,253.5,6839163571.5,2.04,3.06,4.59,0.5,0.49999999999999994,82.84313725490196,55.22875816993464,1.6568627450980393,1.104575163398693,False,26.16367280461197,0.1419973073572504,33.292022761598915
VIR,"Vir Biotechnology, Inc.",Health Care,Biotechnology,9.390000343322754,1588937903.7156887,-2.35,-2.35,,0.0,,,,,,False,26.111110051472984,0.13106796116504843,35.670037593695405
VIRT,"Virtu Financial, Inc.",Financials,Financial Exchanges & Data,59.5,5167743801.5,6.13,9.195,13.7925,0.5000000000000001,0.5,6.4709081022294725,4.313938734819648,0.12941816204458942,0.08627877469639296,False,12.175904990939271,0.2321522761151244,16.818363553496667
VLO,Valero Energy,Energy,Oil & Gas Refining & Marketing,347.19000244140625,99965535887.5379,22.65,33.974999999999994,50.96249999999999,0.49999999999999983,0.5,10.218984619320274,6.812656412880183,0.20437969238640555,0.13625312825760366,False,18.15927134438993,0.0,31.84763181292061
VLTO,Veralto,Industrials,Environmental & Facilities Services,96.75,23761728985.5,3.76,4.336687116564417,5.00182317738718,0.15337423312883441,0.15337423312883433,22.30965651878678,19.342946875331094,1.4545896050248976,1.2611601362715876,False,26.16367280461197,0.1419973073572504,33.292022761598915
VLY,Valley Bank,Financials,Regional Banks,14.9399995803833,8255921844.557619,1.07,1.605,2.4074999999999998,0.4999999999999999,0.4999999999999999,9.308410953509846,6.205607302339897,0.18616821907019696,0.12411214604679797,False,12.175904990939271,0.2321522761151244,16.818363553496667
VMC,Vulcan Materials Company,Materials,Construction Materials,278.1499938964844,36091320470.78903,7.47,8.316080476900149,9.257991231362759,0.11326378539493298,0.1132637853949329,33.44724653267976,30.044313819850228,2.9530397925563308,2.6525966543578305,False,19.867320548497293,0.18077595481441627,23.483754427797003
VMI,Valmont Industries,Industrials,Industrial Machinery & Supplies & Components,506.7900085449219,9783509150.778503,15.1,12.91109852774632,11.03950100617041,-0.1449603624009059,-0.14496036240090604,39.25227643920582,45.90696701432946,,,False,26.16367280461197,0.1419973073572504,33.292022761598915
VNO,Vornado Realty Trust,Real Estate,Office REITs,37.900001525878906,7076708409.81292,3.72,5.58,8.370000000000001,0.49999999999999994,0.5000000000000001,6.792114968795503,4.528076645863668,0.13584229937591008,0.09056153291727333,False,24.37544947652672,0.18871373771277855,37.44019231073693
VNOM,Viper Energy,Energy,Oil & Gas Storage & Transportation,43.04999923706055,8074156506.908417,1.02,1.02,,0.0,,42.20588160496132,,,,False,18.15927134438993,0.0,31.84763181292061
VNT,Vontier,Information Technology,Electronic Equipment & Instruments,32.33000183105469,4371016247.558594,2.18,1.885873015873016,1.6314298311917363,-0.13492063492063497,-0.13492063492063475,17.14325490578609,19.816973560816944,,,False,32.824054964173854,0.16017875776961116,46.8792043447928
VOYA,Voya Financial,Financials,Multi-Sector Holdings,100.13999938964844,9072318333.564377,6.18,5.786727272727273,5.418480991735537,-0.06363636363636359,-0.06363636363636367,17.3051181903122,18.481194183828563,,,False,12.175904990939271,0.2321522761151244,16.818363553496667
VRRM,Verra Mobility Corporation,Industrials,Data Processing & Outsourced Services,4.599999904632568,699120883.9057903,0.38,0.19,0.095,-0.5,-0.5,24.21052581385562,48.42105162771124,,,False,26.16367280461197,0.1419973073572504,33.292022761598915
VRSK,Verisk Analytics,Industrials,Research & Consulting Services,175.6199951171875,23010054901.04492,6.8,7.113846153846154,7.4421775147929,0.046153846153846226,0.04615384615384618,24.687066787666925,23.59793148821103,5.348864470661159,5.112885155779054,False,26.16367280461197,0.1419973073572504,33.292022761598915
VRSN,Verisign,Information Technology,Internet Services & Infrastructure,272.7699890136719,24631130007.93457,2.0700000000000003,3.1050000000000004,4.657500000000001,0.5,0.5,87.84862770166565,58.56575180111043,1.756972554033313,1.1713150360222087,False,32.824054964173854,0.16017875776961116,46.8792043447928
VRT,Vertiv,Industrials,Electrical Components & Equipment,292.42999267578125,112582088610.6524,4.11,6.165000000000001,9.247500000000002,0.5000000000000001,0.5000000000000001,47.43389986630677,31.622599910871173,0.9486779973261351,0.6324519982174233,False,26.16367280461197,0.1419973073572504,33.292022761598915
VRTS,"Virtus Investment Partners, Inc.",Financials,Asset Management & Custody Banks,168.13999938964844,1113539092.5578308,18.5,21.009821976672804,23.860141594134245,0.13566605279312452,0.13566605279312455,8.002923564813363,7.046898641665388,0.5898987550715374,0.5194297686548833,False,12.175904990939271,0.2321522761151244,16.818363553496667
VRTX,Vertex Pharmaceuticals,Health Care,Biotechnology,515.5499877929688,130671776274.19458,16.52,16.52,,0.0,,31.20762637971966,,,,False,26.111110051472984,0.13106796116504843,35.670037593695405
VSAT,"Viasat, Inc.",Information Technology,Communications Equipment,81.41000366210938,11214700996.576843,-1.08,-1.08,,0.0,,,,,,False,32.824054964173854,0.16017875776961116,46.8792043447928
VSEC,VSE Corporation,Industrials,Aerospace & Defense,243.47999572753903,6833259262.653502,2.3000000000000003,2.3000000000000003,,0.0,,105.86086770762566,,,,False,26.16367280461197,0.1419973073572504,33.292022761598915
VSH,Vishay Intertechnology,Information Technology,Electronic Components,35.58000183105469,4666087179.850983,0.19,0.1640909090909091,0.14171487603305788,-0.13636363636363635,-0.13636363636363621,216.83103608952996,251.06751547208725,,,True,32.824054964173854,0.16017875776961116,46.8792043447928
VSNT,"Versant Media Group, Inc.",Communication Services,Cable & Satellite,39.22999954223633,5591608754.753113,,,,,,,,,,False,16.09388154288399,0.09932629665828746,22.61772188630623
VST,Vistra Corp.,Utilities,Electric Utilities,146.11000061035156,49039658546.305466,6.19,7.693995983935743,9.563420710956274,0.2429718875502007,0.24297188755020072,18.990132164796282,15.278006168123666,0.781577340336244,0.6287972786550072,False,22.02248481825099,-0.002881844380403428,27.042817602825924
VSTS,Vestis,Industrials,Diversified Support Services,13.40999984741211,1772266987.8839684,0.04,0.04,,0.0,,335.24999618530273,,,,True,26.16367280461197,0.1419973073572504,33.292022761598915
VSXY,Victoria's Secret,Consumer Discretionary,Apparel Retail,84.0999984741211,6685253530.705261,0.28,0.28,,0.0,,300.3571374075753,,,,True,17.12461478795241,0.09201273225257235,23.63279043999208
VTOL,Bristow Group Inc.,Energy,Oil & Gas Equipment & Services,46.150001525878906,1367978345.2301023,3.93,5.047352941176471,6.482384659746253,0.2843137254901961,0.28431372549019623,9.143406863701898,7.119293893874759,0.3215956896888253,0.25040275075007756,False,18.15927134438993,0.0,31.84763181292061
VTR,Ventas,Real Estate,Health Care REITs,91.16999816894533,46765318610.79717,0.54,0.81,1.215,0.5,0.5,112.55555329499423,75.03703552999615,2.2511110658998845,1.5007407105999229,False,24.37544947652672,0.18871373771277855,37.44019231073693
VTRS,Viatris,Health Care,Pharmaceuticals,16.229999542236328,18641629196.93683,-0.06,-0.06,,0.0,,,,,,False,26.111110051472984,0.13106796116504843,35.670037593695405
VVV,Valvoline,Consumer Discretionary,Automotive Retail,33.79999923706055,4312420831.059288,1.04,0.6476646706586827,0.4033360823263653,-0.37724550898203585,-0.3772455089820359,52.1874988220147,83.80107983919669,,,False,17.12461478795241,0.09201273225257235,23.63279043999208
VVX,"V2X, Inc.",Industrials,Aerospace & Defense,82.6500015258789,2590693886.5292206,2.88,4.32,6.48,0.5000000000000001,0.5,19.13194479765715,12.754629865104768,0.38263889595314293,0.2550925973020954,False,26.16367280461197,0.1419973073572504,33.292022761598915
VYX,NCR Voyix,Information Technology,IT Consulting & Other Services,7.699999809265137,1063138188.2652568,-0.26,-0.13,-0.065,0.5,0.5,,,,,False,32.824054964173854,0.16017875776961116,46.8792043447928
VZ,Verizon,Communication Services,Integrated Telecommunication Services,48.060001373291016,199678501913.83545,4.47,4.861532846715328,5.2873605413181295,0.08759124087591227,0.0875912408759123,9.88577119370129,9.08960170159112,1.1286255446142324,1.0377295275983207,False,16.09388154288399,0.09932629665828746,22.61772188630623
WAB,Wabtec,Industrials,Construction Machinery & Heavy Transportation Equipment,300.6499938964844,50783046322.19998,8.22,10.115029940119763,12.446938040087495,0.23053892215568886,0.23053892215568886,29.72309480805399,24.154534466885718,1.2892874890766262,1.047742144407769,False,26.16367280461197,0.1419973073572504,33.292022761598915
WABC,Westamerica Bank,Financials,Regional Banks,59.5,1375113603.5,4.54,3.9867698259187625,3.5009545473251804,-0.12185686653771752,-0.12185686653771756,14.924362980069473,16.9953648914007,,,False,12.175904990939271,0.2321522761151244,16.818363553496667
WAFD,"WaFd, Inc.",Financials,Regional Banks,37.7599983215332,2794060062.68145,3.18,4.77,7.154999999999999,0.4999999999999998,0.5,7.916142205772161,5.277428137181441,0.15832284411544328,0.10554856274362882,False,12.175904990939271,0.2321522761151244,16.818363553496667
WAL,Western Alliance Bancorporation,Financials,Regional Banks,81.72000122070312,8915722739.259766,8.36,10.070547550432275,12.131091861904007,0.20461095100864543,0.2046109510086454,8.114752530729605,6.7364093975195525,0.396594243403264,0.3292301494280685,False,12.175904990939271,0.2321522761151244,16.818363553496667
WAT,Waters Corporation,Health Care,Life Sciences Tools & Services,407.739990234375,40059683819.68579,4.01,2.005,1.0025,-0.5,-0.5,203.36159113933917,406.72318227867834,,,True,26.111110051472984,0.13106796116504843,35.670037593695405
WAY,Waystar Holding Corp,Health Care,Health Care Technology,24.68000030517578,4732350965.396973,0.78,0.78,,0.0,,31.641026032276642,,,,False,26.111110051472984,0.13106796116504843,35.670037593695405
WBD,Warner Bros. Discovery,Communication Services,Broadcasting,27.93000030517578,70123944326.22585,-0.5399999999999999,-0.5399999999999999,,0.0,,,,,,False,16.09388154288399,0.09932629665828746,22.61772188630623
WBS,Webster Bank,Financials,Regional Banks,78.69000244140625,12750412418.709473,6.12,8.037424892703863,10.555588056512368,0.31330472103004287,0.31330472103004287,9.790449489965214,7.45481938288201,0.3124896892002596,0.23794149537143955,False,12.175904990939271,0.2321522761151244,16.818363553496667
WCC,WESCO International,Industrials,Trading Companies & Distributors,372.9599914550781,18175404811.42157,14.96,18.435057660626036,22.717336293489744,0.23228995057660662,0.23228995057660623,20.231018438941664,16.417417369568973,0.8709381696764235,0.7067639959807354,False,26.16367280461197,0.1419973073572504,33.292022761598915
WD,"Walker & Dunlop, Inc.",Financials,Commercial & Residential Mortgage Finance,40.70000076293945,1397057847.688465,2.52,3.256615384615385,4.208549112426036,0.29230769230769243,0.2923076923076924,12.497638178340251,9.670791447525193,0.4275507797853242,0.33084286531007234,False,12.175904990939271,0.2321522761151244,16.818363553496667
WDAY,"Workday, Inc.",Information Technology,Application Software,191.17999267578125,42059598388.67188,2.9,4.122549019607843,5.860486351403305,0.4215686274509803,0.4215686274509803,46.374219388655625,32.62186467339913,1.1000396227076452,0.773820975973654,False,32.824054964173854,0.16017875776961116,46.8792043447928
WDC,Western Digital,Information Technology,"Technology Hardware, Storage & Peripherals",536.010009765625,193253554914.3477,16.75,25.125,37.6875,0.5,0.5,21.333731731965173,14.222487821310116,0.42667463463930344,0.2844497564262023,False,32.824054964173854,0.16017875776961116,46.8792043447928
WDFC,WD-40 Company,Consumer Staples,Household Products,229.009994506836,3073565121.2357183,6.5600000000000005,6.963365695792881,7.391533813009919,0.06148867313915856,0.06148867313915861,32.887831044863695,30.98274327092342,5.3485998909804655,5.038772458271228,False,21.581219732454,0.027309224733112505,30.262301818219143
WEC,WEC Energy Group,Utilities,Electric Utilities,110.48999786376952,36003097631.58061,3.79,4.012318435754191,4.247677897069381,0.058659217877095125,0.05865921787709508,27.537694136931293,26.011858841745127,4.69452119096256,4.434402602545114,False,22.02248481825099,-0.002881844380403428,27.042817602825924
WELL,Welltower,Real Estate,Health Care REITs,235.3000030517578,166101672239.27994,2.28,3.228819875776398,4.572490258863471,0.41614906832298176,0.41614906832298154,72.87492399840913,51.45992440238538,1.7511735468274416,1.2365743028035885,False,24.37544947652672,0.18871373771277855,37.44019231073693
WEN,The Wendy's Company,Consumer Discretionary,Restaurants,8.619999885559082,1643574774.7795582,0.81,0.7209890109890111,0.6417594493418671,-0.10989010989010976,-0.10989010989010979,11.955799262092308,13.431823862350615,,,False,17.12461478795241,0.09201273225257235,23.63279043999208
WERN,Werner Enterprises,Industrials,Cargo Ground Transportation,39.11000061035156,2345706607.767151,0.4199999999999999,0.6299999999999999,0.9449999999999998,0.5000000000000002,0.5,62.07936604817709,41.386244032118064,1.2415873209635413,0.8277248806423613,False,26.16367280461197,0.1419973073572504,33.292022761598915
WEX,WEX Inc.,Financials,Transaction & Payment Processing Services,188.8699951171875,6436993703.155884,9.61,11.97822308690013,14.930054976019488,0.24643320363164728,0.24643320363164725,15.76778072565232,12.650321477084223,0.6398399441830492,0.5133367294122071,False,12.175904990939271,0.2321522761151244,16.818363553496667
WFC,Wells Fargo,Financials,Diversified Banks,87.54000091552734,264720904641.99408,6.86,8.812659176029964,11.321131450854972,0.28464419475655445,0.2846441947565543,9.933437702167378,7.7324427594130904,0.34897735085245907,0.27165292325832835,False,12.175904990939271,0.2321522761151244,16.818363553496667
WFRD,Weatherford International,Energy,Oil & Gas Equipment & Services,93.08000183105467,6672481165.6999655,5.03,4.048144000000001,3.257946291200001,-0.1951999999999999,-0.19519999999999987,22.99325365675101,28.5701461937761,,,False,18.15927134438993,0.0,31.84763181292061
WGO,"Winnebago Industries, Inc.",Consumer Discretionary,Automobile Manufacturers,31.57999992370605,892731638.7832545,1.49,2.235,3.3525,0.49999999999999994,0.5000000000000001,14.129753880852821,9.419835920568547,0.28259507761705643,0.18839671841137087,False,17.12461478795241,0.09201273225257235,23.63279043999208
WH,Wyndham Hotels & Resorts,Consumer Discretionary,"Hotels, Resorts & Cruise Lines",72.94000244140625,5412959419.859497,4.65,6.493243243243245,9.067141465790117,0.3963963963963966,0.39639639639639646,11.233215776616152,8.044431943254148,0.2833833980009982,0.2029390785684569,False,17.12461478795241,0.09201273225257235,23.63279043999208
WHD,"Cactus, Inc.",Energy,Oil & Gas Equipment & Services,73.44999694824219,5500653524.854553,0.8300000000000001,0.415,0.2075,-0.5000000000000001,-0.5,176.98794445359565,353.9758889071913,,,False,18.15927134438993,0.0,31.84763181292061
WHR,Whirlpool Corporation,Consumer Discretionary,Household Appliances,39.59000015258789,2581243384.968636,2.18,1.885873015873015,1.6314298311917346,-0.13492063492063536,-0.13492063492063527,20.99292996896758,24.267056661375378,,,False,17.12461478795241,0.09201273225257235,23.63279043999208
WINA,Winmark,Consumer Discretionary,Other Specialty Retail,349.7799987792969,1256468868.435028,11.22,11.444400000000002,11.673288000000001,0.02000000000000009,0.019999999999999955,30.563419557101884,29.964136820688125,15.281709778550875,14.982068410344096,False,17.12461478795241,0.09201273225257235,23.63279043999208
WING,Wingstop,Consumer Discretionary,Restaurants,115.72000122070312,3152507456.375061,4.21,2.939320066334991,2.0521621026982277,-0.3018242122719736,-0.3018242122719734,39.36964964995909,56.38930816846872,,,False,17.12461478795241,0.09201273225257235,23.63279043999208
WKC,World Kinect Corporation,Energy,Oil & Gas Refining & Marketing,35.63999938964844,1823043705.5795288,-4.159999999999999,-2.08,-1.04,0.4999999999999999,0.5,,,,,False,18.15927134438993,0.0,31.84763181292061
WLK,Westlake Corporation,Materials,Specialty Chemicals,78.20999908447266,9994967902.078766,-6.47,-3.235,-1.6175,0.5,0.5,,,,,False,19.867320548497293,0.18077595481441627,23.483754427797003
WLY,John Wiley & Sons,Communication Services,Publishing,50.79999923706055,3092937176.3487434,1.19,1.19,,0.0,,42.68907498912651,,,,False,16.09388154288399,0.09932629665828746,22.61772188630623
WM,Waste Management,Industrials,Environmental & Facilities Services,224.0200042724609,89544197227.4475,7.03,7.162449275362319,7.297393971854653,0.018840579710144946,0.018840579710144988,31.2770109301931,30.698630927216556,16.6008750321794,16.293888722907198,False,26.16367280461197,0.1419973073572504,33.292022761598915
WMB,Williams Companies,Energy,Oil & Gas Storage & Transportation,73.44999694824219,89841647085.58911,2.36,2.798793969849246,3.319172748162925,0.18592964824120603,0.185929648241206,26.243445476695268,22.129006990942194,1.4114717972600967,1.190181727350675,False,18.15927134438993,0.0,31.84763181292061
WMG,Warner Music Group,Communication Services,Movies & Entertainment,26.3700008392334,28189.530897140503,,,,,,,,,,False,16.09388154288399,0.09932629665828746,22.61772188630623
WMS,Advanced Drainage Systems,Industrials,Building Products,147.97999572753906,11158482186.993622,7.21,8.508036006546643,10.039760983175332,0.18003273322422234,0.1800327332242223,17.392967732350158,14.73939429190839,0.9661002985878145,0.8187063556687308,False,26.16367280461197,0.1419973073572504,33.292022761598915
WMT,Walmart,Consumer Staples,Consumer Staples Merchandise Retail,114.33000183105467,909847204362.828,2.88,4.32,6.48,0.5000000000000001,0.5,26.465278201633023,17.643518801088682,0.5293055640326603,0.3528703760217736,False,21.581219732454,0.027309224733112505,30.262301818219143
WOR,Worthington Enterprises,Industrials,Building Products,57.709999084472656,2824005102.559204,2.96,4.44,6.66,0.5000000000000001,0.4999999999999999,12.997747541547895,8.665165027698597,0.2599549508309578,0.173303300553972,False,26.16367280461197,0.1419973073572504,33.292022761598915
WPC,W. P. Carey,Real Estate,Diversified REITs,71.5199966430664,16293462421.313866,3.34,4.374745098039216,5.730058285274894,0.3098039215686275,0.3098039215686274,16.34838031480327,12.481547845134232,0.5277008835790927,0.40288540512775056,False,24.37544947652672,0.18871373771277855,37.44019231073693
WRB,W. R. Berkley Corporation,Financials,Property & Casualty Insurance,69.75,25893120147.75,4.74,5.673636363636364,6.791170798898072,0.19696969696969696,0.19696969696969704,12.2937029322224,10.270688525654156,0.6241418411743681,0.5214349559178262,False,12.175904990939271,0.2321522761151244,16.818363553496667
WRBY,Warby Parker,Consumer Discretionary,"Apparel, Accessories & Luxury Goods",25.600000381469727,2897484203.1758785,0.11,0.11,,0.0,,232.72727619517934,,,,True,17.12461478795241,0.09201273225257235,23.63279043999208
WRLD,World Acceptance Corporation,Financials,Consumer Finance,190.0,886004200.0,8.31,4.688126272912424,2.6448288749424465,-0.4358452138492872,-0.43584521384928726,40.52791860530786,71.83829615597892,,,False,12.175904990939271,0.2321522761151244,16.818363553496667
WS,Worthington Steel,Materials,Steel,37.869998931884766,1929406234.601509,1.56,1.457245508982036,1.3612592778514827,-0.0658682634730539,-0.0658682634730539,25.987384211147088,27.81982796962541,,,False,19.867320548497293,0.18077595481441627,23.483754427797003
WSBC,WesBanco,Financials,Regional Banks,42.47999954223633,4074082120.817768,3.2,4.800000000000001,7.200000000000001,0.5000000000000001,0.5,8.849999904632567,5.899999936421711,0.1769999980926513,0.11799999872843422,False,12.175904990939271,0.2321522761151244,16.818363553496667
WSC,WillScot Holdings Corp.,Industrials,Office Services & Supplies,23.57999992370605,4272482775.8162265,0.91,0.91,,0.0,,25.912087828248406,,,,False,26.16367280461197,0.1419973073572504,33.292022761598915
WSFS,WSFS Financial Corporation,Financials,Regional Banks,81.80999755859375,4179722270.3170776,5.91,7.849011235955056,10.424192450448176,0.32808988764044944,0.3280898876404495,10.42296858792039,7.8480897151008016,0.3176863713441489,0.23920547419314084,False,12.175904990939271,0.2321522761151244,16.818363553496667
WSM,"Williams-Sonoma, Inc.",Consumer Discretionary,Homefurnishing Retail,240.4199981689453,28308640001.01952,7.74,8.13961956521739,8.559871662334592,0.051630434782608606,0.05163043478260854,29.537006765809974,28.086869482734038,5.720851836746363,5.43998314191903,False,17.12461478795241,0.09201273225257235,23.63279043999208
WSO,Watsco,Industrials,Trading Companies & Distributors,311.8599853515625,11875399336.958252,14.37,16.11997658079625,18.083065063703522,0.12177985948477747,0.12177985948477744,19.34618104365497,17.245969322840654,1.5886190972385912,1.4161594040101855,False,26.16367280461197,0.1419973073572504,33.292022761598915
WST,West Pharmaceutical Services,Health Care,Health Care Supplies,346.6099853515625,24392941835.92505,7.81,9.934218241042345,12.636196166537575,0.2719869706840391,0.27198697068403904,34.89051447647626,27.429930715181083,1.2828009514105643,1.0085016442587538,False,26.111110051472984,0.13106796116504843,35.670037593695405
WT,"WisdomTree Investments, Inc.",Financials,Asset Management & Custody Banks,23.09000015258789,3498414666.1089134,0.41,0.5603333333333333,0.7657888888888889,0.3666666666666668,0.3666666666666666,41.207614787485824,30.15191325913597,1.123844039658704,0.8223249070673448,False,12.175904990939271,0.2321522761151244,16.818363553496667
WTFC,Wintrust Financial,Financials,Regional Banks,160.9600067138672,10859322501.277542,12.08,14.071976856316295,16.392428199064693,0.16489874638379928,0.1648987463837995,11.438336515002103,9.819168018259255,0.6936581851495434,0.5954665049669498,False,12.175904990939271,0.2321522761151244,16.818363553496667
WTRG,Essential Utilities,Utilities,Water Utilities,39.79999923706055,11294388262.494106,1.87,1.3821739130434785,1.0216068052930058,-0.26086956521739124,-0.2608695652173913,28.795218070223104,38.95823621265478,,,False,22.02248481825099,-0.002881844380403428,27.042817602825924
WTS,Watts Water Technologies,Industrials,Building Products,385.1799926757813,12903529754.638674,11.96,16.108288288288293,21.695397289181084,0.34684684684684713,0.3468468468468472,23.911913282296457,17.753995814949207,0.689408408918157,0.5118684507686649,False,26.16367280461197,0.1419973073572504,33.292022761598915
WTW,Willis Towers Watson,Financials,Insurance Brokers,326.0599975585937,30281823551.48187,11.96,11.96,,0.0,,27.262541601889104,,,,False,12.175904990939271,0.2321522761151244,16.818363553496667
WU,Western Union,Financials,Transaction & Payment Processing Services,7.179999828338623,2239291030.0424247,1.24,0.7844897959183674,0.49630987088713047,-0.3673469387755101,-0.3673469387755101,9.152445150587734,14.466768141251578,,,False,12.175904990939271,0.2321522761151244,16.818363553496667
WWD,"Woodward, Inc.",Industrials,Electrical Components & Equipment,370.3999938964844,21870571367.612915,8.52,11.36,15.146666666666665,0.3333333333333333,0.3333333333333332,32.605633265535594,24.4542249491517,0.9781689979660679,0.7336267484745513,False,26.16367280461197,0.1419973073572504,33.292022761598915
WWW,"Wolverine World Wide, Inc.",Consumer Discretionary,Footwear,19.82999992370605,1627375496.108835,1.23,1.845,2.7675,0.5,0.5000000000000001,10.747967438323062,7.165311625548709,0.21495934876646125,0.14330623251097413,False,17.12461478795241,0.09201273225257235,23.63279043999208
WY,Weyerhaeuser,Real Estate,Timber REITs,24.07999992370605,17355322825.012203,0.68,1.02,1.53,0.49999999999999994,0.5,23.60784306245691,15.738562041637941,0.4721568612491383,0.3147712408327588,False,24.37544947652672,0.18871373771277855,37.44019231073693
WYNN,Wynn Resorts,Consumer Discretionary,Casinos & Gaming,102.79000091552734,10584686350.165413,3.85,5.67911877394636,8.377244168464937,0.475095785440613,0.475095785440613,18.099639223445866,12.270145031998368,0.38096821268704606,0.2582667623670624,False,17.12461478795241,0.09201273225257235,23.63279043999208
XEL,Xcel Energy,Utilities,Multi-Utilities,79.20999908447266,49477282806.39021,3.45,3.4301152737752165,3.410345156923487,-0.005763688760806856,-0.0057636887608066584,23.09251811158329,23.22638778179536,,,False,22.02248481825099,-0.002881844380403428,27.042817602825924
XHR,"Xenia Hotels & Resorts, Inc.",Real Estate,Hotel & Resort REITs,19.06999969482422,1759128045.2988052,0.42,0.5690322580645162,0.7709469302809575,0.35483870967741954,0.35483870967741954,33.51303801244619,24.73581377109123,0.9444583439871193,0.697100206276207,False,24.37544947652672,0.18871373771277855,37.44019231073693
XNCR,Xencor Inc,Health Care,Biotechnology,23.1200008392334,1719050601.039854,-2.49,-2.49,,0.0,,,,,,False,26.111110051472984,0.13106796116504843,35.670037593695405
XOM,ExxonMobil,Energy,Integrated Oil & Gas,161.4600067138672,663909332668.4308,,,,,,,,,,False,18.15927134438993,0.0,31.84763181292061
XPEL,"XPEL, Inc.",Consumer Discretionary,Automotive Parts & Equipment,49.994998931884766,1378399516.811264,2.08,2.654233128834356,3.3869968760585647,0.27607361963190197,0.27607361963190175,18.835948654533137,14.760863609081257,0.6822799179308666,0.5346712818400546,False,17.12461478795241,0.09201273225257235,23.63279043999208
XPO,"XPO, Inc.",Industrials,Cargo Ground Transportation,210.9900054931641,24704073893.52517,3.78,4.493207547169812,5.340982556069776,0.18867924528301902,0.18867924528301894,46.95754720390399,39.50396828264939,2.4887500018069098,2.0937103189804165,False,26.16367280461197,0.1419973073572504,33.292022761598915
XRAY,Dentsply Sirona,Health Care,Health Care Supplies,11.1899995803833,2230769788.7877846,-2.23,-2.23,,0.0,,,,,,False,26.111110051472984,0.13106796116504843,35.670037593695405
XYL,Xylem Inc.,Industrials,Industrial Machinery & Supplies & Components,117.47000122070312,27427696090.65808,3.76,4.696877076411961,5.867195284820258,0.24916943521594714,0.24916943521594703,25.01023537759707,20.021491618767865,1.003744113154228,0.8035291969665497,False,26.16367280461197,0.1419973073572504,33.292022761598915
XYZ,"Block, Inc.",Financials,Transaction & Payment Processing Services,80.19999694824219,47935698575.95825,1.24,0.8542222222222222,0.5884641975308642,-0.3111111111111111,-0.3111111111111111,93.88657291027312,136.2869606762029,,,False,12.175904990939271,0.2321522761151244,16.818363553496667
YELP,"Yelp, Inc.",Communication Services,Interactive Media & Services,23.06999969482422,1251861719.910057,2.15,2.7846385542168672,3.6066101756423277,0.2951807228915662,0.2951807228915661,8.28473758645932,6.396588090010452,0.28066662027596884,0.2167007393758644,False,16.09388154288399,0.09932629665828746,22.61772188630623
YETI,Yeti Holdings,Consumer Discretionary,Leisure Products,43.0,3138518228.0,2.16,2.8623312883435585,3.7930279649215257,0.32515337423312884,0.32515337423312896,15.022719478737995,11.336589236269875,0.462019485855527,0.34865359349282815,False,17.12461478795241,0.09201273225257235,23.63279043999208
YOU,"Clear Secure, Inc.",Information Technology,Application Software,43.84000015258789,3847434844.43124,,,,,,,,,,False,32.824054964173854,0.16017875776961116,46.8792043447928
YUM,Yum! Brands,Consumer Discretionary,Restaurants,145.13999938964844,39608863310.3344,7.37,11.055,16.5825,0.49999999999999994,0.5,13.12890089458602,8.75260059639068,0.2625780178917204,0.1750520119278136,False,17.12461478795241,0.09201273225257235,23.63279043999208
ZBH,Zimmer Biomet,Health Care,Health Care Equipment,98.1999969482422,18730440477.71477,4.18,4.200096153846154,4.220288923816568,0.004807692307692381,0.004807692307692332,23.380416388400423,23.26854836740329,48.63126608787214,48.3985806041986,False,26.111110051472984,0.13106796116504843,35.670037593695405
ZBRA,Zebra Technologies,Information Technology,Electronic Equipment & Instruments,371.260009765625,17564556093.618164,11.73,14.24357142857143,17.29576530612245,0.21428571428571438,0.2142857142857143,26.065092707079632,21.465370464653816,1.216370992997049,1.0017172883505112,False,32.824054964173854,0.16017875776961116,46.8792043447928
ZD,Ziff Davis,Communication Services,Advertising,54.310001373291016,1862138313.5663147,18.29,27.435,41.152499999999996,0.5,0.49999999999999994,1.9795881674244948,1.3197254449496634,0.0395917633484899,0.026394508898993273,False,16.09388154288399,0.09932629665828746,22.61772188630623
ZION,Zions Bancorporation,Financials,Regional Banks,71.58000183105469,10447341418.148577,7.85,11.265539305301646,16.167181635579144,0.4351005484460696,0.4351005484460695,6.353890381206039,4.427487947158857,0.14603269069410513,0.10175781122251659,False,12.175904990939271,0.2321522761151244,16.818363553496667
ZTS,Zoetis,Health Care,Pharmaceuticals,72.97000122070312,30152926742.363342,6.33,7.258858695652173,8.324017308601132,0.14673913043478248,0.14673913043478237,10.0525446602797,8.766200082897939,0.6850623027746172,0.5974003019456383,False,26.111110051472984,0.13106796116504843,35.670037593695405
ZWS,Zurn Elkay Water Solutions Corp.,Industrials,Industrial Machinery & Supplies & Components,50.310001373291016,8395326172.193699,1.26,1.6711578947368422,2.216483102493075,0.3263157894736843,0.32631578947368434,30.10487610520689,22.698120872973448,0.9225687838692433,0.6955875751395086,False,26.16367280461197,0.1419973073572504,33.292022761598915
