ticker,name,sector,industry,indices
A,Agilent Technologies,Health Care,Life Sciences Tools & Services,sp500
AA,Alcoa,Materials,Aluminum,sp400
AAL,American Airlines Group,Industrials,Passenger Airlines,sp400
AAMI,Acadian Asset Management Inc.,Financials,Asset Management & Custody Banks,sp600
AAON,AAON,Industrials,Building Products,sp400
AAP,"Advance Auto Parts, Inc.",Consumer Discretionary,Automotive Retail,sp600
AAPL,Apple Inc.,Information Technology,"Technology Hardware, Storage & Peripherals",sp500
AAT,American Assets Trust,Real Estate,Diversified REITs,sp600
ABBV,AbbVie,Health Care,Biotechnology,sp500
ABCB,Ameris Bancorp,Financials,Regional Banks,sp600
ABG,Asbury Automotive Group,Consumer Discretionary,Automotive Retail,sp600
ABM,"ABM Industries, Inc.",Industrials,Environmental & Facilities Services,sp600
ABNB,Airbnb,Consumer Discretionary,"Hotels, Resorts & Cruise Lines",sp500
ABR,Arbor Realty Trust,Financials,Mortgage REITs,sp600
ABT,Abbott Laboratories,Health Care,Health Care Equipment,sp500
ACA,"Arcosa, Inc.",Industrials,Construction & Engineering,sp600
ACAD,Acadia Pharmaceuticals,Health Care,Pharmaceuticals,sp600
ACGL,Arch Capital Group,Financials,Property & Casualty Insurance,sp500
ACHC,Acadia Healthcare,Health Care,Health Care Facilities,sp600
ACI,Albertsons,Consumer Staples,Food Retail,sp400
ACIW,ACI Worldwide,Information Technology,Application Software,sp600
ACLS,"Axcelis Technologies, Inc.",Information Technology,Semiconductor Materials & Equipment,sp600
ACM,AECOM,Industrials,Construction & Engineering,sp400
ACMR,"ACM Research, Inc.",Information Technology,Semiconductor Materials & Equipment,sp600
ACN,Accenture,Information Technology,IT Consulting & Other Services,sp500
ACT,"Enact Holdings, Inc.",Financials,Commercial & Residential Mortgage Finance,sp600
ADAM,"Adamas Trust, Inc.",Real Estate,Mortgage REITs,sp600
ADBE,Adobe Inc.,Information Technology,Application Software,sp500
ADC,Agree Realty,Real Estate,Retail REITs,sp400
ADEA,"Adeia, Inc.",Information Technology,IT Consulting & Other Services,sp600
ADI,Analog Devices,Information Technology,Semiconductors,sp500
ADIG,ADI Global Distribution,Information Technology,Electronic Equipment & Instruments,sp600
ADM,Archer Daniels Midland,Consumer Staples,Agricultural Products & Services,sp500
ADMA,"ADMA Biologics, Inc.",Health Care,Biotechnology,sp600
ADNT,Adient,Consumer Discretionary,Automotive Parts & Equipment,sp600
ADP,Automatic Data Processing,Industrials,Human Resource & Employment Services,sp500
ADSK,Autodesk,Information Technology,Application Software,sp500
ADT,ADT Inc.,Consumer Discretionary,Specialized Consumer Services,sp600
ADUS,Addus HomeCare Corp.,Health Care,Health Care Services,sp600
AEE,Ameren,Utilities,Multi-Utilities,sp500
AEIS,Advanced Energy,Information Technology,Semiconductor Materials & Equipment,sp400
AEO,American Eagle Outfitters,Consumer Discretionary,Apparel Retail,sp600
AEP,American Electric Power,Utilities,Electric Utilities,sp500
AES,AES Corporation,Utilities,Independent Power Producers & Energy Traders,sp500
AESI,"Atlas Energy Solutions, Inc.",Energy,Oil & Gas Equipment & Services,sp600
AFG,American Financial Group,Financials,Multi-line Insurance,sp400
AFL,Aflac,Financials,Life & Health Insurance,sp500
AGCO,AGCO,Industrials,Agricultural & Farm Machinery,sp400
AGNT,"eXp World Holdings, Inc.",Real Estate,Real Estate Services,sp600
AGO,Assured Guaranty Ltd.,Financials,Property & Casualty Insurance,sp600
AGX,"Argan, Inc.",Industrials,Construction & Engineering,sp600
AGYS,"Agilysys, Inc.",Information Technology,Application Software,sp600
AHCO,AdaptHealth Corp.,Health Care,Health Care Equipment,sp600
AHR,American Healthcare REIT,Real Estate,Health Care REITs,sp400
AIG,American International Group,Financials,Multi-line Insurance,sp500
AIN,Albany International Corp.,Industrials,Industrial Machinery & Supplies & Components,sp600
AIR,AAR Corp.,Industrials,Aerospace & Defense,sp600
AIT,Applied Industrial Technologies,Industrials,Trading Companies & Distributors,sp400
AIZ,Assurant,Financials,Multi-line Insurance,sp500
AJG,Arthur J. Gallagher & Co.,Financials,Insurance Brokers,sp500
AKAM,Akamai Technologies,Information Technology,Internet Services & Infrastructure,sp500
AKR,Acadia Realty Trust,Real Estate,Retail REITs,sp600
ALB,Albemarle Corporation,Materials,Specialty Chemicals,sp500
ALG,Alamo Group,Industrials,Construction Machinery & Heavy Transportation Equipment,sp600
ALGM,Allegro MicroSystems,Information Technology,Semiconductors,sp400
ALGN,Align Technology,Health Care,Health Care Supplies,sp500
ALGT,Allegiant Travel Company,Industrials,Passenger Airlines,sp600
ALHC,"Alignment Healthcare, Inc.",Health Care,Health Care Services,sp600
ALK,Alaska Air Group,Industrials,Passenger Airlines,sp400
ALKS,Alkermes plc,Health Care,Pharmaceuticals,sp600
ALL,Allstate,Financials,Property & Casualty Insurance,sp500
ALLE,Allegion,Industrials,Building Products,sp500
ALLY,Ally Financial,Financials,Consumer Finance,sp400
ALRM,"Alarm.Com, Inc.",Financials,Application Software,sp600
ALSN,Allison Transmission,Industrials,Construction Machinery & Heavy Transportation Equipment,sp400
ALV,Autoliv,Consumer Discretionary,Automotive Parts & Equipment,sp400
AM,Antero Midstream,Energy,Oil & Gas Storage & Transportation,sp400
AMAT,Applied Materials,Information Technology,Semiconductor Materials & Equipment,sp500
AMCR,Amcor,Materials,Paper & Plastic Packaging Products & Materials,sp500
AMD,Advanced Micro Devices,Information Technology,Semiconductors,sp500
AME,Ametek,Industrials,Electrical Components & Equipment,sp500
AMG,Affiliated Managers Group,Financials,Asset Management & Custody Banks,sp400
AMGN,Amgen,Health Care,Biotechnology,sp500
AMH,American Homes 4 Rent,Real Estate,Single-Family Residential REITs,sp400
AMKR,Amkor Technology,Information Technology,Semiconductors,sp400
AMN,"Amn Healthcare Services, Inc.",Health Care,Health Care Services,sp600
AMP,Ameriprise Financial,Financials,Asset Management & Custody Banks,sp500
AMPH,"Amphstar Pharmaceuticals, Inc.",Health Care,Pharmaceuticals,sp600
AMR,"Alpha Metallurgical Resources, Inc.",Materials,Steel,sp600
AMRX,Amneal Pharmaceuticals,Health Care,Pharmaceuticals,sp600
AMSF,"Amerisafe, Inc.",Financials,Property & Casualty Insurance,sp600
AMT,American Tower,Real Estate,Telecom Tower REITs,sp500
AMTM,Amentum,Industrials,Diversified Support Services,sp600
AMZN,Amazon,Consumer Discretionary,Broadline Retail,sp500
AN,AutoNation,Consumer Discretionary,Automotive Retail,sp400
ANDE,"The Andersons, Inc.",Consumer Staples,Food Distributors,sp600
ANET,Arista Networks,Information Technology,Communications Equipment,sp500
ANF,Abercrombie & Fitch,Consumer Discretionary,Apparel Retail,sp400
ANIP,"ANI Pharmaceuticals, Inc.",Health Care,Pharmaceuticals,sp600
AON,Aon plc,Financials,Insurance Brokers,sp500
AORT,Artivion,Health Care,Health Care Equipment,sp600
AOS,A. O. Smith,Industrials,Building Products,sp500
AOSL,"Alpha and Omega Semiconductor, Ltd.",Information Technology,Semiconductors,sp600
APA,APA Corporation,Energy,Oil & Gas Exploration & Production,sp500
APAM,"Artisan Partners Asset Management, Inc.",Financials,Asset Management & Custody Banks,sp600
APD,Air Products,Materials,Industrial Gases,sp500
APG,APi Group,Industrials,Construction & Engineering,sp400
APH,Amphenol,Information Technology,Electronic Components,sp500
APLE,"Apple Hospitality REIT, Inc.",Real Estate,Hotel & Resort REITs,sp600
APO,Apollo Global Management,Financials,Asset Management & Custody Banks,sp500
APOG,"Apogee Enterprises, Inc.",Industrials,Building Products,sp600
APP,AppLovin,Communication Services,Advertising,sp500
APPF,AppFolio,Information Technology,Application Software,sp400
APTV,Aptiv,Consumer Discretionary,Automotive Parts & Equipment,sp500
AR,Antero Resources,Energy,Oil & Gas Exploration & Production,sp400
ARCB,ArcBest Corp.,Industrials,Cargo Ground Transportation,sp600
ARE,Alexandria Real Estate Equities,Real Estate,Office REITs,sp500
ARES,Ares Management,Financials,Asset Management & Custody Banks,sp500
ARLO,Arlo Technologies,Information Technology,Communications Equipment,sp600
ARMK,Aramark,Consumer Discretionary,Distributors,sp400
AROC,"Archrock, Inc.",Energy,Oil & Gas Equipment & Services,sp600
ARR,Armour Residential REIT,Real Estate,Mortgage REITs,sp600
ARW,Arrow Electronics,Information Technology,Technology Distributors,sp400
ARWR,Arrowhead Pharmaceuticals,Health Care,Biotechnology,sp400
ASB,Associated Bank,Financials,Regional Banks,sp400
ASH,Ashland Global,Materials,Diversified Chemicals,sp400
ASO,Academy Sports + Outdoors,Consumer Discretionary,Specialty Stores,sp600
ASTE,"Astec Industries, Inc.",Industrials,Construction Machinery & Heavy Transportation Equipment,sp600
ASTH,"Astrana Health, Inc.",Health Care,Health Care Facilities,sp600
ATEN,"A10 Networks, Inc.",Information Technology,Systems Software,sp600
ATI,ATI Inc.,Industrials,Aerospace & Defense,sp400
ATMU,Atmus Filtration Technologies Inc.,Industrials,Industrial Machinery & Supplies & Components,sp600
ATO,Atmos Energy,Utilities,Gas Utilities,sp500
ATR,AptarGroup,Materials,"Metal, Glass & Plastic Containers",sp400
AUB,"Atlantic Union Bankshares, Corp.",Financials,Regional Banks,sp600
AVA,Avista Corporation,Utilities,Multi-Utilities,sp600
AVAV,AeroVironment,Industrials,Aerospace & Defense,sp400
AVGO,Broadcom,Information Technology,Semiconductors,sp500
AVNT,Avient,Materials,Specialty Chemicals,sp400
AVT,Avnet,Information Technology,Technology Distributors,sp400
AVTR,Avantor,Health Care,Life Sciences Tools & Services,sp400
AVY,Avery Dennison,Materials,Paper & Plastic Packaging Products & Materials,sp500
AWI,"Armstrong World Industries, Inc.",Industrials,Building Products,sp600
AWK,American Water Works,Utilities,Water Utilities,sp500
AWR,American States Water Company,Utilities,Water Utilities,sp600
AX,"Axos Financial, Inc.",Financials,Regional Banks,sp600
AXON,Axon Enterprise,Industrials,Aerospace & Defense,sp500
AXP,American Express,Financials,Consumer Finance,sp500
AXTA,Axalta,Materials,Specialty Chemicals,sp400
AYI,Acuity Brands,Industrials,Electrical Components & Equipment,sp400
AZO,AutoZone,Consumer Discretionary,Automotive Retail,sp500
AZTA,"Azenta, Inc.",Health Care,Life Sciences Tools & Services,sp600
AZZ,"AZZ, Inc.",Industrials,Heavy Electrical Equipment,sp600
BA,Boeing,Industrials,Aerospace & Defense,sp500
BAC,Bank of America,Financials,Diversified Banks,sp500
BAH,Booz Allen Hamilton,Industrials,Research & Consulting Services,sp400
BALL,Ball Corporation,Materials,"Metal, Glass & Plastic Containers",sp500
BANC,"Banc Of California, Inc.",Financials,Regional Banks,sp600
BANF,Bancfirst Corp,Financials,Regional Banks,sp600
BANR,Banner Corporation,Financials,Regional Banks,sp600
BAX,Baxter International,Health Care,Health Care Equipment,sp500
BBT,Beacon Financial Corp.,Financials,Regional Banks,sp600
BBWI,"Bath & Body Works, Inc.",Consumer Discretionary,Other Specialty Retail,sp400
BBY,Best Buy,Consumer Discretionary,Computer & Electronics Retail,sp500
BC,Brunswick,Consumer Discretionary,Leisure Products,sp400
BCC,Boise Cascade,Industrials,Building Products,sp600
BCO,Brink's,Industrials,Security & Alarm Services,sp400
BCPC,Balchem Corporation,Materials,Specialty Chemicals,sp600
BDC,Belden Inc.,Information Technology,Electronic Components,sp400
BDX,Becton Dickinson,Health Care,Health Care Equipment,sp500
BEN,Franklin Resources,Financials,Asset Management & Custody Banks,sp500
BF-B,Brown–Forman,Consumer Staples,Distillers & Vintners,sp500
BFAM,Bright Horizons Family Solutions Inc.,Consumer Discretionary,Specialized Consumer Services,sp600
BFH,"Bread Financial Holdings, Inc.",Financials,Consumer Finance,sp600
BFS,"Saul Centers, Inc.",Real Estate,Retail REITs,sp600
BG,Bunge Global,Consumer Staples,Agricultural Products & Services,sp500
BGC,"BGC Group, Inc.",Financials,Investment Banking & Brokerage,sp600
BHE,"Benchmark Electronics, Inc.",Information Technology,Electronic Manufacturing Services,sp600
BHF,Brighthouse Financial,Financials,Life & Health Insurance,sp400
BIIB,Biogen,Health Care,Biotechnology,sp500
BILL,Bill Holdings,Information Technology,Application Software,sp400
BIO,Bio-Rad Laboratories,Health Care,Life Sciences Tools & Services,sp400
BJ,BJ's Wholesale Club,Consumer Staples,Consumer Staples Merchandise Retail,sp400
BJRI,"BJ's Restaurants, Inc.",Consumer Discretionary,Restaurants,sp600
BKE,"The Buckle, Inc.",Consumer Discretionary,Apparel Retail,sp600
BKH,Black Hills Corporation,Utilities,Multi-Utilities,sp400
BKNG,Booking Holdings,Consumer Discretionary,"Hotels, Resorts & Cruise Lines",sp500
BKR,Baker Hughes,Energy,Oil & Gas Equipment & Services,sp500
BKU,"BankUnited, Inc.",Financials,Regional Banks,sp600
BL,"BlackLine Systems, Inc.",Information Technology,Application Software,sp600
BLDR,Builders FirstSource,Industrials,Building Products,sp500
BLFS,"BioLife Solutions, Inc.",Health Care,Health Care Supplies,sp600
BLK,BlackRock,Financials,Asset Management & Custody Banks,sp500
BLKB,Blackbaud,Information Technology,Application Software,sp600
BMI,"Badger Meter, Inc.",Information Technology,Electronic Equipment & Instruments,sp600
BMRN,BioMarin Pharmaceutical,Health Care,Biotechnology,sp400
BMY,Bristol Myers Squibb,Health Care,Pharmaceuticals,sp500
BNL,"Broadstone Net Lease, Inc.",Real Estate,Industrial REITs,sp600
BNY,BNY Mellon,Financials,Asset Management & Custody Banks,sp500
BOH,Bank of Hawaii,Financials,Regional Banks,sp600
BOOT,"Boot Barn Holdings, Inc.",Consumer Discretionary,Apparel Retail,sp600
BOX,"Box, Inc.",Information Technology,Application Software,sp600
BR,Broadridge Financial Solutions,Industrials,Data Processing & Outsourced Services,sp500
BRC,Brady Corporation,Industrials,Commercial Printing,sp600
BRK-B,Berkshire Hathaway,Financials,Multi-Sector Holdings,sp500
BRKR,Bruker,Health Care,Health Care Equipment,sp400
BRO,Brown & Brown,Financials,Insurance Brokers,sp500
BROS,Dutch Bros Inc.,Consumer Discretionary,Restaurants,sp400
BRX,Brixmor Property Group,Real Estate,Retail REITs,sp400
BSX,Boston Scientific,Health Care,Health Care Equipment,sp500
BSY,Bentley Systems,Information Technology,Application Software,sp400
BTSG,BrightSpring Health Services,Health Care,Health Care Services,sp400
BTU,"Peabody Energy, Inc.",Energy,Coal & Consumable Fuels,sp600
BURL,Burlington Stores,Consumer Discretionary,Apparel Retail,sp400
BWA,BorgWarner,Consumer Discretionary,Automotive Parts & Equipment,sp400
BWXT,BWX Technologies,Industrials,Aerospace & Defense,sp400
BX,Blackstone Inc.,Financials,Asset Management & Custody Banks,sp500
BXMT,"Blackstone Mortgage Trust, Inc.",Financials,Mortgage REITs,sp600
BXP,"BXP, Inc.",Real Estate,Office REITs,sp500
BYD,Boyd Gaming,Consumer Discretionary,Casinos & Gaming,sp400
C,Citigroup,Financials,Diversified Banks,sp500
CACC,Credit Acceptance,Financials,Specialized Finance,sp600
CACI,CACI International,Industrials,Diversified Support Services,sp400
CAG,Conagra Brands,Consumer Staples,Packaged Foods & Meats,sp600
CAH,Cardinal Health,Health Care,Health Care Distributors,sp500
CAKE,"The Cheesecake Factory, Inc.",Consumer Discretionary,Restaurants,sp600
CALM,"Cal-Maine Foods, Inc.",Consumer Staples,Packaged Foods & Meats,sp600
CALX,Calix,Information Technology,Application Software,sp600
CALY,Callaway Golf Company,Consumer Discretionary,Leisure Products,sp600
CAR,Avis Budget Group,Industrials,Passenger Ground Transportation,sp400
CARG,CarGurus,Communication Services,Interactive Media & Services,sp600
CARR,Carrier Global,Industrials,Building Products,sp500
CART,Maplebear Inc.,Consumer Staples,Food Retail,sp400
CASH,"Pathward Financial, Inc.",Financials,Regional Banks,sp600
CASY,Casey's,Consumer Staples,Food Retail,sp500
CAT,Caterpillar Inc.,Industrials,Construction Machinery & Heavy Transportation Equipment,sp500
CATY,Cathay General Bancorp,Financials,Regional Banks,sp600
CAVA,Cava Group,Consumer Discretionary,Restaurants,sp400
CB,Chubb Limited,Financials,Property & Casualty Insurance,sp500
CBOE,Cboe Global Markets,Financials,Financial Exchanges & Data,sp500
CBRE,CBRE Group,Real Estate,Real Estate Services,sp500
CBRL,Cracker Barrel,Consumer Discretionary,Restaurants,sp600
CBSH,Commerce Bancshares,Financials,Regional Banks,sp400
CBT,Cabot Corp,Materials,Diversified Chemicals,sp400
CBU,"Community Bank System, Inc.",Financials,Regional Banks,sp600
CC,Chemours,Materials,Diversified Chemicals,sp600
CCI,Crown Castle,Real Estate,Telecom Tower REITs,sp500
CCK,Crown Holdings,Materials,Paper & Plastic Packaging Products & Materials,sp400
CCL,Carnival Corporation,Consumer Discretionary,"Hotels, Resorts & Cruise Lines",sp500
CCOI,"Cogent Communications Holdings, Inc.",Communication Services,Alternative Carriers,sp600
CCS,"Century Communities, Inc.",Consumer Discretionary,Homebuilding,sp600
CDE,Coeur Mining,Materials,Gold,sp400
CDNS,Cadence Design Systems,Information Technology,Application Software,sp500
CDP,COPT Defense Properties,Real Estate,Office REITs,sp400
CDW,CDW Corporation,Information Technology,Technology Distributors,sp500
CE,Celanese,Materials,Specialty Chemicals,sp600
CEG,Constellation Energy,Utilities,Electric Utilities,sp500
CELH,Celsius Holdings,Consumer Staples,Soft Drinks & Non-alcoholic Beverages,sp400
CENT,Central Garden & Pet Company,Consumer Staples,Household Products,sp600
CENTA,Central Garden & Pet Company (Class A),Consumer Staples,Household Products,sp600
CENX,Century Aluminum Company,Materials,Aluminum,sp600
CERT,"Certara, Inc.",Health Care,Health Care Technology,sp600
CF,CF Industries,Materials,Fertilizers & Agricultural Chemicals,sp500
CFFN,Capitol Federal Savings Bank,Financials,Regional Banks,sp600
CFG,Citizens Financial Group,Financials,Regional Banks,sp500
CFR,Frost Bank,Financials,Regional Banks,sp400
CG,Carlyle Group (The),Financials,Asset Management & Custody Banks,sp400
CGNX,Cognex,Information Technology,Electronic Equipment & Instruments,sp400
CHCO,City Holding Company,Financials,Regional Banks,sp600
CHD,Church & Dwight,Consumer Staples,Household Products,sp500
CHDN,Churchill Downs Inc.,Consumer Discretionary,Casinos & Gaming,sp400
CHE,Chemed Corp.,Health Care,Health Care Services,sp400
CHEF,"Chefs' Warehouse, Inc.",Consumer Staples,Food Distributors,sp600
CHH,Choice Hotels,Consumer Discretionary,"Hotels, Resorts & Cruise Lines",sp400
CHRD,Chord Energy,Energy,Oil & Gas Exploration & Production,sp400
CHRW,C.H. Robinson,Industrials,Air Freight & Logistics,sp500
CHTR,Charter Communications,Communication Services,Cable & Satellite,sp500
CHWY,Chewy,Consumer Discretionary,Other Specialty Retail,sp400
CI,Cigna,Health Care,Health Care Services,sp500
CIEN,Ciena,Information Technology,Communications Equipment,sp500
CINF,Cincinnati Financial,Financials,Property & Casualty Insurance,sp500
CL,Colgate-Palmolive,Consumer Staples,Household Products,sp500
CLF,Cleveland-Cliffs,Materials,Steel,sp400
CLH,Clean Harbors,Industrials,Environmental & Facilities Services,sp400
CLSK,"CleanSpark, Inc.",Information Technology,Internet Services & Infrastructure,sp600
CLX,Clorox,Consumer Staples,Household Products,sp500
CMC,Commercial Metals,Materials,Steel,sp400
CMCSA,Comcast,Communication Services,Cable & Satellite,sp500
CME,CME Group,Financials,Financial Exchanges & Data,sp500
CMG,Chipotle Mexican Grill,Consumer Discretionary,Restaurants,sp500
CMI,Cummins,Industrials,Construction Machinery & Heavy Transportation Equipment,sp500
CMS,CMS Energy,Utilities,Multi-Utilities,sp500
CNC,Centene Corporation,Health Care,Managed Health Care,sp500
CNH,CNH Industrial,Industrials,Agricultural & Farm Machinery,sp400
CNK,"Cinemark Holdings, Inc.",Communication Services,Movies & Entertainment,sp600
CNM,Core & Main,Industrials,Trading Companies & Distributors,sp400
CNMD,CONMED Corporation,Health Care,Health Care Equipment,sp600
CNO,CNO Financial Group,Financials,Life & Health Insurance,sp400
CNP,CenterPoint Energy,Utilities,Multi-Utilities,sp500
CNR,"Core Natural Resources, Inc.",Energy,Coal & Consumable Fuels,sp600
CNS,"Cohen & Steers, Inc.",Financials,Asset Management & Custody Banks,sp600
CNX,CNX Resources,Energy,Oil & Gas Exploration & Production,sp400
CNXC,Concentrix,Industrials,Data Processing & Outsourced Services,sp600
CNXN,"PC Connection, Inc.",Information Technology,Technology Distributors,sp600
COCO,The Vita Coco Company,Consumer Staples,Soft Drinks & Non-alcoholic Beverages,sp600
COF,Capital One,Financials,Consumer Finance,sp500
COHR,Coherent Corp.,Information Technology,Electronic Components,sp500
COHU,"Cohu, Inc.",Information Technology,Semiconductor Materials & Equipment,sp600
COIN,Coinbase,Financials,Financial Exchanges & Data,sp500
COKE,Coca-Cola Consolidated,Consumer Staples,Soft Drinks & Non-alcoholic Beverages,sp400
COLB,Columbia Banking System,Financials,Regional Banks,sp400
COLL,"Collegium Pharmaceutical, Inc.",Health Care,Pharmaceuticals,sp600
COLM,Columbia Sportswear,Consumer Discretionary,"Apparel, Accessories & Luxury Goods",sp400
CON,"Concentra Group Holdings Parent, Inc.",Health Care,Health Care Services,sp600
COO,Cooper Companies (The),Health Care,Health Care Supplies,sp500
COP,ConocoPhillips,Energy,Oil & Gas Exploration & Production,sp500
COR,Cencora,Health Care,Health Care Distributors,sp500
CORT,Corcept Therapeutics Incorporated,Health Care,Pharmaceuticals,sp600
COST,Costco,Consumer Staples,Consumer Staples Merchandise Retail,sp500
COTY,Coty,Consumer Staples,Personal Care Products,sp600
CPAY,Corpay,Financials,Transaction & Payment Processing Services,sp500
CPB,The Campbell's Company,Consumer Staples,Packaged Foods & Meats,sp600
CPF,Central Pacific Financial Corp.,Financials,Regional Banks,sp600
CPK,Chesapeake Utilities Corp.,Utilities,Gas Utilities,sp600
CPRI,Capri Holdings,Consumer Discretionary,"Apparel, Accessories & Luxury Goods",sp400
CPRT,Copart,Industrials,Diversified Support Services,sp500
CPT,Camden Property Trust,Real Estate,Multi-Family Residential REITs,sp500
CR,Crane,Industrials,Industrial Machinery & Supplies & Components,sp400
CRBG,Corebridge Financial,Financials,Asset Management & Custody Banks,sp400
CRC,California Resources Corporation,Energy,Oil & Gas Exploration & Production,sp600
CRGY,Crescent Energy Company,Energy,Oil & Gas Exploration & Production,sp600
CRH,CRH plc,Materials,Construction Materials,sp500
CRI,"Carter's, Inc.",Consumer Discretionary,"Apparel, Accessories & Luxury Goods",sp600
CRK,"Comstock Resources, Inc.",Energy,Oil & Gas Exploration & Production,sp600
CRL,Charles River Laboratories,Health Care,Life Sciences Tools & Services,sp500
CRM,Salesforce,Information Technology,Application Software,sp500
CROX,Crocs,Consumer Discretionary,Footwear,sp400
CRS,Carpenter Technology,Industrials,Industrial Machinery & Supplies & Components,sp400
CRSR,Corsair Gaming,Information Technology,"Technology Hardware, Storage & Peripherals",sp600
CRUS,Cirrus Logic,Information Technology,Semiconductors,sp400
CRVL,CorVel Corporation,Health Care,Health Care Services,sp600
CRWD,CrowdStrike,Information Technology,Systems Software,sp500
CSCO,Cisco,Information Technology,Communications Equipment,sp500
CSGP,CoStar Group,Real Estate,Real Estate Services,sp500
CSL,Carlisle Companies,Industrials,Industrial Conglomerates,sp400
CSR,Centerspace Trust,Real Estate,Multi-Family Residential REITs,sp600
CSW,"CSW Industrials, Inc.",Industrials,Industrial Conglomerates,sp600
CSX,CSX Corporation,Industrials,Rail Transportation,sp500
CTAS,Cintas,Industrials,Diversified Support Services,sp500
CTRE,CareTrust REIT,Real Estate,Health Care REITs,sp400
CTS,CTS Corporation,Information Technology,Electronic Manufacturing Services,sp600
CTSH,Cognizant,Information Technology,IT Consulting & Other Services,sp500
CTVA,Corteva,Materials,Fertilizers & Agricultural Chemicals,sp500
CUBE,CubeSmart,Real Estate,Industrial REITs,sp400
CUBI,"Customers Bancorp, Inc.",Financials,Regional Banks,sp600
CURB,Curbline Properties Corp.,Real Estate,Retail REITs,sp600
CUZ,Cousins Properties,Real Estate,Office REITs,sp400
CVBF,CVB Financial Corp.,Financials,Regional Banks,sp600
CVCO,"Cavco Industries, Inc.",Consumer Discretionary,Homebuilding,sp600
CVI,"CVR Energy, Inc.",Energy,Oil & Gas Refining & Marketing,sp600
CVLT,CommVault Systems,Information Technology,Systems Software,sp400
CVNA,Carvana,Consumer Discretionary,Automotive Retail,sp500
CVS,CVS Health,Health Care,Health Care Services,sp500
CVSA,Covista Inc.,Consumer Discretionary,Education Services,sp600
CVX,Chevron Corporation,Energy,Integrated Oil & Gas,sp500
CW,Curtiss-Wright,Industrials,Aerospace & Defense,sp400
CWEN,"Clearway Energy, Inc. (Class C)",Utilities,Renewable Electricity,sp600
CWEN-A,"Clearway Energy, Inc. (Class A)",Utilities,Renewable Electricity,sp600
CWK,Cushman & Wakefield plc,Real Estate,Real Estate Services,sp600
CWST,"Casella Waste Systems, Inc.",Industrials,Environmental & Facilities Services,sp600
CWT,California Water Service Group,Utilities,Water Utilities,sp600
CXM,"Sprinklr, Inc.",Information Technology,Application Software,sp600
CXT,Crane NXT,Information Technology,Electronic Equipment & Instruments,sp400
CXW,CoreCivic,Industrials,Diversified Support Services,sp600
CYTK,Cytokinetics,Health Care,Biotechnology,sp400
CZR,Caesars Entertainment,Consumer Discretionary,Casinos & Gaming,sp600
D,Dominion Energy,Utilities,Multi-Utilities,sp500
DAL,Delta Air Lines,Industrials,Passenger Airlines,sp500
DAN,Dana Incorporated,Consumer Discretionary,Automotive Parts & Equipment,sp600
DAR,Darling Ingredients,Consumer Staples,Agricultural Products & Services,sp400
DASH,DoorDash,Consumer Discretionary,Specialized Consumer Services,sp500
DAVE,"Dave, Inc.",Financials,Consumer Finance,sp600
DBD,Diebold Nixdorf,Information Technology,Electronic Equipment & Instruments,sp600
DBX,Dropbox,Information Technology,Application Software,sp400
DCH,Dauch Corporation,Consumer Discretionary,Automotive Parts & Equipment,sp600
DCI,Donaldson Company,Industrials,Industrial Machinery & Supplies & Components,sp400
DCOM,"Dime Community Bancshares, Inc.",Financials,Regional Banks,sp600
DD,DuPont,Industrials,Industrial Conglomerates,sp500
DDOG,Datadog,Information Technology,Application Software,sp500
DE,Deere & Company,Industrials,Agricultural & Farm Machinery,sp500
DEA,"Easterly Government Properties, Inc.",Real Estate,Office REITs,sp600
DECK,Deckers Brands,Consumer Discretionary,Footwear,sp500
DEI,Douglas Emmett,Real Estate,Office REITs,sp600
DELL,Dell Technologies,Information Technology,"Technology Hardware, Storage & Peripherals",sp500
DFH,"Dream Finders Homes, Inc.",Consumer Discretionary,Homebuilding,sp600
DFIN,"Donnelley Financial Solutions, Inc.",Financials,Financial Exchanges & Data,sp600
DG,Dollar General,Consumer Staples,Consumer Staples Merchandise Retail,sp500
DGII,Digi International Inc.,Information Technology,Communications Equipment,sp600
DGX,Quest Diagnostics,Health Care,Health Care Services,sp500
DHI,D. R. Horton,Consumer Discretionary,Homebuilding,sp500
DHR,Danaher Corporation,Health Care,Life Sciences Tools & Services,sp500
DINO,HF Sinclair,Energy,Oil & Gas Refining & Marketing,sp400
DIOD,Diodes Incorporated,Information Technology,Semiconductors,sp600
DIS,Walt Disney Company (The),Communication Services,Movies & Entertainment,sp500
DKS,Dick's Sporting Goods,Consumer Discretionary,Specialty Stores,sp400
DLB,Dolby,Information Technology,Application Software,sp400
DLR,Digital Realty,Real Estate,Data Center REITs,sp500
DLTR,Dollar Tree,Consumer Staples,Consumer Staples Merchandise Retail,sp500
DLX,Deluxe Corporation,Industrials,Commercial Printing,sp600
DMC,Del Monte Corporation,Consumer Staples,Packaged Foods & Meats,sp600
DNOW,NOW Inc,Industrials,Trading Companies & Distributors,sp600
DOC,Healthpeak Properties,Real Estate,Health Care REITs,sp500
DOCN,DigitalOcean,Information Technology,Internet Services & Infrastructure,sp400
DOCS,Doximity,Health Care,Health Care Technology,sp400
DOCU,Docusign,Information Technology,Application Software,sp400
DORM,"Dorman Products, Inc.",Consumer Discretionary,Automotive Parts & Equipment,sp600
DOV,Dover Corporation,Industrials,Industrial Machinery & Supplies & Components,sp500
DOW,Dow Inc.,Materials,Commodity Chemicals,sp500
DPZ,Domino's,Consumer Discretionary,Restaurants,sp500
DRH,DiamondRock Hospitality Company,Real Estate,Hotel & Resort REITs,sp600
DRI,Darden Restaurants,Consumer Discretionary,Restaurants,sp500
DT,Dynatrace,Information Technology,Application Software,sp400
DTE,DTE Energy,Utilities,Multi-Utilities,sp500
DTM,DT Midstream,Energy,Oil & Gas Storage & Transportation,sp400
DUK,Duke Energy,Utilities,Electric Utilities,sp500
DUOL,Duolingo,Consumer Discretionary,Education Services,sp400
DV,DoubleVerify Holdings Inc.,Communication Services,Advertising,sp600
DVA,DaVita,Health Care,Health Care Services,sp500
DVN,Devon Energy,Energy,Oil & Gas Exploration & Production,sp500
DXC,DXC Technology,Information Technology,IT Consulting & Other Services,sp600
DXCM,Dexcom,Health Care,Health Care Equipment,sp500
DXPE,"DXP Enterprises, Inc.",Industrials,Trading Companies & Distributors,sp600
DY,Dycom Industries,Industrials,Construction & Engineering,sp400
EAT,"Brinker International, Inc.",Consumer Discretionary,Restaurants,sp600
EBAY,eBay Inc.,Consumer Discretionary,Broadline Retail,sp500
EBC,"Eastern Bankshares, Inc.",Financials,Regional Banks,sp600
ECG,"Everus Construction Group, Inc.",Industrials,Construction & Engineering,sp600
ECHO,EchoStar,Communication Services,Wireless Telecommunication Services,sp500
ECL,Ecolab,Materials,Specialty Chemicals,sp500
ECPG,"Encore Capital Group, Inc.",Financials,Consumer Finance,sp600
ED,Consolidated Edison,Utilities,Multi-Utilities,sp500
EEFT,Euronet Worldwide,Financials,Transaction & Payment Processing Services,sp400
EFC,"Ellington Financial, Inc.",Financials,Specialized Finance,sp600
EFOR,Everforth Inc.,Information Technology,IT Consulting & Other Services,sp600
EFX,Equifax,Industrials,Research & Consulting Services,sp500
EG,Everest Group,Financials,Reinsurance,sp500
EGBN,Eagle Bancorp Inc,Financials,Regional Banks,sp600
EGP,EastGroup Properties,Real Estate,Industrial REITs,sp400
EHC,Encompass Health,Health Care,Health Care Facilities,sp400
EIG,"Employers Holdings, Inc.",Financials,Property & Casualty Insurance,sp600
EIX,Edison International,Utilities,Electric Utilities,sp500
EL,Estée Lauder Companies (The),Consumer Staples,Personal Care Products,sp500
ELAN,Elanco,Health Care,Pharmaceuticals,sp400
ELF,e.l.f. Beauty,Consumer Staples,Personal Care Products,sp400
ELS,Equity Lifestyle Properties,Real Estate,Single-Family Residential REITs,sp400
ELV,Elevance Health,Health Care,Managed Health Care,sp500
EME,Emcor,Industrials,Construction & Engineering,sp500
EMN,Eastman Chemical Company,Materials,Specialty Chemicals,sp600
EMR,Emerson Electric,Industrials,Electrical Components & Equipment,sp500
ENOV,Enovis,Health Care,Health Care Equipment,sp600
ENPH,Enphase Energy,Information Technology,Semiconductor Materials & Equipment,sp600
ENR,Energizer,Consumer Staples,Household Products,sp600
ENS,EnerSys,Industrials,Electrical Components & Equipment,sp400
ENSG,Ensign Group,Health Care,Health Care Facilities,sp400
ENTG,Entegris,Information Technology,Semiconductor Materials & Equipment,sp400
ENVA,"Enova International, Inc.",Financials,Consumer Finance,sp600
EOG,EOG Resources,Energy,Oil & Gas Exploration & Production,sp500
EPAC,Enerpac Tool Group,Industrials,Industrial Machinery & Supplies & Components,sp600
EPAM,EPAM Systems,Information Technology,IT Consulting & Other Services,sp600
EPC,Edgewell Personal Care,Consumer Staples,Household Products,sp600
EPR,EPR Properties,Real Estate,Other Specialized REITs,sp400
EPRT,"Essential Properties Realty Trust, Inc.",Real Estate,Diversified REITs,sp600
EQH,Equitable Holdings,Financials,Diversified Financial Services,sp400
EQIX,Equinix,Real Estate,Data Center REITs,sp500
EQR,Equity Residential,Real Estate,Multi-Family Residential REITs,sp500
EQT,EQT Corporation,Energy,Oil & Gas Exploration & Production,sp500
ERIE,Erie Indemnity,Financials,Insurance Brokers,sp500
ES,Eversource Energy,Utilities,Electric Utilities,sp500
ESAB,ESAB,Industrials,Industrial Machinery & Supplies & Components,sp400
ESE,ESCO Technologies Inc.,Industrials,Industrial Machinery & Supplies & Components,sp600
ESI,Element Solutions,Materials,Specialty Chemicals,sp600
ESNT,Essent Group Ltd.,Financials,Commercial & Residential Mortgage Finance,sp400
ESS,Essex Property Trust,Real Estate,Multi-Family Residential REITs,sp500
ETN,Eaton Corporation,Industrials,Electrical Components & Equipment,sp500
ETR,Entergy,Utilities,Electric Utilities,sp500
ETSY,Etsy,Consumer Discretionary,Broadline Retail,sp600
EVR,Evercore,Financials,Investment Banking & Brokerage,sp400
EVRG,Evergy,Utilities,Electric Utilities,sp500
EVTC,"EVERTEC, Inc.",Financials,Transaction & Payment Processing Services,sp600
EW,Edwards Lifesciences,Health Care,Health Care Equipment,sp500
EWBC,East West Bancorp,Financials,Regional Banks,sp400
EXC,Exelon,Utilities,Electric Utilities,sp500
EXE,Expand Energy,Energy,Oil & Gas Exploration & Production,sp500
EXEL,Exelixis,Health Care,Biotechnology,sp400
EXLS,EXL Service,Industrials,Data Processing & Outsourced Services,sp400
EXP,Eagle Materials,Materials,Construction Materials,sp400
EXPD,Expeditors International,Industrials,Air Freight & Logistics,sp500
EXPE,Expedia Group,Consumer Discretionary,"Hotels, Resorts & Cruise Lines",sp500
EXPO,"Exponent, Inc.",Industrials,Research & Consulting Services,sp400
EXR,Extra Space Storage,Real Estate,Self-Storage REITs,sp500
EXTR,"Extreme Networks, Inc.",Information Technology,Communications Equipment,sp600
EYE,National Vision Holdings,Consumer Discretionary,Specialty Stores,sp600
EZPW,"EZCORP, Inc.",Financials,Consumer Finance,sp600
F,Ford Motor Company,Consumer Discretionary,Automobile Manufacturers,sp500
FA,First Advantage Corporation,Industrials,Human Resource & Employment Services,sp600
FAF,First American Financial Corporation,Financials,Property & Casualty Insurance,sp400
FANG,Diamondback Energy,Energy,Oil & Gas Exploration & Production,sp500
FAST,Fastenal,Industrials,Trading Companies & Distributors,sp500
FBIN,Fortune Brands Innovations,Industrials,Building Products,sp400
FBK,FB Financial Corp.,Financials,Regional Banks,sp600
FBNC,First Bancorp (Southern Pines NC),Financials,Regional Banks,sp600
FBP,First BanCorp (Puerto Rico),Financials,Regional Banks,sp600
FBRT,"Franklin BSP Realty Trust, Inc.",Real Estate,Mortgage REITs,sp600
FCF,"First Commonwealth Financial, Corp.",Financials,Regional Banks,sp600
FCFS,FirstCash,Financials,Consumer Finance,sp400
FCN,FTI Consulting,Industrials,Research & Consulting Services,sp400
FCPT,"Four Corners Property Trust, Inc.",Real Estate,Other Specialized REITs,sp600
FCX,Freeport-McMoRan,Materials,Copper,sp500
FDS,FactSet,Financials,Financial Exchanges & Data,sp500
FDX,FedEx,Industrials,Air Freight & Logistics,sp500
FDXF,FedEx Freight,Industrials,Cargo Ground Transportation,sp500
FE,FirstEnergy,Utilities,Electric Utilities,sp500
FELE,Franklin Electric,Industrials,Industrial Machinery & Supplies & Components,sp600
FERG,Ferguson Enterprises,Industrials,Building Products,sp500
FFBC,First Financial Bancorp,Financials,Regional Banks,sp600
FFIN,First Financial Bankshares,Financials,Regional Banks,sp400
FFIV,"F5, Inc.",Information Technology,Communications Equipment,sp500
FG,"F&G Annuities & Life, Inc.",Financials,Life & Health Insurance,sp600
FHB,"First Hawaiian, Inc.",Financials,Regional Banks,sp600
FHI,Federated Hermes,Financials,Asset Management & Custody Banks,sp400
FHN,First Horizon,Financials,Regional Banks,sp400
FIBK,"First Interstate BancSystem, Inc.",Financials,Regional Banks,sp600
FICO,Fair Isaac,Information Technology,Application Software,sp500
FIS,Fidelity National Information Services,Financials,Transaction & Payment Processing Services,sp500
FISV,Fiserv,Financials,Transaction & Payment Processing Services,sp500
FITB,Fifth Third Bancorp,Financials,Regional Banks,sp500
FIVE,Five Below,Consumer Discretionary,Specialty Stores,sp400
FIVN,"Five9, Inc.",Information Technology,Application Software,sp600
FIX,Comfort Systems USA,Industrials,Construction & Engineering,sp500
FIZZ,National Beverage Corp.,Consumer Staples,Soft Drinks & Non-alcoholic Beverages,sp600
FLEX,Flex Ltd.,Information Technology,Electronic Manufacturing Services,sp500
FLG,Flagstar Bank,Financials,Regional Banks,sp400
FLO,Flowers Foods,Consumer Staples,Packaged Foods & Meats,sp600
FLR,Fluor,Industrials,Construction & Engineering,sp400
FLS,Flowserve,Industrials,Industrial Machinery & Supplies & Components,sp400
FMC,FMC Corporation,Materials,Fertilizers & Agricultural Chemicals,sp600
FN,Fabrinet,Information Technology,Electronic Manufacturing Services,sp400
FNB,FNB Corporation,Financials,Regional Banks,sp400
FND,Floor & Decor,Consumer Discretionary,Home Improvement Retail,sp400
FNF,Fidelity National Financial,Financials,Property & Casualty Insurance,sp400
FORM,"FormFactor, Inc.",Information Technology,Semiconductor Materials & Equipment,sp600
FOUR,Shift4,Financials,Transaction & Payment Processing Services,sp400
FOX,Fox Corporation (Class B),Communication Services,Broadcasting,sp500
FOXA,Fox Corporation (Class A),Communication Services,Broadcasting,sp500
FOXF,Fox Factory,Consumer Discretionary,Automotive Parts & Equipment,sp600
FR,First Industrial Realty Trust,Real Estate,Industrial REITs,sp400
FRPT,Freshpet,Consumer Staples,Packaged Foods & Meats,sp600
FRT,Federal Realty Investment Trust,Real Estate,Retail REITs,sp500
FSLR,First Solar,Information Technology,Semiconductors,sp500
FSS,Federal Signal Corporation,Industrials,Construction Machinery & Heavy Transportation Equipment,sp600
FTDR,"Frontdoor, Inc.",Consumer Discretionary,Specialized Consumer Services,sp600
FTI,TechnipFMC,Energy,Oil & Gas Equipment & Services,sp400
FTNT,Fortinet,Information Technology,Systems Software,sp500
FTRE,Fortrea,Health Care,Biotechnology,sp600
FTV,Fortive,Industrials,Industrial Machinery & Supplies & Components,sp500
FUL,H.B. Fuller Company,Materials,Specialty Chemicals,sp600
FULT,Fulton Financial Corporation,Financials,Regional Banks,sp600
FUN,Six Flags,Consumer Discretionary,Leisure Facilities,sp600
G,Genpact,Industrials,Data Processing & Outsourced Services,sp400
GAP,Gap Inc.,Consumer Discretionary,Apparel Retail,sp400
GATX,GATX,Industrials,Construction Machinery & Heavy Transportation Equipment,sp400
GBCI,Glacier Bancorp,Financials,Regional Banks,sp400
GBX,"The Greenbrier Companies, Inc.",Industrials,Construction Machinery & Heavy Transportation Equipment,sp600
GD,General Dynamics,Industrials,Aerospace & Defense,sp500
GDDY,GoDaddy,Information Technology,Internet Services & Infrastructure,sp500
GE,GE Aerospace,Industrials,Aerospace & Defense,sp500
GEF,"Greif, Inc.",Materials,"Metal, Glass & Plastic Containers",sp400
GEHC,GE HealthCare,Health Care,Health Care Equipment,sp500
GEN,Gen Digital,Information Technology,Systems Software,sp500
GEO,"GEO Group, Inc.",Industrials,Environmental & Facilities Services,sp600
GEV,GE Vernova,Industrials,Heavy Electrical Equipment,sp500
GFF,Griffon Corporation,Industrials,Building Products,sp600
GGG,Graco Inc.,Industrials,Industrial Machinery & Supplies & Components,sp400
GHC,Graham Holdings,Consumer Discretionary,Education Services,sp400
GIII,"G-III Apparel Group, Ltd.",Consumer Discretionary,"Apparel, Accessories & Luxury Goods",sp600
GILD,Gilead Sciences,Health Care,Biotechnology,sp500
GIS,General Mills,Consumer Staples,Packaged Foods & Meats,sp500
GKOS,Glaukos Corp.,Health Care,Health Care Equipment,sp600
GL,Globe Life,Financials,Life & Health Insurance,sp500
GLPI,Gaming and Leisure Properties,Real Estate,Other Specialized REITs,sp400
GLW,Corning Inc.,Information Technology,Electronic Components,sp500
GM,General Motors,Consumer Discretionary,Automobile Manufacturers,sp500
GME,GameStop,Consumer Discretionary,Computer & Electronics Retail,sp400
GMED,Globus Medical,Health Care,Health Care Equipment,sp400
GNL,"Global Net Lease, Inc.",Real Estate,Diversified REITs,sp600
GNRC,Generac,Industrials,Heavy Electrical Equipment,sp500
GNTX,Gentex,Consumer Discretionary,Automotive Parts & Equipment,sp400
GNW,"Genworth Financial, Inc.",Financials,Multi-line Insurance,sp600
GO,Grocery Outlet,Consumer Staples,Food Retail,sp600
GOLF,Acushnet Company,Consumer Discretionary,Leisure Products,sp600
GOOG,Alphabet Inc. (Class C),Communication Services,Interactive Media & Services,sp500
GOOGL,Alphabet Inc. (Class A),Communication Services,Interactive Media & Services,sp500
GPC,Genuine Parts Company,Consumer Discretionary,Distributors,sp500
GPI,"Group 1 Automotive, Inc.",Consumer Discretionary,Automotive Retail,sp600
GPK,Graphic Packaging,Materials,Paper & Plastic Packaging Products & Materials,sp400
GPN,Global Payments,Financials,Transaction & Payment Processing Services,sp500
GPOR,Gulfport Energy Corporation,Energy,Oil & Gas Exploration & Production,sp600
GRBK,"Green Brick Partners, Inc.",Consumer Discretionary,Homebuilding,sp600
GRMN,Garmin,Consumer Discretionary,Consumer Electronics,sp500
GS,Goldman Sachs,Financials,Investment Banking & Brokerage,sp500
GSHD,"Goosehead Insurance, Inc.",Financials,Insurance Brokers,sp600
GT,Goodyear Tire and Rubber Company,Consumer Discretionary,Tires & Rubber,sp600
GTES,Gates Corporation,Industrials,Industrial Machinery & Supplies & Components,sp600
GTM,ZoomInfo,Communication Services,Interactive Media & Services,sp600
GTY,Getty Realty Corp.,Real Estate,Retail REITs,sp600
GVA,"Granite Construction, Inc.",Industrials,Construction & Engineering,sp600
GWRE,Guidewire Software,Information Technology,Application Software,sp400
GWW,W. W. Grainger,Industrials,Industrial Machinery & Supplies & Components,sp500
GXO,GXO Logistics,Industrials,Air Freight & Logistics,sp400
H,Hyatt,Consumer Discretionary,"Hotels, Resorts & Cruise Lines",sp400
HAE,Haemonetics,Health Care,Health Care Supplies,sp400
HAFC,Hanmi Financial Corporation,Financials,Regional Banks,sp600
HAL,Halliburton,Energy,Oil & Gas Equipment & Services,sp500
HALO,Halozyme,Health Care,Biotechnology,sp400
HAS,Hasbro,Consumer Discretionary,Leisure Products,sp500
HASI,"Hannon Armstrong Sustainable Infrastructure Capital, Inc.",Financials,Specialized Finance,sp600
HAYW,"Hayward Holdings, Inc.",Industrials,Electrical Components & Equipment,sp600
HBAN,Huntington Bancshares,Financials,Regional Banks,sp500
HCA,HCA Healthcare,Health Care,Health Care Facilities,sp500
HCC,"Warrior Met Coal, Inc.",Materials,Steel,sp600
HCI,"HCI Group, Inc.",Financials,Property & Casualty Insurance,sp600
HCSG,"Healthcare Services Group, Inc.",Industrials,Environmental & Facilities Services,sp600
HD,Home Depot (The),Consumer Discretionary,Home Improvement Retail,sp500
HE,"Hawaiian Electric Industries, Inc.",Utilities,Electric Utilities,sp600
HFWA,Heritage Financial Corporation,Financials,Regional Banks,sp600
HGV,Hilton Grand Vacations,Consumer Discretionary,"Hotels, Resorts & Cruise Lines",sp400
HIG,Hartford (The),Financials,Property & Casualty Insurance,sp500
HII,Huntington Ingalls Industries,Industrials,Aerospace & Defense,sp500
HIMS,Hims & Hers Health,Health Care,Health Care Services,sp400
HIW,Highwoods Properties,Real Estate,Office REITs,sp600
HL,Hecla Mining,Materials,Silver,sp400
HLI,Houlihan Lokey,Financials,Investment Banking & Brokerage,sp400
HLIT,Harmonic Inc.,Information Technology,Communications Equipment,sp600
HLNE,Hamilton Lane,Financials,Asset Management & Custody Banks,sp400
HLT,Hilton Worldwide,Consumer Discretionary,"Hotels, Resorts & Cruise Lines",sp500
HLX,"Helix Energy Solutions Group, Inc.",Energy,Oil & Gas Equipment & Services,sp600
HMN,Horace Mann Educators Corporation,Financials,Multi-line Insurance,sp600
HNI,HNI Corporation,Industrials,Office Services & Supplies,sp600
HOG,Harley-Davidson,Consumer Discretionary,Motorcycle Manufacturers,sp400
HOMB,Home BancShares,Financials,Regional Banks,sp400
HON,Honeywell Technologies,Industrials,Industrial Conglomerates,sp500
HONA,Honeywell Aerospace,Industrials,Aerospace & Defense,sp500
HOOD,Robinhood Markets,Financials,Investment Banking & Brokerage,sp500
HOPE,"Hope Bancorp, Inc.",Financials,Regional Banks,sp600
HP,"Helmerich & Payne, Inc.",Energy,Oil & Gas Drilling,sp600
HPE,Hewlett Packard Enterprise,Information Technology,"Technology Hardware, Storage & Peripherals",sp500
HPQ,HP Inc.,Information Technology,"Technology Hardware, Storage & Peripherals",sp500
HQY,HealthEquity,Health Care,Managed Health Care,sp400
HR,Healthcare Realty Trust,Real Estate,Health Care REITs,sp400
HRB,H&R Block,Consumer Discretionary,Specialized Consumer Services,sp400
HRL,Hormel Foods,Consumer Staples,Packaged Foods & Meats,sp500
HRMY,"Harmony Biosciences Holdings, Inc.",Health Care,Biotechnology,sp600
HSIC,Henry Schein,Health Care,Health Care Distributors,sp500
HST,Host Hotels & Resorts,Real Estate,Hotel & Resort REITs,sp500
HSTM,"HealthStream, Inc.",Health Care,Health Care Technology,sp600
HSY,Hershey Company (The),Consumer Staples,Packaged Foods & Meats,sp500
HTH,Hilltop Holdings Inc.,Financials,Regional Banks,sp600
HTLD,"Heartland Express, Inc.",Industrials,Cargo Ground Transportation,sp600
HTO,H2O America,Utilities,Water Utilities,sp600
HUBB,Hubbell Incorporated,Industrials,Industrial Machinery & Supplies & Components,sp500
HUBG,"Hub Group, Inc.",Industrials,Air Freight & Logistics,sp600
HUM,Humana,Health Care,Managed Health Care,sp500
HWC,Hancock Whitney,Financials,Regional Banks,sp400
HWKN,"Hawkins, Inc.",Materials,Commodity Chemicals,sp600
HWM,Howmet Aerospace,Industrials,Aerospace & Defense,sp500
HXL,Hexcel,Industrials,Aerospace & Defense,sp400
HZO,"MarineMax, Inc.",Consumer Discretionary,Specialty Stores,sp600
IART,Integra Lifesciences Holdings,Health Care,Health Care Equipment,sp600
IBKR,Interactive Brokers,Financials,Investment Banking & Brokerage,sp500
IBM,IBM,Information Technology,IT Consulting & Other Services,sp500
IBOC,Intl Bancshares Corp,Financials,Regional Banks,sp400
IBP,"Installed Building Products, Inc.",Consumer Discretionary,Homebuilding,sp600
ICE,Intercontinental Exchange,Financials,Financial Exchanges & Data,sp500
ICHR,"Ichor Holdings, Ltd.",Information Technology,Semiconductor Materials & Equipment,sp600
ICUI,ICU Medical,Health Care,Health Care Supplies,sp600
IDA,Idacorp,Utilities,Electric Utilities,sp400
IDCC,InterDigital,Information Technology,Communications Equipment,sp400
IDXX,Idexx Laboratories,Health Care,Health Care Equipment,sp500
IESC,IES Holdings,Industrials,Construction & Engineering,sp400
IEX,IDEX Corporation,Industrials,Industrial Machinery & Supplies & Components,sp500
IFF,International Flavors & Fragrances,Materials,Specialty Chemicals,sp500
IIPR,"Innovative Industrial Properties, Inc.",Real Estate,Industrial REITs,sp600
ILMN,"Illumina, Inc.",Health Care,Life Sciences Tools & Services,sp400
INCY,Incyte,Health Care,Biotechnology,sp500
INDB,Independent Bank Corp.,Financials,Regional Banks,sp600
INDV,Indivior,Health Care,Pharmaceuticals,sp600
INGR,Ingredion,Consumer Staples,Agricultural Products & Services,sp400
INSP,"Inspire Medical Systems, Inc.",Health Care,Health Care Equipment,sp600
INSW,"International Seaways, Inc.",Energy,Oil & Gas Storage & Transportation,sp600
INTC,Intel,Information Technology,Semiconductors,sp500
INTU,Intuit,Information Technology,Application Software,sp500
INVA,"Innoviva, Inc.",Health Care,Pharmaceuticals,sp600
INVH,Invitation Homes,Real Estate,Single-Family Residential REITs,sp500
INVX,"Innovex International, Inc.",Energy,Oil & Gas Equipment & Services,sp600
IOSP,"Innospec, Inc.",Materials,Specialty Chemicals,sp600
IP,International Paper,Materials,Paper & Plastic Packaging Products & Materials,sp500
IPAR,"Inter Parfums, Inc.",Consumer Staples,Household Products,sp600
IPGP,IPG Photonics,Information Technology,Electronic Manufacturing Services,sp400
IQV,IQVIA,Health Care,Life Sciences Tools & Services,sp500
IR,Ingersoll Rand,Industrials,Industrial Machinery & Supplies & Components,sp500
IRDM,Iridium Communications,Communication Services,Alternative Carriers,sp600
IRM,Iron Mountain,Real Estate,Other Specialized REITs,sp500
IRT,Independence Realty Trust,Real Estate,Multi-Family Residential REITs,sp400
ISRG,Intuitive Surgical,Health Care,Health Care Equipment,sp500
IT,Gartner,Information Technology,IT Consulting & Other Services,sp500
ITGR,Integer Holdings Corporation,Health Care,Health Care Equipment,sp600
ITRI,"Itron, Inc.",Information Technology,Electronic Equipment & Instruments,sp600
ITT,ITT Inc.,Industrials,Industrial Machinery & Supplies & Components,sp400
ITW,Illinois Tool Works,Industrials,Industrial Machinery & Supplies & Components,sp500
IVT,InvenTrust Properties,Real Estate,Retail REITs,sp600
IVZ,Invesco,Financials,Asset Management & Custody Banks,sp500
J,Jacobs Solutions,Industrials,Construction & Engineering,sp500
JAZZ,Jazz Pharmaceuticals,Health Care,Pharmaceuticals,sp400
JBGS,JBG Smith,Real Estate,Office REITs,sp600
JBHT,J.B. Hunt,Industrials,Cargo Ground Transportation,sp500
JBL,Jabil,Information Technology,Electronic Manufacturing Services,sp500
JBLU,JetBlue,Industrials,Passenger Airlines,sp600
JBSS,"John B. Sanfilippo & Son, Inc.",Consumer Staples,Packaged Foods & Meats,sp600
JBTM,JBT Marel Corporation,Industrials,Industrial Machinery & Supplies & Components,sp600
JCI,Johnson Controls,Industrials,Building Products,sp500
JEF,Jefferies,Financials,Multi-Sector Holdings,sp400
JJSF,J&J Snack Foods Corp.,Consumer Staples,Packaged Foods & Meats,sp600
JKHY,Jack Henry & Associates,Financials,Transaction & Payment Processing Services,sp500
JLL,Jones Lang LaSalle,Real Estate,Real Estate Services,sp400
JNJ,Johnson & Johnson,Health Care,Pharmaceuticals,sp500
JOE,St. Joe Company,Real Estate,Real Estate Development,sp600
JPM,JPMorgan Chase,Financials,Diversified Banks,sp500
JXN,"Jackson Financial, Inc.",Financials,Life & Health Insurance,sp600
KAI,Kadant Inc.,Industrials,Industrial Machinery & Supplies & Components,sp600
KALU,Kaiser Aluminum Corporation,Materials,Aluminum,sp600
KBH,KB Home,Consumer Discretionary,Homebuilding,sp400
KBR,"KBR, Inc.",Industrials,Diversified Support Services,sp400
KD,Kyndryl,Information Technology,IT Consulting & Other Services,sp400
KDP,Keurig Dr Pepper,Consumer Staples,Soft Drinks & Non-alcoholic Beverages,sp500
KEX,Kirby Corporation,Industrials,Marine Transportation,sp400
KEY,KeyCorp,Financials,Regional Banks,sp500
KEYS,Keysight Technologies,Information Technology,Electronic Equipment & Instruments,sp500
KFY,Korn/Ferry International,Industrials,Human Resource & Employment Services,sp600
KGS,"Kodiak Gas Services, Inc.",Energy,Oil & Gas Equipment & Services,sp600
KHC,Kraft Heinz,Consumer Staples,Packaged Foods & Meats,sp500
KIM,Kimco Realty,Real Estate,Retail REITs,sp500
KKR,KKR & Co.,Financials,Asset Management & Custody Banks,sp500
KLAC,KLA Corporation,Information Technology,Semiconductor Materials & Equipment,sp500
KLIC,"Kulicke and Soffa Industries, Inc.",Information Technology,Semiconductor Materials & Equipment,sp600
KMB,Kimberly-Clark,Consumer Staples,Household Products,sp500
KMI,Kinder Morgan,Energy,Oil & Gas Storage & Transportation,sp500
KMPR,Kemper Corporation,Financials,Multi-line Insurance,sp600
KMT,Kennametal,Industrials,Industrial Machinery & Supplies & Components,sp600
KMX,"CarMax, Inc.",Consumer Discretionary,Automotive Retail,sp600
KN,Knowles Corporation,Information Technology,Electronic Components,sp600
KNF,Knife River Corporation,Materials,Construction Materials,sp400
KNSL,Kinsale Capital Group,Financials,Property & Casualty Insurance,sp400
KNTK,"Kinetik Holdings, Inc.",Energy,Oil & Gas Storage & Transportation,sp600
KNX,Knight-Swift,Industrials,Cargo Ground Transportation,sp400
KO,Coca-Cola Company (The),Consumer Staples,Soft Drinks & Non-alcoholic Beverages,sp500
KOP,"Koppers Holdings, Inc.",Materials,Commodity Chemicals,sp600
KR,Kroger,Consumer Staples,Food Retail,sp500
KRC,Kilroy Realty Corp,Real Estate,Office REITs,sp400
KRG,Kite Realty Group Trust,Real Estate,Retail REITs,sp400
KRMN,Karman Holdings,Industrials,Aerospace & Defense,sp600
KRYS,Krystal Biotech,Health Care,Biotechnology,sp400
KSS,Kohl's Corp.,Consumer Discretionary,Broadline Retail,sp600
KTB,Kontoor Brands,Consumer Discretionary,"Apparel, Accessories & Luxury Goods",sp600
KTOS,Kratos Defense & Security Solutions,Industrials,Aerospace & Defense,sp400
KVUE,Kenvue,Consumer Staples,Personal Care Products,sp500
KWR,Quaker Chemical Corporation,Materials,Specialty Chemicals,sp600
L,Loews Corporation,Financials,Multi-line Insurance,sp500
LAD,Lithia Motors,Consumer Discretionary,Automotive Retail,sp400
LAMR,Lamar Advertising Company,Real Estate,Other Specialized REITs,sp400
LAUR,"Laureate Education, Inc.",Consumer Discretionary,Education Services,sp600
LAZ,Lazard,Financials,Diversified Capital Markets,sp600
LBRT,"Liberty Energy, Inc.",Energy,Oil & Gas Equipment & Services,sp600
LCII,LCI Industries,Consumer Discretionary,Automotive Parts & Equipment,sp600
LDOS,Leidos,Industrials,Diversified Support Services,sp500
LEA,Lear,Consumer Discretionary,Automotive Parts & Equipment,sp400
LECO,Lincoln Electric,Industrials,Industrial Machinery & Supplies & Components,sp400
LEG,Leggett & Platt,Consumer Discretionary,Home Furnishings,sp600
LEN,Lennar,Consumer Discretionary,Homebuilding,sp500
LEU,Centrus Energy Corp.,Energy,Coal & Consumable Fuels,sp600
LFST,Lifestance Health,Health Care,Health Care Services,sp600
LFUS,Littelfuse,Information Technology,Electronic Components,sp400
LGIH,LGI Homes,Consumer Discretionary,Homebuilding,sp600
LGND,"Ligand Pharmaceuticals, Inc.",Health Care,Biotechnology,sp600
LH,Labcorp,Health Care,Health Care Services,sp500
LHX,L3Harris,Industrials,Aerospace & Defense,sp500
LIF,Life360,Information Technology,Application Software,sp600
LII,Lennox International,Industrials,Building Products,sp500
LIN,Linde plc,Materials,Industrial Gases,sp500
LITE,Lumentum,Information Technology,Communications Equipment,sp500
LIVN,LivaNova,Health Care,Health Care Equipment,sp400
LKFN,Lakeland Financial,Financials,Regional Banks,sp600
LKQ,LKQ Corporation,Consumer Discretionary,Distributors,sp600
LLY,Lilly (Eli),Health Care,Pharmaceuticals,sp500
LMAT,LeMaitre Vascular,Health Care,Health Care Equipment,sp600
LMT,Lockheed Martin,Industrials,Aerospace & Defense,sp500
LNC,Lincoln Financial,Financials,Multi-line Insurance,sp600
LNN,Lindsay Corporation,Materials,Agricultural & Farm Machinery,sp600
LNT,Alliant Energy,Utilities,Electric Utilities,sp500
LNTH,Lantheus Holdings,Health Care,Health Care Supplies,sp400
LOPE,Grand Canyon Education,Consumer Discretionary,Education Services,sp400
LOW,Lowe's,Consumer Discretionary,Home Improvement Retail,sp500
LPG,Dorian LPG Ltd.,Energy,Oil & Gas Storage & Transportation,sp600
LPX,Louisiana-Pacific,Industrials,Building Products,sp400
LQDA,Liquidia Corporation,Health Care,Pharmaceuticals,sp600
LQDT,"Liquidity Services, Inc.",Industrials,Diversified Support Services,sp600
LRCX,Lam Research,Information Technology,Semiconductor Materials & Equipment,sp500
LRN,"Stride, Inc.",Consumer Discretionary,Education Services,sp600
LSCC,Lattice Semiconductor,Information Technology,Semiconductors,sp400
LSTR,Landstar System,Industrials,Cargo Ground Transportation,sp400
LTC,"LTC Properties, Inc.",Real Estate,Health Care REITs,sp600
LTH,"Life Time Group Holdings, Inc.",Consumer Discretionary,Leisure Facilities,sp600
LULU,Lululemon Athletica,Consumer Discretionary,"Apparel, Accessories & Luxury Goods",sp500
LUMN,Lumen Technologies,Communication Services,Alternative Carriers,sp600
LUV,Southwest Airlines,Industrials,Passenger Airlines,sp500
LVS,Las Vegas Sands,Consumer Discretionary,Casinos & Gaming,sp500
LW,Lamb Weston,Consumer Staples,Packaged Foods & Meats,sp600
LXP,Lexington Realty Trust,Real Estate,Diversified REITs,sp600
LYB,LyondellBasell,Materials,Specialty Chemicals,sp500
LYFT,"Lyft, Inc.",Industrials,Passenger Ground Transportation,sp600
LYV,Live Nation Entertainment,Communication Services,Movies & Entertainment,sp500
LZ,"LegalZoom.com, Inc.",Industrials,Research & Consulting Services,sp600
LZB,"La-Z-Boy, Inc.",Consumer Discretionary,Home Furnishings,sp600
M,Macy's,Consumer Discretionary,Broadline Retail,sp400
MA,Mastercard,Financials,Transaction & Payment Processing Services,sp500
MAA,Mid-America Apartment Communities,Real Estate,Multi-Family Residential REITs,sp500
MAC,Macerich,Real Estate,Retail REITs,sp600
MAN,ManpowerGroup,Industrials,Human Resource & Employment Services,sp600
MANH,Manhattan Associates,Information Technology,Application Software,sp400
MAR,Marriott International,Consumer Discretionary,"Hotels, Resorts & Cruise Lines",sp500
MARA,"MARA Holdings, Inc.",Information Technology,Internet Services & Infrastructure,sp600
MAS,Masco,Industrials,Building Products,sp500
MAT,Mattel,Consumer Discretionary,Leisure Products,sp400
MATW,Matthews International Corporation,Consumer Discretionary,Specialized Consumer Services,sp600
MATX,"Matson, Inc.",Industrials,Marine Transportation,sp600
MBC,"MasterBrand, Inc.",Industrials,Building Products,sp600
MBGL,"Mobility Global, Inc.",Industrials,Data Processing & Outsourced Services,sp600
MBIN,Merchants Bancorp,Financials,Regional Banks,sp600
MC,Moelis & Company,Financials,Investment Banking & Brokerage,sp600
MCD,McDonald's,Consumer Discretionary,Restaurants,sp500
MCHP,Microchip Technology,Information Technology,Semiconductors,sp500
MCK,McKesson Corporation,Health Care,Health Care Distributors,sp500
MCO,Moody's Corporation,Financials,Financial Exchanges & Data,sp500
MCRI,"Monarch Casino & Resort, Inc.",Consumer Discretionary,Casinos & Gaming,sp600
MCY,Mercury General,Financials,Property & Casualty Insurance,sp600
MD,Pediatrix Medical Group,Health Care,Health Care Services,sp600
MDLZ,Mondelez International,Consumer Staples,Packaged Foods & Meats,sp500
MDT,Medtronic,Health Care,Health Care Equipment,sp500
MDU,"MDU Resources Group, Inc.",Utilities,Multi-Utilities,sp600
MEDP,Medpace,Health Care,Life Sciences Tools & Services,sp400
MET,MetLife,Financials,Life & Health Insurance,sp500
META,Meta Platforms,Communication Services,Interactive Media & Services,sp500
MFP,"Midera Food Processing, Inc.",Industrials,Industrial Machinery & Supplies & Components,sp600
MGEE,"MGE Energy, Inc.",Utilities,Electric Utilities,sp600
MGM,MGM Resorts,Consumer Discretionary,Casinos & Gaming,sp500
MGY,"Magnolia Oil & Gas, Corp.",Energy,Oil & Gas Exploration & Production,sp600
MHK,Mohawk Industries,Consumer Discretionary,Home Furnishings,sp600
MHO,"M/I Homes, Inc.",Consumer Discretionary,Homebuilding,sp600
MIDD,Middleby,Industrials,Industrial Machinery & Supplies & Components,sp400
MIR,"Mirion Technologies, Inc.",Information Technology,Electronic Equipment & Instruments,sp600
MKC,McCormick & Company,Consumer Staples,Packaged Foods & Meats,sp500
MKSI,MKS Instruments,Information Technology,Semiconductor Materials & Equipment,sp400
MKTX,MarketAxess,Financials,Financial Exchanges & Data,sp600
MLI,Mueller Industries,Industrials,Industrial Machinery & Supplies & Components,sp400
MLKN,"MillerKnoll, Inc.",Industrials,Office Services & Supplies,sp600
MLM,Martin Marietta Materials,Materials,Construction Materials,sp500
MMI,"Marcus & Millichap, Inc.",Real Estate,Real Estate Services,sp600
MMM,3M,Industrials,Industrial Conglomerates,sp500
MMS,Maximus Inc.,Industrials,Data Processing & Outsourced Services,sp400
MMSI,"Merit Medical Systems, Inc.",Health Care,Health Care Supplies,sp600
MNST,Monster Beverage,Consumer Staples,Soft Drinks & Non-alcoholic Beverages,sp500
MO,Altria,Consumer Staples,Tobacco,sp500
MOG-A,Moog Inc.,Industrials,Aerospace & Defense,sp400
MOH,Molina Healthcare,Health Care,Managed Health Care,sp400
MORN,"Morningstar, Inc.",Financials,Financial Exchanges & Data,sp400
MOS,Mosaic Company (The),Materials,Fertilizers & Agricultural Chemicals,sp500
MP,MP Materials,Materials,Diversified Metals & Mining,sp400
MPC,Marathon Petroleum,Energy,Oil & Gas Refining & Marketing,sp500
MPT,Medical Properties Trust,Real Estate,Health Care REITs,sp600
MPWR,Monolithic Power Systems,Information Technology,Semiconductors,sp500
MRCY,Mercury Systems,Industrials,Electrical Components & Equipment,sp600
MRK,Merck & Co.,Health Care,Pharmaceuticals,sp500
MRNA,Moderna,Health Care,Biotechnology,sp500
MRP,"Millrose Properties, Inc.",Real Estate,Single-Family Residential REITs,sp600
MRSH,Marsh McLennan,Financials,Insurance Brokers,sp500
MRTN,"Marten Transport, Ltd.",Industrials,Cargo Ground Transportation,sp600
MRVL,Marvell Technology,Information Technology,Semiconductors,sp500
MS,Morgan Stanley,Financials,Investment Banking & Brokerage,sp500
MSA,MSA Safety,Industrials,Office Services & Supplies,sp400
MSCI,MSCI,Financials,Financial Exchanges & Data,sp500
MSEX,Middlesex Water Company,Utilities,Water Utilities,sp600
MSFT,Microsoft,Information Technology,Systems Software,sp500
MSGS,Madison Square Garden Sports Corp.,Communication Services,Movies & Entertainment,sp600
MSI,Motorola Solutions,Information Technology,Communications Equipment,sp500
MSM,MSC Industrial Direct,Industrials,Trading Companies & Distributors,sp400
MTB,M&T Bank,Financials,Regional Banks,sp500
MTCH,Match Group,Communication Services,Interactive Media & Services,sp600
MTD,Mettler Toledo,Health Care,Life Sciences Tools & Services,sp500
MTDR,Matador Resources,Energy,Oil & Gas Exploration & Production,sp400
MTG,MGIC Investment Corporation,Financials,Reinsurance,sp400
MTH,Meritage Homes Corporation,Consumer Discretionary,Homebuilding,sp600
MTN,Vail Resorts,Consumer Discretionary,"Hotels, Resorts & Cruise Lines",sp400
MTRN,Materion Corp.,Materials,Diversified Metals & Mining,sp600
MTSI,MACOM Technology Solutions,Information Technology,Semiconductors,sp400
MTUS,Metallus Inc,Materials,Steel,sp600
MTX,Minerals Technologies,Materials,Specialty Chemicals,sp600
MTZ,MasTec,Industrials,Construction & Engineering,sp400
MU,Micron Technology,Information Technology,Semiconductors,sp500
MUR,Murphy Oil,Energy,Oil & Gas Exploration & Production,sp400
MUSA,Murphy USA,Consumer Discretionary,Automotive Retail,sp400
MWA,Mueller Water Products,Industrials,Industrial Machinery & Supplies & Components,sp600
MXL,"MaxLinear, Inc.",Information Technology,Semiconductors,sp600
MYRG,"MYR Group, Inc.",Industrials,Construction & Engineering,sp600
MZTI,The Marzetti Company,Consumer Staples,Packaged Foods & Meats,sp400
NABL,"N-able, Inc.",Information Technology,Systems Software,sp600
NATL,NCR Atleos,Financials,Transaction & Payment Processing Services,sp600
NAVI,Navient,Financials,Consumer Finance,sp600
NBHC,National Bank Holdings Corporation,Financials,Regional Banks,sp600
NBIX,Neurocrine Biosciences,Health Care,Biotechnology,sp400
NBTB,"NBT Bancorp, Inc.",Financials,Regional Banks,sp600
NCLH,Norwegian Cruise Line Holdings,Consumer Discretionary,"Hotels, Resorts & Cruise Lines",sp500
NDAQ,"Nasdaq, Inc.",Financials,Financial Exchanges & Data,sp500
NDSN,Nordson Corporation,Industrials,Industrial Machinery & Supplies & Components,sp500
NE,Noble Corporation,Energy,Oil & Gas Drilling,sp600
NEE,NextEra Energy,Utilities,Multi-Utilities,sp500
NEM,Newmont,Materials,Gold,sp500
NEO,"NeoGenomics Laboratories, Inc.",Health Care,Health Care Services,sp600
NEOG,Neogen,Health Care,Health Care Supplies,sp600
NEU,NewMarket Corporation,Materials,Specialty Chemicals,sp400
NFG,National Fuel Gas,Utilities,Gas Utilities,sp400
NFLX,Netflix,Communication Services,Movies & Entertainment,sp500
NGVT,"Ingevity, Corp.",Materials,Specialty Chemicals,sp600
NHC,"National Healthcare, Corp.",Health Care,Health Care Facilities,sp600
NHI,"National Health Investors, Inc.",Real Estate,Health Care REITs,sp600
NI,NiSource,Utilities,Multi-Utilities,sp500
NIC,Nicolet Bankshares,Financials,Regional Banks,sp600
NJR,New Jersey Resources,Utilities,Gas Utilities,sp400
NKE,"Nike, Inc.",Consumer Discretionary,"Apparel, Accessories & Luxury Goods",sp500
NLY,Annaly Capital Management,Financials,Mortgage REITs,sp400
NMIH,"NMI Holdings, Inc.",Financials,Commercial & Residential Mortgage Finance,sp600
NNN,NNN Reit,Real Estate,Retail REITs,sp400
NOC,Northrop Grumman,Industrials,Aerospace & Defense,sp500
NOG,"Northern Oil and Gas, Inc.",Energy,Oil & Gas Exploration & Production,sp600
NOV,NOV Inc.,Energy,Oil & Gas Equipment & Services,sp400
NOVT,Novanta,Information Technology,Electronic Equipment & Instruments,sp400
NOW,ServiceNow,Information Technology,Systems Software,sp500
NPK,"National Presto Industries, Inc.",Industrials,Aerospace & Defense,sp600
NPO,"EnPro Industries, Inc.",Industrials,Industrial Machinery & Supplies & Components,sp600
NRG,NRG Energy,Utilities,Independent Power Producers & Energy Traders,sp500
NSC,Norfolk Southern,Industrials,Rail Transportation,sp500
NSIT,"Insight Enterprises, Inc.",Industrials,Technology Distributors,sp600
NSP,Insperity,Industrials,Human Resource & Employment Services,sp600
NSSC,Napco Security Technologies,Information Technology,Electronic Equipment & Instruments,sp600
NTAP,NetApp,Information Technology,"Technology Hardware, Storage & Peripherals",sp500
NTCT,"NETSCOUT Systems, Inc.",Information Technology,Communications Equipment,sp600
NTNX,Nutanix,Information Technology,Systems Software,sp400
NTRS,Northern Trust,Financials,Asset Management & Custody Banks,sp500
NTST,NETSTREIT Corp.,Real Estate,Retail REITs,sp600
NUE,Nucor,Materials,Steel,sp500
NVDA,Nvidia,Information Technology,Semiconductors,sp500
NVR,"NVR, Inc.",Consumer Discretionary,Homebuilding,sp500
NVST,Envista Holdings,Health Care,Health Care Supplies,sp400
NVT,nVent Electric plc,Industrials,Electrical Components & Equipment,sp400
NWBI,"Northwest Bancshares, Inc.",Financials,Regional Banks,sp600
NWE,NorthWestern Energy,Utilities,Multi-Utilities,sp400
NWL,Newell Brands,Consumer Discretionary,Housewares & Specialties,sp600
NWN,NW Natural,Utilities,Gas Utilities,sp600
NWS,News Corp (Class B),Communication Services,Publishing,sp500
NWSA,News Corp (Class A),Communication Services,Publishing,sp500
NX,Quanex Building Products Corporation,Industrials,Building Products,sp600
NXPI,NXP Semiconductors,Information Technology,Semiconductors,sp500
NXRT,"NexPoint Residential Trust, Inc.",Real Estate,Multi-Family Residential REITs,sp600
NXST,Nexstar Media Group,Communication Services,Broadcasting,sp400
NXT,Nextpower,Industrials,Electrical Components & Equipment,sp400
NYT,New York Times Company,Communication Services,Publishing,sp400
O,Realty Income,Real Estate,Retail REITs,sp500
OC,Owens Corning,Industrials,Building Products,sp400
ODFL,Old Dominion,Industrials,Cargo Ground Transportation,sp500
OFG,OFG Bancorp,Financials,Regional Banks,sp600
OGE,OGE Energy,Utilities,Multi-Utilities,sp400
OGN,Organon & Co.,Health Care,Pharmaceuticals,sp600
OGS,One Gas,Utilities,Gas Utilities,sp400
OHI,Omega Healthcare Investors,Real Estate,Health Care REITs,sp400
OI,"O-I Glass, Inc.",Materials,"Metal, Glass & Plastic Containers",sp600
OII,"Oceaneering International, Inc.",Energy,Oil & Gas Equipment & Services,sp600
OKE,Oneok,Energy,Oil & Gas Storage & Transportation,sp500
OKTA,"Okta, Inc.",Information Technology,Application Software,sp400
OLED,Universal Display,Information Technology,Semiconductors,sp400
OLLI,Ollie's Bargain Outlet,Consumer Discretionary,Broadline Retail,sp400
OLN,Olin Corporation,Materials,Diversified Chemicals,sp400
OMC,Omnicom Group,Communication Services,Advertising,sp500
OMCL,Omnicell,Health Care,Health Care Technology,sp600
ON,ON Semiconductor,Information Technology,Semiconductors,sp500
ONB,Old National Bank,Financials,Regional Banks,sp400
ONTO,Onto Innovation,Information Technology,Semiconductor Materials & Equipment,sp400
OPCH,Option Care Health,Health Care,Health Care Facilities,sp400
OPLN,"OPENLANE, Inc.",Industrials,Diversified Support Services,sp600
ORA,Ormat Technologies,Utilities,Renewable Electricity,sp400
ORCL,Oracle Corporation,Information Technology,Application Software,sp500
ORI,Old Republic International,Financials,Property & Casualty Insurance,sp400
ORLY,O'Reilly Automotive,Consumer Discretionary,Automotive Retail,sp500
OSIS,"OSI Systems, Inc.",Information Technology,Electronic Equipment & Instruments,sp600
OSK,Oshkosh,Industrials,Construction Machinery & Heavy Transportation Equipment,sp400
OSW,OneSpaWorld Holdings Limited,Consumer Discretionary,Leisure Facilities,sp600
OTIS,Otis Worldwide,Industrials,Industrial Machinery & Supplies & Components,sp500
OTTR,Otter Tail Corporation,Utilities,Electric Utilities,sp600
OUT,Outfront Media,Real Estate,Other Specialized REITs,sp600
OVV,Ovintiv,Energy,Oil & Gas Exploration & Production,sp400
OXY,Occidental Petroleum,Energy,Oil & Gas Exploration & Production,sp500
OZK,Bank OZK,Financials,Regional Banks,sp400
P,Everpure,Information Technology,"Technology Hardware, Storage & Peripherals",sp400
PAG,Penske Automotive Group,Consumer Discretionary,Automotive Retail,sp400
PAHC,Phibro Animal Health,Health Care,Pharmaceuticals,sp600
PANW,Palo Alto Networks,Information Technology,Systems Software,sp500
PARR,"Par Pacific Holdings, Inc.",Energy,Oil & Gas Refining & Marketing,sp600
PATH,UiPath,Information Technology,Systems Software,sp400
PATK,"Patrick Industries, Inc.",Consumer Discretionary,Automotive Parts & Equipment,sp600
PAYC,Paycom,Industrials,Human Resource & Employment Services,sp600
PAYO,Payoneer Global Inc.,Financials,Transaction & Payment Processing Services,sp600
PAYX,Paychex,Industrials,Human Resource & Employment Services,sp500
PB,Prosperity Bancshares,Financials,Regional Banks,sp400
PBF,PBF Energy,Energy,Oil & Gas Refining & Marketing,sp400
PBH,Prestige Consumer Healthcare,Health Care,Pharmaceuticals,sp600
PBI,"Pitney Bowes, Inc.",Industrials,Office Services & Supplies,sp600
PCAR,Paccar,Industrials,Construction Machinery & Heavy Transportation Equipment,sp500
PCG,PG&E Corporation,Utilities,Multi-Utilities,sp500
PCRX,"Pacira BioSciences, Inc.",Health Care,Pharmaceuticals,sp600
PCTY,Paylocity,Industrials,Human Resource & Employment Services,sp400
PDFS,"PDF Solutions, Inc.",Information Technology,Semiconductor Materials & Equipment,sp600
PEB,Pebblebrook Hotel Trust,Real Estate,Hotel & Resort REITs,sp600
PECO,Phillips Edison & Company,Real Estate,Retail REITs,sp600
PEG,Public Service Enterprise Group,Utilities,Electric Utilities,sp500
PEGA,Pegasystems,Information Technology,Application Software,sp400
PEN,"Penumbra, Inc.",Health Care,Health Care Equipment,sp400
PENG,"Penguin Solutions, Inc.",Information Technology,Semiconductors,sp600
PENN,Penn Entertainment,Consumer Discretionary,Casinos & Gaming,sp600
PEP,PepsiCo,Consumer Staples,Soft Drinks & Non-alcoholic Beverages,sp500
PFBC,Preferred Bank,Financials,Regional Banks,sp600
PFE,Pfizer,Health Care,Pharmaceuticals,sp500
PFG,Principal Financial Group,Financials,Life & Health Insurance,sp500
PFGC,Performance Food Group,Consumer Staples,Food Distributors,sp400
PFS,"Provident Financial Services, Inc.",Financials,Regional Banks,sp600
PG,Procter & Gamble,Consumer Staples,Personal Care Products,sp500
PGNY,"Progyny, Inc.",Health Care,Health Care Services,sp600
PGR,Progressive Corporation,Financials,Property & Casualty Insurance,sp500
PH,Parker Hannifin,Industrials,Industrial Machinery & Supplies & Components,sp500
PHIN,"PHINIA, Inc.",Consumer Discretionary,Automotive Retail,sp600
PHM,PulteGroup,Consumer Discretionary,Homebuilding,sp500
PI,"Impinj, Inc.",Information Technology,Electronic Equipment & Instruments,sp600
PII,Polaris,Consumer Discretionary,Leisure Products,sp400
PINS,Pinterest,Communication Services,Interactive Home Entertainment,sp400
PIPR,Piper Sandler Companies,Financials,Investment Banking & Brokerage,sp600
PJT,"PJT Partners, Inc.",Financials,Investment Banking & Brokerage,sp600
PK,Park Hotels & Resorts,Real Estate,Hotel & Resort REITs,sp400
PKG,Packaging Corporation of America,Materials,Paper & Plastic Packaging Products & Materials,sp500
PLAB,"Photronics, Inc.",Information Technology,Semiconductor Materials & Equipment,sp600
PLD,Prologis,Real Estate,Industrial REITs,sp500
PLMR,"Palomar Holdings, Inc.",Financials,Property & Casualty Insurance,sp600
PLNT,Planet Fitness,Consumer Discretionary,Leisure Facilities,sp400
PLTR,Palantir Technologies,Information Technology,Application Software,sp500
PLUS,"ePlus, Inc.",Information Technology,Technology Distributors,sp600
PLXS,Plexus Corp.,Information Technology,Electronic Manufacturing Services,sp600
PM,Philip Morris International,Consumer Staples,Tobacco,sp500
PMT,PennyMac Mortgage Investment Trust,Real Estate,Mortgage REITs,sp600
PNC,PNC Financial Services,Financials,Diversified Banks,sp500
PNFP,Pinnacle Financial Partners,Financials,Regional Banks,sp400
PNR,Pentair,Industrials,Industrial Machinery & Supplies & Components,sp500
PNW,Pinnacle West Capital,Utilities,Multi-Utilities,sp500
PODD,Insulet Corporation,Health Care,Health Care Equipment,sp500
POOL,Pool Corporation,Consumer Discretionary,Distributors,sp600
POR,Portland General Electric,Utilities,Electric Utilities,sp400
POST,Post Holdings,Consumer Staples,Packaged Foods & Meats,sp400
POWI,Power Integrations,Information Technology,Semiconductors,sp600
POWL,"Powell Industries, Inc.",Industrials,Electrical Components & Equipment,sp600
PPC,Pilgrim's Pride,Consumer Staples,Packaged Foods & Meats,sp400
PPG,PPG Industries,Materials,Specialty Chemicals,sp500
PPL,PPL Corporation,Utilities,Electric Utilities,sp500
PPLI,People Inc.,Communication Services,Interactive Media & Services,sp600
PR,Permian Resources,Energy,Oil & Gas Exploration & Production,sp400
PRDO,Perdoceo Education Corp.,Consumer Discretionary,Education Services,sp600
PRG,"PROG Holdings, Inc.",Financials,Consumer Finance,sp600
PRGO,Perrigo,Health Care,Pharmaceuticals,sp600
PRGS,Progress Software Corporation,Information Technology,Systems Software,sp600
PRI,Primerica,Financials,Life & Health Insurance,sp400
PRIM,Primoris Services Corporation,Industrials,Construction & Engineering,sp600
PRK,Park National Corp.,Financials,Regional Banks,sp600
PRKS,United Parks & Resorts,Consumer Discretionary,Leisure Facilities,sp600
PRLB,Protolabs,Industrials,Industrial Machinery & Supplies & Components,sp600
PRSU,"Pursuit Attractions & Hospitality, Inc.",Consumer Discretionary,"Hotels, Resorts & Cruise Lines",sp600
PRU,Prudential Financial,Financials,Life & Health Insurance,sp500
PRVA,"Privia Health Group, Inc.",Health Care,Health Care Services,sp600
PSA,Public Storage,Real Estate,Self-Storage REITs,sp500
PSKY,Paramount Skydance Corporation,Communication Services,Movies & Entertainment,sp500
PSMT,PriceSmart,Consumer Staples,Consumer Staples Merchandise Retail,sp600
PSN,Parsons Corporation,Industrials,Aerospace & Defense,sp400
PSX,Phillips 66,Energy,Oil & Gas Refining & Marketing,sp500
PTC,PTC Inc.,Information Technology,Application Software,sp500
PTCT,"PTC Therapeutics, Inc.",Health Care,Pharmaceuticals,sp600
PTEN,"Patterson-UTI Energy, Inc.",Energy,Oil & Gas Drilling,sp600
PTGX,"Protagonist Therapeutics, Inc.",Health Care,Biotechnology,sp600
PTON,"Peloton Interactive, Inc.",Consumer Discretionary,Leisure Products,sp600
PVH,PVH Corp.,Consumer Discretionary,"Apparel, Accessories & Luxury Goods",sp400
PWR,Quanta Services,Industrials,Construction & Engineering,sp500
PYPL,PayPal,Financials,Transaction & Payment Processing Services,sp500
PZZA,Papa John's Pizza,Consumer Discretionary,Restaurants,sp600
Q,Qnity Electronics,Information Technology,Semiconductor Materials & Equipment,sp500
QCOM,Qualcomm,Information Technology,Semiconductors,sp500
QDEL,QuidelOrtho,Health Care,Health Care Supplies,sp600
QLYS,Qualys,Information Technology,Systems Software,sp400
QNST,"QuinStreet, Inc.",Communication Services,Interactive Media & Services,sp600
QRVO,Qorvo,Information Technology,Semiconductors,sp600
QTWO,"Q2 Holdings, Inc.",Information Technology,Application Software,sp600
R,Ryder,Industrials,Cargo Ground Transportation,sp400
RAL,Ralliant Corp,Information Technology,Electronic Equipment & Instruments,sp600
RAMP,"LiveRamp Holdings, Inc.",Information Technology,Application Software,sp600
RBA,RB Global,Industrials,Diversified Support Services,sp400
RBC,RBC Bearings,Industrials,Industrial Machinery & Supplies & Components,sp400
RCL,Royal Caribbean Group,Consumer Discretionary,"Hotels, Resorts & Cruise Lines",sp500
RCUS,"Arcus Biosciences, Inc.",Health Care,Biotechnology,sp600
RDN,"Radian Group, Inc.",Financials,Property & Casualty Insurance,sp600
RDNT,"RadNet, Inc.",Health Care,Health Care Services,sp600
REG,Regency Centers,Real Estate,Retail REITs,sp500
REGN,Regeneron Pharmaceuticals,Health Care,Biotechnology,sp500
RELY,Remitly,Financials,Transaction & Payment Processing Services,sp600
RES,"RPC, Inc.",Energy,Oil & Gas Equipment & Services,sp600
REX,REX American Resources Corporation,Energy,Oil & Gas Refining & Marketing,sp600
REXR,Rexford Industrial Realty,Real Estate,Industrial REITs,sp400
REYN,Reynolds Consumer Products,Consumer Staples,Household Products,sp600
REZI,"Resideo Technologies, Inc.",Industrials,Trading Companies & Distributors,sp600
RF,Regions Financial Corporation,Financials,Regional Banks,sp500
RGA,Reinsurance Group of America,Financials,Reinsurance,sp400
RGEN,Repligen,Health Care,Biotechnology,sp400
RGLD,Royal Gold,Materials,Gold,sp400
RH,RH,Consumer Discretionary,Homefurnishing Retail,sp400
RHI,Robert Half,Industrials,Human Resource & Employment Services,sp600
RHP,Ryman Hospitality Properties,Real Estate,Hotel & Resort REITs,sp600
RITM,Rithm Capital,Financials,Mortgage REITs,sp600
RJF,Raymond James Financial,Financials,Investment Banking & Brokerage,sp500
RL,Ralph Lauren Corporation,Consumer Discretionary,"Apparel, Accessories & Luxury Goods",sp500
RLI,RLI Corp.,Financials,Property & Casualty Insurance,sp400
RMBS,Rambus,Information Technology,Semiconductors,sp400
RMD,ResMed|,Health Care,Health Care Equipment,sp500
RNG,"RingCentral, Inc.",Information Technology,Application Software,sp600
RNR,RenaissanceRe,Financials,Reinsurance,sp400
RNST,Renasant Corp.,Financials,Regional Banks,sp600
ROAD,"Construction Partners, Inc.",Industrials,Construction & Engineering,sp600
ROCK,"Gibraltar Industries, Inc.",Industrials,Building Products,sp600
ROG,Rogers Corporation,Information Technology,Electronic Components,sp600
ROIV,Roivant Sciences,Health Care,Biotechnology,sp400
ROK,Rockwell Automation,Industrials,Electrical Components & Equipment,sp500
ROKU,"Roku, Inc.",Communication Services,Movies & Entertainment,sp400
ROL,"Rollins, Inc.",Industrials,Environmental & Facilities Services,sp500
ROP,Roper Technologies,Information Technology,Electronic Equipment & Instruments,sp500
ROST,Ross Stores,Consumer Discretionary,Apparel Retail,sp500
RPM,RPM International,Materials,Specialty Chemicals,sp400
RRC,Range Resources,Energy,Oil & Gas Exploration & Production,sp400
RRR,"Red Rock Resorts, Inc.",Consumer Discretionary,Casinos & Gaming,sp600
RRX,Regal Rexnord,Industrials,Electrical Components & Equipment,sp400
RS,"Reliance, Inc.",Materials,Steel,sp400
RSG,Republic Services,Industrials,Environmental & Facilities Services,sp500
RSI,"Rush Street Interactive, Inc.",Consumer Discretionary,Casinos & Gaming,sp600
RTX,RTX Corporation,Industrials,Aerospace & Defense,sp500
RUN,Sunrun,Industrials,Building Products,sp600
RUSHA,Rush Enterprises,Industrials,Construction Machinery & Heavy Transportation Equipment,sp600
RVTY,Revvity,Health Care,Health Care Equipment,sp500
RXO,"RXO, Inc.",Industrials,Cargo Ground Transportation,sp600
RYAN,Ryan Specialty,Financials,Insurance Brokers,sp400
RYN,Rayonier,Real Estate,Timber REITs,sp400
SABR,Sabre,Consumer Discretionary,"Hotels, Resorts & Cruise Lines",sp600
SAFE,"Safehold, Inc.",Real Estate,Other Specialized REITs,sp600
SAFT,"Safety Insurance Group, Inc.",Financials,Property & Casualty Insurance,sp600
SAH,"Sonic Automotive, Inc.",Consumer Discretionary,Automotive Retail,sp600
SAIA,Saia,Industrials,Cargo Ground Transportation,sp400
SAIC,Science Applications Intl Corp,Industrials,Diversified Support Services,sp400
SAM,Boston Beer Company,Consumer Staples,Brewers,sp400
SANM,Sanmina Corporation,Information Technology,Electronic Manufacturing Services,sp400
SARO,StandardAero,Industrials,Aerospace & Defense,sp400
SBAC,SBA Communications,Real Estate,Telecom Tower REITs,sp500
SBCF,Seacoast Banking Corporation of Florida,Financials,Regional Banks,sp600
SBH,"Sally Beauty Holdings, Inc.",Consumer Discretionary,Specialty Stores,sp600
SBRA,Sabra Health Care REIT,Real Estate,Health Care REITs,sp400
SBSI,"Southside Bancshares, Inc.",Financials,Regional Banks,sp600
SBUX,Starbucks,Consumer Discretionary,Restaurants,sp500
SCHL,Scholastic Corporation,Consumer Discretionary,Publishing,sp600
SCHW,Charles Schwab Corporation,Financials,Investment Banking & Brokerage,sp500
SCI,Service Corp Intl,Consumer Discretionary,Specialized Consumer Services,sp400
SCL,Stepan Company,Materials,Specialty Chemicals,sp600
SCSC,"ScanSource, Inc.",Information Technology,Technology Distributors,sp600
SDGR,"Schrödinger, Inc.",Health Care,Health Care Services,sp600
SEDG,SolarEdge,Information Technology,Semiconductor Materials & Equipment,sp600
SEI,"Solaris Energy Infrastructure, Inc.",Energy,Oil & Gas Equipment & Services,sp600
SEIC,SEI Investments Company,Financials,Asset Management & Custody Banks,sp400
SEZL,Sezzle,Financials,Transaction & Payment Processing Services,sp600
SF,Stifel,Financials,Investment Banking & Brokerage,sp400
SFBS,"ServisFirst Bancshares, Inc.",Financials,Regional Banks,sp600
SFM,Sprouts Farmers Market,Consumer Staples,Food Retail,sp400
SFNC,Simmons First National Corporation,Financials,Regional Banks,sp600
SGI,Somnigroup International,Consumer Discretionary,Home Furnishings,sp400
SHAK,"Shake Shack, Inc.",Consumer Discretionary,Restaurants,sp600
SHC,Sotera Health,Health Care,Health Care Services,sp400
SHEN,Shenandoah Telecommunications Co,Communication Services,Wireless Telecommunication Services,sp600
SHO,"Sunstone Hotel Investors, Inc.",Real Estate,Hotel & Resort REITs,sp600
SHOO,"Steven Madden, Ltd.",Consumer Discretionary,Footwear,sp600
SHW,Sherwin-Williams,Materials,Specialty Chemicals,sp500
SIG,Signet Jewelers,Consumer Discretionary,Specialty Stores,sp600
SIGI,Selective Insurance Group,Financials,Property & Casualty Insurance,sp400
SIRI,SiriusXM,Communication Services,Broadcasting,sp400
SITM,SiTime,Information Technology,Semiconductors,sp400
SJM,J.M. Smucker Company (The),Consumer Staples,Packaged Foods & Meats,sp500
SKT,"Tanger Factory Outlet Centers, Inc.",Real Estate,Retail REITs,sp600
SKY,"Champion Homes, Inc.",Consumer Discretionary,Homebuilding,sp600
SKYW,"SkyWest, Inc.",Industrials,Passenger Airlines,sp600
SLAB,Silicon Labs,Information Technology,Semiconductors,sp400
SLB,Schlumberger,Energy,Oil & Gas Equipment & Services,sp500
SLG,SL Green Realty,Real Estate,Office REITs,sp600
SLGN,Silgan Holdings,Materials,"Metal, Glass & Plastic Containers",sp400
SLM,SLM Corp,Financials,Consumer Finance,sp400
SLVM,Sylvamo Corp.,Materials,Paper Products,sp600
SM,SM Energy Company,Energy,Oil & Gas Exploration & Production,sp600
SMCI,Supermicro,Information Technology,"Technology Hardware, Storage & Peripherals",sp500
SMG,Scotts Miracle-Gro Company,Materials,Fertilizers & Agricultural Chemicals,sp400
SMP,"Standard Motor Products, Inc.",Consumer Discretionary,Automotive Parts & Equipment,sp600
SMPL,Simply Good Foods Company,Consumer Staples,Packaged Foods & Meats,sp600
SMTC,Semtech,Information Technology,Semiconductors,sp400
SN,SharkNinja,Consumer Discretionary,Household Appliances,sp400
SNA,Snap-on,Industrials,Industrial Machinery & Supplies & Components,sp500
SNDK,Sandisk,Information Technology,"Technology Hardware, Storage & Peripherals",sp500
SNDR,Schneider National,Industrials,Cargo Ground Transportation,sp600
SNEX,StoneX Group Inc.,Financials,Investment Banking & Brokerage,sp600
SNPS,Synopsys,Information Technology,Application Software,sp500
SNX,TD Synnex,Information Technology,Technology Distributors,sp400
SO,Southern Company,Utilities,Electric Utilities,sp500
SOLS,Solstice Advanced Materials,Materials,Specialty Chemicals,sp400
SOLV,Solventum,Health Care,Health Care Technology,sp500
SON,Sonoco,Materials,Paper & Plastic Packaging Products & Materials,sp400
SONO,"Sonos, Inc.",Consumer Discretionary,Consumer Electronics,sp600
SPG,Simon Property Group,Real Estate,Retail REITs,sp500
SPGI,S&P Global,Financials,Financial Exchanges & Data,sp500
SPHR,Sphere Entertainment,Communication Services,Movies & Entertainment,sp600
SPNT,SiriusPoint Ltd.,Financials,Reinsurance,sp600
SPSC,"SPS Commerce, Inc.",Information Technology,Application Software,sp600
SPXC,SPX Technologies,Industrials,Industrial Machinery & Supplies & Components,sp400
SR,Spire,Utilities,Gas Utilities,sp400
SRE,Sempra,Utilities,Multi-Utilities,sp500
SRPT,Sarepta Therapeutics,Health Care,Biotechnology,sp600
SSB,South State Bank,Financials,Regional Banks,sp400
SSD,Simpson Manufacturing,Industrials,Building Products,sp400
ST,Sensata Technologies,Industrials,Electrical Components & Equipment,sp400
STAA,STAAR Surgical Company,Health Care,Health Care Equipment,sp600
STAG,STAG Industrial,Real Estate,Industrial REITs,sp400
STBA,"S&T Bancorp, Inc.",Financials,Regional Banks,sp600
STC,Stewart Information Services Corporation,Financials,Property & Casualty Insurance,sp600
STE,Steris,Health Care,Health Care Equipment,sp500
STEP,StepStone Group,Financials,Asset Management & Custody Banks,sp600
STLD,Steel Dynamics,Materials,Steel,sp500
STRA,"Strategic Education, Inc.",Consumer Discretionary,Education Services,sp600
STRL,Sterling Infrastructure,Industrials,Construction & Engineering,sp400
STT,State Street Corporation,Financials,Asset Management & Custody Banks,sp500
STWD,Starwood Property Trust,Financials,Mortgage REITs,sp400
STX,Seagate Technology,Information Technology,"Technology Hardware, Storage & Peripherals",sp500
STZ,Constellation Brands,Consumer Staples,Distillers & Vintners,sp500
SUPN,"Supernus Pharmaceuticals, Inc.",Health Care,Pharmaceuticals,sp600
SW,Smurfit Westrock,Materials,Paper & Plastic Packaging Products & Materials,sp500
SWK,Stanley Black & Decker,Industrials,Industrial Machinery & Supplies & Components,sp500
SWKS,Skyworks Solutions,Information Technology,Semiconductors,sp500
SWX,Southwest Gas Corp,Utilities,Gas Utilities,sp400
SXI,Standex International Corporation,Industrials,Industrial Machinery & Supplies & Components,sp600
SXT,Sensient Technologies,Materials,Specialty Chemicals,sp600
SYF,Synchrony Financial,Financials,Consumer Finance,sp500
SYK,Stryker Corporation,Health Care,Health Care Equipment,sp500
SYNA,Synaptics,Information Technology,Semiconductors,sp400
SYY,Sysco,Consumer Staples,Food Distributors,sp500
T,AT&T,Communication Services,Integrated Telecommunication Services,sp500
TALO,"Talos Energy, Inc.",Energy,Oil & Gas Exploration & Production,sp600
TAP,Molson Coors Beverage Company,Consumer Staples,Brewers,sp500
TBBK,"The Bancorp, Inc.",Financials,Regional Banks,sp600
TCBI,Texas Capital Bancshares,Financials,Regional Banks,sp400
TDC,Teradata,Information Technology,IT Consulting & Other Services,sp600
TDG,TransDigm Group,Industrials,Aerospace & Defense,sp500
TDS,"Telephone and Data Systems, Inc.",Communication Services,Integrated Telecommunication Services,sp600
TDW,"Tidewater, Inc.",Energy,Oil & Gas Equipment & Services,sp600
TDY,Teledyne Technologies,Information Technology,Electronic Equipment & Instruments,sp500
TECH,Bio-Techne,Health Care,Life Sciences Tools & Services,sp500
TEL,TE Connectivity,Information Technology,Electronic Manufacturing Services,sp500
TER,Teradyne,Information Technology,Semiconductor Materials & Equipment,sp500
TEX,Terex,Industrials,Construction Machinery & Heavy Transportation Equipment,sp400
TFC,Truist Financial,Financials,Diversified Banks,sp500
TFIN,"Triumph Bancorp, Inc.",Financials,Regional Banks,sp600
TFX,Teleflex,Health Care,Health Care Equipment,sp600
TGT,Target Corporation,Consumer Staples,Consumer Staples Merchandise Retail,sp500
TGTX,"TG Therapeutics, Inc.",Health Care,Biotechnology,sp600
THC,Tenet Health,Health Care,Health Care Facilities,sp400
THG,Hanover Insurance,Financials,Property & Casualty Insurance,sp400
THO,Thor Industries,Consumer Discretionary,Leisure Products,sp400
THRM,Gentherm Incorporated,Consumer Discretionary,Automotive Parts & Equipment,sp600
TILE,"Interface, Inc.",Industrials,Office Services & Supplies,sp600
TJX,TJX Companies,Consumer Discretionary,Apparel Retail,sp500
TKO,TKO Group Holdings,Communication Services,Movies & Entertainment,sp500
TKR,Timken,Industrials,Industrial Machinery & Supplies & Components,sp400
TLN,Talen Energy,Utilities,Independent Power Producers & Energy Traders,sp400
TMDX,"TransMedics Group, Inc.",Health Care,Health Care Equipment,sp600
TMO,Thermo Fisher Scientific,Health Care,Life Sciences Tools & Services,sp500
TMP,Tompkins Financial Corporation,Financials,Regional Banks,sp600
TMUS,T-Mobile US,Communication Services,Wireless Telecommunication Services,sp500
TNC,Tennant Company,Industrials,Industrial Machinery & Supplies & Components,sp600
TNDM,Tandem Diabetes Care,Health Care,Health Care Equipment,sp600
TNL,Travel + Leisure Co.,Consumer Discretionary,"Hotels, Resorts & Cruise Lines",sp400
TOL,Toll Brothers,Consumer Discretionary,Homebuilding,sp400
TOST,"Toast, Inc.",Financials,Transaction & Payment Processing Services,sp400
TPC,Tutor Perini Corporation,Industrials,Construction & Engineering,sp600
TPL,Texas Pacific Land Corporation,Energy,Oil & Gas Exploration & Production,sp500
TPR,"Tapestry, Inc.",Consumer Discretionary,"Apparel, Accessories & Luxury Goods",sp500
TR,"Tootsie Roll Industries, Inc.",Consumer Staples,Packaged Foods & Meats,sp600
TREX,Trex,Industrials,Building Products,sp400
TRGP,Targa Resources,Energy,Oil & Gas Storage & Transportation,sp500
TRIP,TripAdvisor,Communication Services,Interactive Media & Services,sp600
TRMB,Trimble Inc.,Information Technology,Application Software,sp500
TRMK,Trustmark Corp.,Financials,Regional Banks,sp600
TRN,"Trinity Industries, Inc.",Industrials,Construction Machinery & Heavy Transportation Equipment,sp600
TRNO,Terreno Realty Corporation,Real Estate,Industrial REITs,sp600
TROW,T. Rowe Price,Financials,Asset Management & Custody Banks,sp500
TRST,TrustCo Bank Corp NY,Financials,Regional Banks,sp600
TRU,TransUnion,Industrials,Research & Consulting Services,sp400
TRUP,Trupanion,Financials,Life & Health Insurance,sp600
TRV,Travelers Companies (The),Financials,Property & Casualty Insurance,sp500
TSCO,Tractor Supply,Consumer Discretionary,Other Specialty Retail,sp500
TSLA,"Tesla, Inc.",Consumer Discretionary,Automobile Manufacturers,sp500
TSN,Tyson Foods,Consumer Staples,Packaged Foods & Meats,sp500
TT,Trane Technologies,Industrials,Building Products,sp500
TTC,Toro,Industrials,Agricultural & Farm Machinery,sp400
TTD,Trade Desk (The),Communication Services,Advertising,sp500
TTEK,Tetra Tech,Industrials,Construction & Engineering,sp400
TTMI,TTM Technologies,Information Technology,Electronic Manufacturing Services,sp400
TTWO,Take-Two Interactive,Communication Services,Interactive Home Entertainment,sp500
TWLO,Twilio,Information Technology,Systems Software,sp400
TXN,Texas Instruments,Information Technology,Semiconductors,sp500
TXNM,TXNM Energy,Utilities,Electric Utilities,sp400
TXRH,Texas Roadhouse,Consumer Discretionary,Restaurants,sp400
TXT,Textron,Industrials,Aerospace & Defense,sp500
TYL,Tyler Technologies,Information Technology,Application Software,sp500
UA,Under Armour (Class C),Consumer Discretionary,"Apparel, Accessories & Luxury Goods",sp600
UAA,Under Armour (Class A),Consumer Discretionary,"Apparel, Accessories & Luxury Goods",sp600
UAL,United Airlines Holdings,Industrials,Passenger Airlines,sp500
UBER,Uber,Industrials,Passenger Ground Transportation,sp500
UBSI,United Bankshares,Financials,Regional Banks,sp400
UCB,"United Community Banks, Inc.",Financials,Regional Banks,sp600
UCTT,"Ultra Clean Holdings, Inc.",Information Technology,Semiconductor Materials & Equipment,sp600
UDR,"UDR, Inc.",Real Estate,Multi-Family Residential REITs,sp500
UE,Urban Edge Properties,Real Estate,Retail REITs,sp600
UFCS,"United Fire Group, Inc.",Financials,Property & Casualty Insurance,sp600
UFPI,UFP Industries,Industrials,Building Products,sp400
UFPT,"UFP Technologies, Inc.",Health Care,Health Care Equipment,sp600
UGI,UGI Corp,Utilities,Gas Utilities,sp400
UHS,Universal Health Services,Health Care,Health Care Facilities,sp500
ULS,UL Solutions,Industrials,Research & Consulting Services,sp400
ULTA,Ulta Beauty,Consumer Discretionary,Other Specialty Retail,sp500
UMBF,UMB Financial Corp.,Financials,Regional Banks,sp400
UNF,UniFirst Corporation,Industrials,Diversified Support Services,sp600
UNFI,United Natural Foods Inc,Consumer Staples,Food Retail,sp600
UNH,UnitedHealth Group,Health Care,Managed Health Care,sp500
UNIT,Uniti Group,Communication Services,Alternative Carriers,sp600
UNM,Unum,Financials,Life & Health Insurance,sp400
UNP,Union Pacific Corporation,Industrials,Rail Transportation,sp500
UPBD,"Upbound Group, Inc.",Consumer Discretionary,Computer & Electronics Retail,sp600
UPS,United Parcel Service,Industrials,Air Freight & Logistics,sp500
UPWK,"Upwork, Inc.",Industrials,Human Resource & Employment Services,sp600
URBN,"Urban Outfitters, Inc.",Consumer Discretionary,Apparel Retail,sp600
URI,United Rentals,Industrials,Trading Companies & Distributors,sp500
USB,U.S. Bancorp,Financials,Diversified Banks,sp500
USFD,US Foods,Consumer Staples,Food Distributors,sp400
USLM,"United States Lime & Minerals, Inc.",Materials,Construction Materials,sp600
USPH,"U.S. Physical Therapy, Inc.",Health Care,Health Care Facilities,sp600
UTHR,United Therapeutics,Health Care,Biotechnology,sp400
UTI,Universal Technical Institute,Consumer Discretionary,Education Services,sp600
UTL,Unitil Corporation,Utilities,Electric Utilities,sp600
UVV,Universal Corporation,Consumer Staples,Tobacco,sp600
V,Visa Inc.,Financials,Transaction & Payment Processing Services,sp500
VAC,Marriott Vacations Worldwide,Consumer Discretionary,"Hotels, Resorts & Cruise Lines",sp600
VAL,Valaris,Energy,Oil & Gas Drilling,sp400
VC,Visteon,Consumer Discretionary,Automotive Parts & Equipment,sp400
VCEL,Vericel,Health Care,Biotechnology,sp600
VCTR,"Victory Capital Holdings, Inc.",Financials,Asset Management & Custody Banks,sp600
VCYT,"Veracyte, Inc.",Health Care,Health Care Services,sp600
VECO,Veeco Instruments Inc.,Information Technology,Semiconductor Materials & Equipment,sp600
VEEV,Veeva Systems,Health Care,Health Care Technology,sp500
VFC,VF Corporation,Consumer Discretionary,"Apparel, Accessories & Luxury Goods",sp400
VGNT,Versigent PLC,Consumer Discretionary,Other Specialty Retail,sp600
VIAV,Viavi Solutions,Information Technology,Communications Equipment,sp400
VICI,Vici Properties,Real Estate,Hotel & Resort REITs,sp500
VICR,Vicor Corporation,Industrials,Electrical Components & Equipment,sp400
VIR,"Vir Biotechnology, Inc.",Health Care,Biotechnology,sp600
VIRT,"Virtu Financial, Inc.",Financials,Financial Exchanges & Data,sp600
VLO,Valero Energy,Energy,Oil & Gas Refining & Marketing,sp500
VLTO,Veralto,Industrials,Environmental & Facilities Services,sp500
VLY,Valley Bank,Financials,Regional Banks,sp400
VMC,Vulcan Materials Company,Materials,Construction Materials,sp500
VMI,Valmont Industries,Industrials,Industrial Machinery & Supplies & Components,sp400
VNO,Vornado Realty Trust,Real Estate,Office REITs,sp400
VNOM,Viper Energy,Energy,Oil & Gas Storage & Transportation,sp400
VNT,Vontier,Information Technology,Electronic Equipment & Instruments,sp400
VOYA,Voya Financial,Financials,Multi-Sector Holdings,sp400
VRRM,Verra Mobility Corporation,Industrials,Data Processing & Outsourced Services,sp600
VRSK,Verisk Analytics,Industrials,Research & Consulting Services,sp500
VRSN,Verisign,Information Technology,Internet Services & Infrastructure,sp500
VRT,Vertiv,Industrials,Electrical Components & Equipment,sp500
VRTS,"Virtus Investment Partners, Inc.",Financials,Asset Management & Custody Banks,sp600
VRTX,Vertex Pharmaceuticals,Health Care,Biotechnology,sp500
VSAT,"Viasat, Inc.",Information Technology,Communications Equipment,sp600
VSEC,VSE Corporation,Industrials,Aerospace & Defense,sp600
VSH,Vishay Intertechnology,Information Technology,Electronic Components,sp600
VSNT,"Versant Media Group, Inc.",Communication Services,Cable & Satellite,sp600
VST,Vistra Corp.,Utilities,Electric Utilities,sp500
VSTS,Vestis,Industrials,Diversified Support Services,sp600
VSXY,Victoria's Secret,Consumer Discretionary,Apparel Retail,sp600
VTOL,Bristow Group Inc.,Energy,Oil & Gas Equipment & Services,sp600
VTR,Ventas,Real Estate,Health Care REITs,sp500
VTRS,Viatris,Health Care,Pharmaceuticals,sp500
VVV,Valvoline,Consumer Discretionary,Automotive Retail,sp400
VVX,"V2X, Inc.",Industrials,Aerospace & Defense,sp600
VYX,NCR Voyix,Information Technology,IT Consulting & Other Services,sp600
VZ,Verizon,Communication Services,Integrated Telecommunication Services,sp500
WAB,Wabtec,Industrials,Construction Machinery & Heavy Transportation Equipment,sp500
WABC,Westamerica Bank,Financials,Regional Banks,sp600
WAFD,"WaFd, Inc.",Financials,Regional Banks,sp600
WAL,Western Alliance Bancorporation,Financials,Regional Banks,sp400
WAT,Waters Corporation,Health Care,Life Sciences Tools & Services,sp500
WAY,Waystar Holding Corp,Health Care,Health Care Technology,sp600
WBD,Warner Bros. Discovery,Communication Services,Broadcasting,sp500
WBS,Webster Bank,Financials,Regional Banks,sp400
WCC,WESCO International,Industrials,Trading Companies & Distributors,sp400
WD,"Walker & Dunlop, Inc.",Financials,Commercial & Residential Mortgage Finance,sp600
WDAY,"Workday, Inc.",Information Technology,Application Software,sp500
WDC,Western Digital,Information Technology,"Technology Hardware, Storage & Peripherals",sp500
WDFC,WD-40 Company,Consumer Staples,Household Products,sp600
WEC,WEC Energy Group,Utilities,Electric Utilities,sp500
WELL,Welltower,Real Estate,Health Care REITs,sp500
WEN,The Wendy's Company,Consumer Discretionary,Restaurants,sp600
WERN,Werner Enterprises,Industrials,Cargo Ground Transportation,sp600
WEX,WEX Inc.,Financials,Transaction & Payment Processing Services,sp400
WFC,Wells Fargo,Financials,Diversified Banks,sp500
WFRD,Weatherford International,Energy,Oil & Gas Equipment & Services,sp400
WGO,"Winnebago Industries, Inc.",Consumer Discretionary,Automobile Manufacturers,sp600
WH,Wyndham Hotels & Resorts,Consumer Discretionary,"Hotels, Resorts & Cruise Lines",sp400
WHD,"Cactus, Inc.",Energy,Oil & Gas Equipment & Services,sp600
WHR,Whirlpool Corporation,Consumer Discretionary,Household Appliances,sp400
WINA,Winmark,Consumer Discretionary,Other Specialty Retail,sp600
WING,Wingstop,Consumer Discretionary,Restaurants,sp400
WKC,World Kinect Corporation,Energy,Oil & Gas Refining & Marketing,sp600
WLK,Westlake Corporation,Materials,Specialty Chemicals,sp400
WLY,John Wiley & Sons,Communication Services,Publishing,sp600
WM,Waste Management,Industrials,Environmental & Facilities Services,sp500
WMB,Williams Companies,Energy,Oil & Gas Storage & Transportation,sp500
WMG,Warner Music Group,Communication Services,Movies & Entertainment,sp400
WMS,Advanced Drainage Systems,Industrials,Building Products,sp400
WMT,Walmart,Consumer Staples,Consumer Staples Merchandise Retail,sp500
WOR,Worthington Enterprises,Industrials,Building Products,sp600
WPC,W. P. Carey,Real Estate,Diversified REITs,sp400
WRB,W. R. Berkley Corporation,Financials,Property & Casualty Insurance,sp500
WRBY,Warby Parker,Consumer Discretionary,"Apparel, Accessories & Luxury Goods",sp600
WRLD,World Acceptance Corporation,Financials,Consumer Finance,sp600
WS,Worthington Steel,Materials,Steel,sp600
WSBC,WesBanco,Financials,Regional Banks,sp600
WSC,WillScot Holdings Corp.,Industrials,Office Services & Supplies,sp600
WSFS,WSFS Financial Corporation,Financials,Regional Banks,sp600
WSM,"Williams-Sonoma, Inc.",Consumer Discretionary,Homefurnishing Retail,sp500
WSO,Watsco,Industrials,Trading Companies & Distributors,sp400
WST,West Pharmaceutical Services,Health Care,Health Care Supplies,sp500
WT,"WisdomTree Investments, Inc.",Financials,Asset Management & Custody Banks,sp600
WTFC,Wintrust Financial,Financials,Regional Banks,sp400
WTRG,Essential Utilities,Utilities,Water Utilities,sp400
WTS,Watts Water Technologies,Industrials,Building Products,sp400
WTW,Willis Towers Watson,Financials,Insurance Brokers,sp500
WU,Western Union,Financials,Transaction & Payment Processing Services,sp600
WWD,"Woodward, Inc.",Industrials,Electrical Components & Equipment,sp400
WWW,"Wolverine World Wide, Inc.",Consumer Discretionary,Footwear,sp600
WY,Weyerhaeuser,Real Estate,Timber REITs,sp500
WYNN,Wynn Resorts,Consumer Discretionary,Casinos & Gaming,sp500
XEL,Xcel Energy,Utilities,Multi-Utilities,sp500
XHR,"Xenia Hotels & Resorts, Inc.",Real Estate,Hotel & Resort REITs,sp600
XNCR,Xencor Inc,Health Care,Biotechnology,sp600
XOM,ExxonMobil,Energy,Integrated Oil & Gas,sp500
XPEL,"XPEL, Inc.",Consumer Discretionary,Automotive Parts & Equipment,sp600
XPO,"XPO, Inc.",Industrials,Cargo Ground Transportation,sp400
XRAY,Dentsply Sirona,Health Care,Health Care Supplies,sp400
XYL,Xylem Inc.,Industrials,Industrial Machinery & Supplies & Components,sp500
XYZ,"Block, Inc.",Financials,Transaction & Payment Processing Services,sp500
YELP,"Yelp, Inc.",Communication Services,Interactive Media & Services,sp600
YETI,Yeti Holdings,Consumer Discretionary,Leisure Products,sp400
YOU,"Clear Secure, Inc.",Information Technology,Application Software,sp600
YUM,Yum! Brands,Consumer Discretionary,Restaurants,sp500
ZBH,Zimmer Biomet,Health Care,Health Care Equipment,sp500
ZBRA,Zebra Technologies,Information Technology,Electronic Equipment & Instruments,sp500
ZD,Ziff Davis,Communication Services,Advertising,sp600
ZION,Zions Bancorporation,Financials,Regional Banks,sp400
ZTS,Zoetis,Health Care,Pharmaceuticals,sp500
ZWS,Zurn Elkay Water Solutions Corp.,Industrials,Industrial Machinery & Supplies & Components,sp600
