ticker,name,sector,industry,price,market_cap,forward_eps,trailing_eps,forward_pe,trailing_pe,earnings_growth,shares,earnings_date,revenue,net_income,ebit,cash,debt,source,eps_basis,last_period_end,trailing_pe_exact,forward_source,forward_basis,earnings_date_basis,as_of
A,Agilent Technologies,Health Care,Life Sciences Tools & Services,148.4499969482422,41927021224.88611,4.092807424593968,4.2,36.2709459663789,35.34523736862909,-0.025522041763341163,282431944.0,2026-08-31,4472000000.0,644000000.0,752000000.0,1807000000.0,3051000000.0,edgar,4 quarterly filings,2026-04-30,True,extrapolated,"extrapolated realized TTM growth (not consensus, not guidance)","projected from 8 filings, 91d cadence",2026-08-18
AA,Alcoa,Materials,Aluminum,51.709999084472656,13646757159.333687,6.945,4.63,7.445644216626732,11.168466324940098,0.5,263909445.0,2026-10-29,7159000000.0,832000000.0,,1352000000.0,2439000000.0,edgar,4 quarterly filings,2026-06-30,True,extrapolated_clamped,realized TTM growth clamped to +50% before extrapolating (raw rate was distorted),"projected from 8 filings, 91d cadence",2026-08-18
AAL,American Airlines Group,Industrials,Passenger Airlines,14.43000030517578,9552226594.947195,0.2700000000000001,0.2700000000000001,53.444445574725094,53.444445574725094,,661969951.0,2026-10-22,30647000000.0,-311000000.0,405000000.0,1178000000.0,25254000000.0,edgar,4 quarterly filings,2026-06-30,True,flat,no growth signal; forward EPS held flat at trailing,"projected from 8 filings, 91d cadence",2026-08-18
AAMI,Acadian Asset Management Inc.,Financials,Asset Management & Custody Banks,92.98999786376952,3300226926.9049067,2.775515151515152,2.14,33.503689508957045,43.45327002979884,0.2969696969696971,35490128.0,2026-11-05,337800000.0,51600000.0,74300000.0,101400000.0,200000000.0,edgar,4 quarterly filings,2026-06-30,True,extrapolated,"extrapolated realized TTM growth (not consensus, not guidance)","projected from 8 filings, 91d cadence",2026-08-18
AAON,AAON,Industrials,Building Products,88.08999633789062,7263340757.555756,1.436116504854369,1.72,61.33903206329593,51.21511414993641,-0.16504854368932043,82453639.0,2026-11-09,,96474000.0,125943000.0,13000.0,,edgar,4 quarterly filings,2026-06-30,True,extrapolated,"extrapolated realized TTM growth (not consensus, not guidance)","projected from 8 filings, 91d cadence",2026-08-18
AAP,"Advance Auto Parts, Inc.",Consumer Discretionary,Automotive Retail,56.720001220703125,3420216073.6083984,1.53,1.02,37.07189622268178,55.60784433402267,0.5,60300000.0,2026-08-20,2614000000.0,24000000.0,69000000.0,2956000000.0,3412000000.0,edgar,4 quarterly filings,2026-04-25,True,extrapolated_clamped,realized TTM growth clamped to +50% before extrapolating (raw rate was distorted),"projected from 8 filings, 91d cadence",2026-08-18
AAPL,Apple Inc.,Information Technology,"Technology Hardware, Storage & Peripherals",305.5899963378906,4459835412754.517,10.20538681948424,8.44,29.943989556030818,36.20734553766477,0.20916905444126077,14594180000.0,2026-10-30,265595000000.0,101464000000.0,122432000000.0,39544000000.0,82300000000.0,edgar,4 quarterly filings,2026-06-27,True,extrapolated,"extrapolated realized TTM growth (not consensus, not guidance)","projected from 8 filings, 91d cadence",2026-08-18
AAT,American Assets Trust,Real Estate,Diversified REITs,22.649999618530277,1390504676.9812167,0.14500000000000002,0.29000000000000004,156.20689392089844,78.10344696044922,-0.5,61390936.0,2026-10-30,110592000.0,3148000.0,25832000.0,118340000.0,1700000000.0,edgar,4 quarterly filings,2026-03-31,True,extrapolated_clamped,realized TTM growth clamped to -50% before extrapolating (raw rate was distorted),"projected from 8 filings, 91d cadence",2026-08-18
ABBV,AbbVie,Health Care,Biotechnology,250.3300018310547,442362473189.7384,5.3100000000000005,3.54,47.14312652185587,70.71468978278381,0.5,1767117285.0,2026-11-02,31992000000.0,4308000000.0,10422000000.0,6569000000.0,64503000000.0,edgar,4 quarterly filings,2026-06-30,True,extrapolated_clamped,realized TTM growth clamped to +50% before extrapolating (raw rate was distorted),"projected from 8 filings, 91d cadence",2026-08-18
ABCB,Ameris Bancorp,Financials,Regional Banks,89.04000091552734,5975228621.998512,6.0061839530332675,5.54,14.82472092293477,16.072202331322625,0.08414872798434425,67107239.0,2026-11-06,,161938000.0,,243915000.0,,edgar,4 quarterly filings,2026-06-30,True,extrapolated,"extrapolated realized TTM growth (not consensus, not guidance)","projected from 8 filings, 91d cadence",2026-08-18
ABG,Asbury Automotive Group,Consumer Discretionary,Automotive Retail,208.5399932861328,3743692650.6532135,45.47785977859778,31.4,4.585527865677472,6.641401060067924,0.448339483394834,17951917.0,2026-10-31,8497600000.0,302400000.0,413400000.0,3500000.0,2228600000.0,edgar,4 quarterly filings,2026-06-30,True,extrapolated,"extrapolated realized TTM growth (not consensus, not guidance)","projected from 8 filings, 92d cadence",2026-08-18
ABM,"ABM Industries, Inc.",Industrials,Environmental & Facilities Services,47.720001220703125,2795481717.069916,3.415860465116279,2.71,13.970126036479856,17.608856539004844,0.2604651162790699,58580923.0,2026-09-04,4533500000.0,81800000.0,161600000.0,94900000.0,1821600000.0,edgar,4 quarterly filings,2026-04-30,True,extrapolated,"extrapolated realized TTM growth (not consensus, not guidance)","projected from 8 filings, 91d cadence",2026-08-18
ABNB,Airbnb,Consumer Discretionary,"Hotels, Resorts & Cruise Lines",179.2899932861328,107932575958.25195,6.515631868131869,4.87,27.516900419596297,36.81519369325109,0.33791208791208804,602000000.0,2026-11-05,6286000000.0,976000000.0,844000000.0,6821000000.0,2476000000.0,edgar,4 quarterly filings,2026-06-30,True,extrapolated,"extrapolated realized TTM growth (not consensus, not guidance)","projected from 8 filings, 91d cadence",2026-08-18
ABR,Arbor Realty Trust,Financials,Mortgage REITs,5.0,932790215.0,0.06,0.12,83.33333333333334,41.66666666666667,-0.5,186558043.0,2026-10-30,,15150204.0,176608000.0,287525000.0,11113779000.0,edgar,4 quarterly filings,2026-06-30,True,extrapolated_clamped,realized TTM growth clamped to -50% before extrapolating (raw rate was distorted),"projected from 8 filings, 91d cadence",2026-08-18
ABT,Abbott Laboratories,Health Care,Health Care Equipment,110.37000274658205,192243842572.76074,3.4445,3.32,32.042387210504295,33.24397673089821,0.03750000000000009,1741812429.0,2026-10-27,11164000000.0,1077000000.0,1345000000.0,6803000000.0,12929000000.0,edgar,4 quarterly filings,2026-03-31,True,extrapolated,"extrapolated realized TTM growth (not consensus, not guidance)","projected from 8 filings, 91d cadence",2026-08-18
ACA,"Arcosa, Inc.",Industrials,Construction & Engineering,145.00999450683594,7120978103.338242,15.21,10.14,9.533858941935302,14.300788412902952,0.5,49106809.0,2026-11-03,1230400000.0,366300000.0,131400000.0,432100000.0,,edgar,4 quarterly filings,2026-06-30,True,extrapolated_clamped,realized TTM growth clamped to +50% before extrapolating (raw rate was distorted),"projected from 8 filings, 90d cadence",2026-08-18
ACAD,Acadia Pharmaceuticals,Health Care,Pharmaceuticals,29.01000022888184,4998583116.617604,0.997377049180328,0.78,29.08629214269875,37.19230798574595,0.278688524590164,172305518.0,2026-11-04,726437000.0,35137000.0,33220000.0,384985000.0,,edgar,4 quarterly filings,2026-06-30,True,extrapolated,"extrapolated realized TTM growth (not consensus, not guidance)","projected from 8 filings, 91d cadence",2026-08-18
ACGL,Arch Capital Group,Financials,Property & Casualty Insurance,97.80999755859376,33375619980.981083,15.646091617933724,12.67,6.251401305005965,7.719810383472278,0.2348927875243665,341229126.0,2026-11-03,9189000000.0,2104000000.0,,1109000000.0,,edgar,4 quarterly filings,2026-06-30,True,extrapolated,"extrapolated realized TTM growth (not consensus, not guidance)","projected from 8 filings, 91d cadence",2026-08-18
ACHC,Acadia Healthcare,Health Care,Health Care Facilities,30.0,2766353310.0,1.305,0.87,22.98850574712644,34.48275862068966,0.5,92211777.0,2026-10-25,828802000.0,4105000.0,132849000.0,158472000.0,2526793000.0,edgar,4 quarterly filings,2026-03-31,True,extrapolated_clamped,realized TTM growth clamped to +50% before extrapolating (raw rate was distorted),"projected from 8 filings, 89d cadence",2026-08-18
ACI,Albertsons,Consumer Staples,Food Retail,12.199999809265137,5920973240.031472,1.038020304568528,1.43,11.75314177918349,8.531468398087508,-0.2741116751269036,485325683.0,2026-10-29,24941600000.0,84700000.0,263600000.0,293400000.0,10586400000.0,edgar,4 quarterly filings,2026-06-20,True,extrapolated,"extrapolated realized TTM growth (not consensus, not guidance)","projected from 8 filings, 93d cadence",2026-08-18
ACIW,ACI Worldwide,Information Technology,Application Software,52.130001068115234,5262796821.161831,1.8327272727272725,1.68,28.443948995499387,31.029762540544784,0.09090909090909083,100955241.0,2026-11-05,907278000.0,70104000.0,102139000.0,167398000.0,822177000.0,edgar,4 quarterly filings,2026-06-30,True,extrapolated,"extrapolated realized TTM growth (not consensus, not guidance)","projected from 8 filings, 91d cadence",2026-08-18
ACLS,"Axcelis Technologies, Inc.",Information Technology,Semiconductor Materials & Equipment,144.11000061035156,4450331398.638565,1.4899089253187612,2.86,96.72403336970392,50.38811210152153,-0.47905282331511845,30881489.0,2026-11-06,414131000.0,32505000.0,28231000.0,154996000.0,13651000.0,edgar,4 quarterly filings,2026-06-30,True,extrapolated,"extrapolated realized TTM growth (not consensus, not guidance)","projected from 8 filings, 92d cadence",2026-08-18
ACM,AECOM,Industrials,Construction & Engineering,62.220001220703125,8007491720.600128,1.5384337349397588,2.26,40.443731704270974,27.53097399146156,-0.319277108433735,128696425.0,2026-11-12,11218044000.0,167668000.0,393821000.0,1012932000.0,1130125000.0,edgar,4 quarterly filings,2026-06-30,True,extrapolated,"extrapolated realized TTM growth (not consensus, not guidance)","projected from 8 filings, 93d cadence",2026-08-18
ACMR,"ACM Research, Inc.",Information Technology,Semiconductor Materials & Equipment,85.63999938964844,1214091722.947235,3.6450000000000005,2.43,23.49519873515732,35.24279810273598,0.5,14176690.0,2026-11-06,49489000.0,106291000.0,85920000.0,969229000.0,233691000.0,edgar,4 quarterly filings,2026-06-30,True,extrapolated_clamped,realized TTM growth clamped to +50% before extrapolating (raw rate was distorted),"projected from 8 filings, 91d cadence",2026-08-18
ACN,Accenture,Information Technology,IT Consulting & Other Services,169.97999572753906,108280001265.51341,12.48012738853503,12.52,13.620052939819555,13.576676975043057,-0.0031847133757962887,637016143.0,2026-09-17,55504334000.0,6375789000.0,8542543000.0,10165245000.0,,edgar,4 quarterly filings,2026-05-31,True,extrapolated,"extrapolated realized TTM growth (not consensus, not guidance)","projected from 8 filings, 91d cadence",2026-08-18
ACT,"Enact Holdings, Inc.",Financials,Commercial & Residential Mortgage Finance,49.77999877929688,6843936974.553254,4.89309090909091,4.640000000000001,10.17352828798056,10.728448012779499,0.054545454545454675,137483671.0,2026-11-06,629377000.0,674244000.0,,448446000.0,745232000.0,edgar,4 quarterly filings,2026-06-30,True,extrapolated,"extrapolated realized TTM growth (not consensus, not guidance)","projected from 8 filings, 92d cadence",2026-08-18
ADAM,"Adamas Trust, Inc.",Real Estate,Mortgage REITs,10.119999885559082,909583424.0340748,1.19,1.19,8.50420158450343,8.50420158450343,,89879786.0,2026-10-30,,103781000.0,139789000.0,212307000.0,668321000.0,edgar,4 quarterly filings,2026-06-30,True,flat,no growth signal; forward EPS held flat at trailing,"projected from 8 filings, 91d cadence",2026-08-18
ADBE,Adobe Inc.,Information Technology,Application Software,254.0399932861328,100980897331.2378,22.586737254901955,16.97,11.247308117997388,14.969946569601227,0.3309803921568626,397500000.0,2026-09-12,13016000000.0,3601000000.0,4656000000.0,4919000000.0,4802000000.0,edgar,4 quarterly filings,2026-05-29,True,extrapolated,"extrapolated realized TTM growth (not consensus, not guidance)","projected from 8 filings, 89d cadence",2026-08-18
ADC,Agree Realty,Real Estate,Retail REITs,74.54000091552734,9271233881.27266,1.8505027932960894,1.82,40.28094482514006,40.95604445908096,0.016759776536312776,124379310.0,2026-10-29,405907000.0,116704000.0,193863000.0,12518000.0,1853777000.0,edgar,4 quarterly filings,2026-06-30,True,extrapolated,"extrapolated realized TTM growth (not consensus, not guidance)","projected from 8 filings, 91d cadence",2026-08-18
ADEA,"Adeia, Inc.",Information Technology,IT Consulting & Other Services,29.670000076293945,3272012058.9137077,0.8699999999999999,0.58,34.10344836355626,51.155172545334395,0.5,110280150.0,2026-11-04,200889000.0,40139000.0,60205000.0,72781000.0,386015000.0,edgar,4 quarterly filings,2026-06-30,True,extrapolated_clamped,realized TTM growth clamped to +50% before extrapolating (raw rate was distorted),"projected from 8 filings, 91d cadence",2026-08-18
ADI,Analog Devices,Information Technology,Semiconductors,390.2799987792969,190100329376.61133,9.405,6.27,41.49707589359882,62.24561384039823,0.5,487087040.0,2026-08-19,6200942000.0,2007176000.0,2376705000.0,2436916000.0,6517077000.0,edgar,4 quarterly filings,2026-05-02,True,extrapolated_clamped,realized TTM growth clamped to +50% before extrapolating (raw rate was distorted),"projected from 8 filings, 91d cadence",2026-08-18
ADIG,ADI Global Distribution,Information Technology,Electronic Equipment & Instruments,21.43000030517578,1627034156.3099213,,,,,,75923198.0,2026-11-12,2492000000.0,5000000.0,38000000.0,131000000.0,988000000.0,edgar,none,,False,flat,no growth signal; forward EPS held flat at trailing,"projected from 1 filings, 91d cadence",2026-08-18
ADM,Archer Daniels Midland,Consumer Staples,Agricultural Products & Services,81.29000091552734,39178494943.31718,3.273967213114755,3.16,24.82920433347604,25.72468383402764,0.03606557377049202,481959583.0,2026-11-03,43171000000.0,1206000000.0,,1060000000.0,7612000000.0,edgar,4 quarterly filings,2026-06-30,True,extrapolated,"extrapolated realized TTM growth (not consensus, not guidance)","projected from 8 filings, 91d cadence",2026-08-18
ADMA,"ADMA Biologics, Inc.",Health Care,Biotechnology,9.34000015258789,2092016945.3773499,0.8714893617021278,0.64,10.717285331338642,14.593750238418579,0.36170212765957466,223984680.0,2026-11-04,16048618.0,83150000.0,110719000.0,136020000.0,196589000.0,edgar,4 quarterly filings,2026-06-30,True,extrapolated,"extrapolated realized TTM growth (not consensus, not guidance)","projected from 8 filings, 91d cadence",2026-08-18
ADNT,Adient,Consumer Discretionary,Automotive Parts & Equipment,20.100000381469727,1549648362.6101456,0.81,0.81,24.814815285765093,24.814815285765093,,77096932.0,2026-11-04,17439000000.0,30000000.0,,924000000.0,1000000000.0,edgar,4 quarterly filings,2026-06-30,True,flat,no growth signal; forward EPS held flat at trailing,"projected from 8 filings, 91d cadence",2026-08-18
ADP,Automatic Data Processing,Industrials,Human Resource & Employment Services,266.0599975585937,105695722836.34026,13.752835051546395,11.55,19.345829173503933,23.035497624120666,0.1907216494845363,397262737.0,2026-11-04,21947400000.0,4413500000.0,,4230100000.0,35500000.0,edgar,4 quarterly filings,2026-03-31,True,extrapolated,"extrapolated realized TTM growth (not consensus, not guidance)","projected from 8 filings, 91d cadence",2026-08-18
ADSK,Autodesk,Information Technology,Application Software,241.63999938964844,50986039871.21582,7.621938144329898,6.08,31.703222305655803,39.74342095224481,0.2536082474226806,211000000.0,2026-08-28,1934000000.0,491000000.0,541000000.0,2671000000.0,2500000000.0,edgar,4 quarterly filings,2026-04-30,True,extrapolated,"extrapolated realized TTM growth (not consensus, not guidance)","projected from 8 filings, 91d cadence",2026-08-18
ADT,ADT Inc.,Consumer Discretionary,Specialized Consumer Services,7.179999828338623,5462432249.122693,-0.5800000000000001,-0.5800000000000001,-12.379310048859693,-12.379310048859693,,760784454.0,2026-10-31,2590814000.0,322224000.0,641310000.0,3875000.0,7775286000.0,edgar,4 quarterly filings,2019-12-31,True,flat,no growth signal; forward EPS held flat at trailing,"projected from 8 filings, 93d cadence",2026-08-18
ADUS,Addus HomeCare Corp.,Health Care,Health Care Services,114.9000015258789,2145677098.4947205,6.46284064665127,5.29,17.77856020408216,21.720227131546107,0.22170900692840645,18674300.0,2026-11-03,378315000.0,52676000.0,73014000.0,96954000.0,61597000.0,edgar,4 quarterly filings,2026-06-30,True,extrapolated,"extrapolated realized TTM growth (not consensus, not guidance)","projected from 8 filings, 91d cadence",2026-08-18
AEE,Ameren,Utilities,Multi-Utilities,109.47000122070312,30306031024.91342,7.0535805084745755,5.77,15.519777663156974,18.972270575511807,0.22245762711864403,276843251.0,2026-11-02,4268000000.0,523000000.0,991000000.0,12000000.0,19431000000.0,edgar,4 quarterly filings,2026-06-30,True,extrapolated,"extrapolated realized TTM growth (not consensus, not guidance)","projected from 8 filings, 91d cadence",2026-08-18
AEIS,Advanced Energy,Information Technology,Semiconductor Materials & Equipment,348.6300048828125,13962785790.018799,7.095000000000001,4.73,49.13742140702078,73.70613211053117,0.5,40050442.0,2026-11-02,453095000.0,49900000.0,163400000.0,1396500000.0,1264200000.0,edgar,4 quarterly filings,2026-06-30,True,extrapolated_clamped,realized TTM growth clamped to +50% before extrapolating (raw rate was distorted),"projected from 8 filings, 91d cadence",2026-08-18
AEO,American Eagle Outfitters,Consumer Discretionary,Apparel Retail,16.350000381469727,2739824058.4741535,0.38,0.76,43.02631679334139,21.513158396670693,-0.5,167573333.0,2026-09-02,1195285000.0,23525000.0,28226000.0,103286000.0,85000000.0,edgar,4 quarterly filings,2026-05-02,True,extrapolated_clamped,realized TTM growth clamped to -50% before extrapolating (raw rate was distorted),"projected from 8 filings, 91d cadence",2026-08-18
AEP,American Electric Power,Utilities,Electric Utilities,126.52999877929688,,,,,,,,,,,,,,edgar,no CIK,,False,flat,no growth signal; forward EPS held flat at trailing,no filing history,2026-08-18
AES,AES Corporation,Utilities,Independent Power Producers & Energy Traders,14.760000228881836,10530354342.093143,2.305310734463277,2.02,6.402607686776014,7.306930806377147,0.14124293785310726,713438630.0,2026-11-04,6602000000.0,913000000.0,,1800000000.0,,edgar,4 quarterly filings,2026-06-30,True,extrapolated,"extrapolated realized TTM growth (not consensus, not guidance)","projected from 8 filings, 92d cadence",2026-08-18
AESI,"Atlas Energy Solutions, Inc.",Energy,Oil & Gas Equipment & Services,12.81999969482422,1602544203.6719744,-0.405,-0.81,-31.654320234133877,-15.827160117066938,-0.5,125003451.0,2026-11-04,558761000.0,-72360000.0,-55023000.0,,604181000.0,edgar,4 quarterly filings,2026-06-30,True,extrapolated_clamped,realized TTM growth clamped to -50% before extrapolating (raw rate was distorted),"projected from 8 filings, 91d cadence",2026-08-18
AFG,American Financial Group,Financials,Multi-line Insurance,146.60000610351562,12156287421.712463,10.512249466950959,9.93,13.945636142331432,14.763344018480929,0.05863539445628985,82921466.0,2026-11-05,3884000000.0,439000000.0,555000000.0,1438000000.0,1821000000.0,edgar,4 quarterly filings,2026-06-30,True,extrapolated,"extrapolated realized TTM growth (not consensus, not guidance)","projected from 8 filings, 91d cadence",2026-08-18
AFL,Aflac,Financials,Life & Health Insurance,120.9800033569336,60652513875.01616,9.76565008025682,7.8,12.388320527838534,15.510256840632513,0.2520064205457462,501343298.0,2026-11-07,8463000000.0,1844000000.0,3571000000.0,6120000000.0,,edgar,4 quarterly filings,2026-06-30,True,extrapolated,"extrapolated realized TTM growth (not consensus, not guidance)","projected from 8 filings, 92d cadence",2026-08-18
AGCO,AGCO,Industrials,Agricultural & Farm Machinery,99.75,6985664967.75,10.15,10.15,9.827586206896552,9.827586206896552,,70031729.0,2026-10-29,4952600000.0,132200000.0,221400000.0,573400000.0,2639500000.0,edgar,4 quarterly filings,2026-06-30,True,flat,no growth signal; forward EPS held flat at trailing,"projected from 8 filings, 91d cadence",2026-08-18
AGNT,"eXp World Holdings, Inc.",Real Estate,Real Estate Services,4.25,710251232.25,-0.04,-0.04,-106.25,-106.25,,167117937.0,2026-11-04,157033632.0,-7791000.0,-7147000.0,111162000.0,20000.0,edgar,4 quarterly filings,2026-06-30,True,flat,no growth signal; forward EPS held flat at trailing,"projected from 8 filings, 92d cadence",2026-08-18
AGO,Assured Guaranty Ltd.,Financials,Property & Casualty Insurance,76.22000122070312,3352095287.4455566,5.015388496468214,7.05,15.197227747038237,10.811347690879876,-0.2885973763874874,43979208.0,2026-11-06,456000000.0,127000000.0,,,1706000000.0,edgar,4 quarterly filings,2026-06-30,True,extrapolated,"extrapolated realized TTM growth (not consensus, not guidance)","projected from 8 filings, 91d cadence",2026-08-18
AGX,"Argan, Inc.",Industrials,Construction & Engineering,589.27001953125,8261121953.503418,14.265,9.51,41.30879912592008,61.96319868888013,0.5,14019247.0,2026-09-03,290954000.0,46063000.0,45395000.0,355847000.0,,edgar,4 quarterly filings,2026-04-30,True,extrapolated_clamped,realized TTM growth clamped to +50% before extrapolating (raw rate was distorted),"projected from 8 filings, 91d cadence",2026-08-18
AGYS,"Agilysys, Inc.",Information Technology,Application Software,111.33000183105467,3140150429.68634,0.625,1.25,178.12800292968748,89.06400146484374,-0.5,28205788.0,2026-10-27,87677000.0,8992000.0,9738000.0,123709000.0,0.0,edgar,4 quarterly filings,2026-06-30,True,extrapolated_clamped,realized TTM growth clamped to -50% before extrapolating (raw rate was distorted),"projected from 8 filings, 92d cadence",2026-08-18
AHCO,AdaptHealth Corp.,Health Care,Health Care Equipment,5.809999942779541,792159770.9583225,-0.425,-0.85,-13.670588100657744,-6.835294050328872,-0.5,136344196.0,2026-11-03,1420180000.0,-149969000.0,-143223000.0,744766.0,1887934000.0,edgar,4 quarterly filings,2026-06-30,True,extrapolated_clamped,realized TTM growth clamped to -50% before extrapolating (raw rate was distorted),"projected from 8 filings, 91d cadence",2026-08-18
AHR,American Healthcare REIT,Real Estate,Health Care REITs,54.68000030517578,11920173083.527946,0.68,0.68,80.41176515467026,80.41176515467026,,217998775.0,2026-11-06,1325024000.0,54319000.0,262742000.0,156896000.0,,edgar,4 quarterly filings,2026-06-30,True,flat,no growth signal; forward EPS held flat at trailing,"projected from 8 filings, 91d cadence",2026-08-18
AIG,American International Group,Financials,Multi-line Insurance,75.80999755859375,39640529865.29535,6.1,6.1,12.427868452228484,12.427868452228484,,522893169.0,2026-11-06,13735000000.0,3096000000.0,,,9191000000.0,edgar,4 quarterly filings,2026-06-30,True,flat,no growth signal; forward EPS held flat at trailing,"projected from 8 filings, 91d cadence",2026-08-18
AIN,Albany International Corp.,Industrials,Industrial Machinery & Supplies & Components,63.880001068115234,1814192030.3344727,-0.9550000000000001,-1.9100000000000001,-66.89005347446621,-33.44502673723311,-0.5,28400000.0,2026-11-04,235764000.0,32695000.0,57511000.0,77349000.0,450669000.0,edgar,4 quarterly filings,2026-06-30,True,extrapolated_clamped,realized TTM growth clamped to -50% before extrapolating (raw rate was distorted),"projected from 8 filings, 92d cadence",2026-08-18
AIR,AAR Corp.,Industrials,Aerospace & Defense,153.7100067138672,6131872138.952759,4.965,3.31,30.958712329076977,46.43806849361546,0.5,39892472.0,2026-10-21,9800000.0,187700000.0,,84000000.0,722800000.0,edgar,4 quarterly filings,2026-02-28,True,extrapolated_clamped,realized TTM growth clamped to +50% before extrapolating (raw rate was distorted),"projected from 8 filings, 91d cadence",2026-08-18
AIT,Applied Industrial Technologies,Industrials,Trading Companies & Distributors,358.7799987792969,13166815510.881592,11.238701570680627,10.36,31.923616489228372,34.63127401344565,0.08481675392670152,36698856.0,2026-11-12,10528000.0,414525000.0,549469000.0,418716000.0,262300000.0,edgar,4 quarterly filings,2026-03-31,True,extrapolated,"extrapolated realized TTM growth (not consensus, not guidance)","projected from 8 filings, 91d cadence",2026-08-18
AIZ,Assurant,Financials,Multi-line Insurance,281.1099853515625,13865403418.853882,31.634999999999998,21.09,8.886043475630236,13.329065213445354,0.5,49323767.0,2026-11-05,6874300000.0,572700000.0,,1698700000.0,2207500000.0,edgar,4 quarterly filings,2026-06-30,True,extrapolated_clamped,realized TTM growth clamped to +50% before extrapolating (raw rate was distorted),"projected from 8 filings, 91d cadence",2026-08-18
AJG,Arthur J. Gallagher & Co.,Financials,Insurance Brokers,247.97000122070312,63554711312.86621,5.778633004926108,6.85,42.91153305795961,36.20000017820484,-0.15640394088669962,256300000.0,2026-11-05,1721400000.0,1146000000.0,,857600000.0,12873000000.0,edgar,4 quarterly filings,2026-06-30,True,extrapolated,"extrapolated realized TTM growth (not consensus, not guidance)","projected from 8 filings, 92d cadence",2026-08-18
AKAM,Akamai Technologies,Information Technology,Internet Services & Infrastructure,122.97000122070312,17672831584.165314,2.671324921135647,2.91,46.03333733300609,42.25773237824849,-0.08201892744479489,143716609.0,2026-11-06,668724000.0,185723000.0,194778000.0,1480257000.0,,edgar,4 quarterly filings,2026-06-30,True,extrapolated,"extrapolated realized TTM growth (not consensus, not guidance)","projected from 8 filings, 91d cadence",2026-08-18
AKR,Acadia Realty Trust,Real Estate,Retail REITs,20.81999969482422,2859267230.1293793,0.46499999999999997,0.31,44.774192892095094,67.16128933814264,0.5,137332722.0,2026-10-28,198415000.0,16896000.0,181185000.0,32960000.0,1637018000.0,edgar,4 quarterly filings,2026-06-30,True,extrapolated_clamped,realized TTM growth clamped to +50% before extrapolating (raw rate was distorted),"projected from 8 filings, 91d cadence",2026-08-18
ALB,Albemarle Corporation,Materials,Specialty Chemicals,133.99000549316406,15811498235.651138,3.98,3.98,33.66583052592062,33.66583052592062,,118005057.0,2026-11-05,3172044000.0,799050000.0,686450000.0,1631688000.0,1876784000.0,edgar,4 quarterly filings,2026-06-30,True,flat,no growth signal; forward EPS held flat at trailing,"projected from 8 filings, 92d cadence",2026-08-18
ALG,Alamo Group,Industrials,Construction Machinery & Heavy Transportation Equipment,161.8699951171875,1970114045.12146,9.329668008048289,9.629999999999999,17.35002735119293,16.808929918711062,-0.03118712273641855,12170965.0,2026-11-01,1603715000.0,60124000.0,87924000.0,194995000.0,150000000.0,edgar,4 quarterly filings,2026-06-30,True,extrapolated,"extrapolated realized TTM growth (not consensus, not guidance)","projected from 8 filings, 90d cadence",2026-08-18
ALGM,Allegro MicroSystems,Information Technology,Semiconductors,44.25,8248290535.5,0.07999999999999999,0.07999999999999999,553.1250000000001,553.1250000000001,,186402046.0,2026-10-30,259243000.0,15871000.0,25467000.0,162029000.0,281109000.0,edgar,4 quarterly filings,2026-06-26,True,flat,no growth signal; forward EPS held flat at trailing,"projected from 8 filings, 91d cadence",2026-08-18
ALGN,Align Technology,Health Care,Health Care Supplies,171.16000366210938,12159181328.475708,5.671475409836066,5.58,30.179096494937774,30.67383578174003,0.016393442622950838,71039852.0,2026-11-04,350836000.0,221065000.0,295968000.0,1102591000.0,,edgar,4 quarterly filings,2026-06-30,True,extrapolated,"extrapolated realized TTM growth (not consensus, not guidance)","projected from 8 filings, 91d cadence",2026-08-18
ALGT,Allegiant Travel Company,Industrials,Passenger Airlines,84.30000305175781,2304572829.9282074,-1.9700000000000002,-3.9400000000000004,-42.79187972170447,-21.395939860852234,-0.5,27337755.0,2026-11-10,1675921000.0,37618000.0,102218000.0,508684000.0,2779454000.0,edgar,4 quarterly filings,2026-06-30,True,extrapolated_clamped,realized TTM growth clamped to -50% before extrapolating (raw rate was distorted),"projected from 8 filings, 92d cadence",2026-08-18
ALHC,"Alignment Healthcare, Inc.",Health Care,Health Care Services,13.460000038146973,2792077113.453023,0.31,0.31,43.41935496176443,43.41935496176443,,207435149.0,2026-10-29,2570830000.0,47976000.0,57603000.0,693453000.0,324056000.0,edgar,4 quarterly filings,2026-06-30,True,flat,no growth signal; forward EPS held flat at trailing,"projected from 8 filings, 91d cadence",2026-08-18
ALK,Alaska Air Group,Industrials,Passenger Airlines,44.040000915527344,4915001506.975708,-0.16500000000000004,-0.33000000000000007,-266.90909645774144,-133.45454822887072,-0.5,111603120.0,2026-11-02,10426000000.0,-269000000.0,-447000000.0,1064000000.0,6048000000.0,edgar,4 quarterly filings,2026-06-30,True,extrapolated_clamped,realized TTM growth clamped to -50% before extrapolating (raw rate was distorted),"projected from 8 filings, 90d cadence",2026-08-18
ALKS,Alkermes plc,Health Care,Pharmaceuticals,49.84999847412109,8362998853.213561,0.305,0.61,163.442617947938,81.721308973969,-0.5,167763272.0,2026-10-27,888920000.0,-65979000.0,-29927000.0,511529000.0,1525000000.0,edgar,4 quarterly filings,2026-06-30,True,extrapolated_clamped,realized TTM growth clamped to -50% before extrapolating (raw rate was distorted),"projected from 8 filings, 91d cadence",2026-08-18
ALL,Allstate,Financials,Property & Casualty Insurance,258.1000061035156,65262638438.32245,75.12,50.08,3.435836076990357,5.153754115485536,0.5,252857950.0,2026-11-06,35537000000.0,5728000000.0,,,7492000000.0,edgar,4 quarterly filings,2026-06-30,True,extrapolated_clamped,realized TTM growth clamped to +50% before extrapolating (raw rate was distorted),"projected from 8 filings, 93d cadence",2026-08-18
ALLE,Allegion,Industrials,Building Products,162.10000610351562,13784463529.623352,8.77513081395349,7.7700000000000005,18.472659785966673,20.862291647814107,0.1293604651162792,85036786.0,2026-10-22,2185100000.0,643800000.0,450000000.0,356200000.0,2031100000.0,edgar,4 quarterly filings,2026-06-30,True,extrapolated,"extrapolated realized TTM growth (not consensus, not guidance)","projected from 8 filings, 91d cadence",2026-08-18
ALLY,Ally Financial,Financials,Consumer Finance,43.61000061035156,13266148797.398758,6.495,4.33,6.714395782964059,10.071593674446088,0.5,304199693.0,2026-10-19,4388000000.0,729000000.0,,7840000000.0,17053000000.0,edgar,4 quarterly filings,2026-06-30,True,extrapolated_clamped,realized TTM growth clamped to +50% before extrapolating (raw rate was distorted),"projected from 8 filings, 88d cadence",2026-08-18
ALRM,"Alarm.Com, Inc.",Financials,Application Software,55.0,2699962540.0,2.0982700421940925,2.23,26.212069416236,24.663677130044842,-0.05907172995780596,49090228.0,2026-11-05,542927000.0,30328000.0,64127000.0,479418000.0,110000000.0,edgar,4 quarterly filings,2026-06-30,True,extrapolated,"extrapolated realized TTM growth (not consensus, not guidance)","projected from 8 filings, 91d cadence",2026-08-18
ALSN,Allison Transmission,Industrials,Construction Machinery & Heavy Transportation Equipment,127.11000061035156,10496494460.581635,6.419695193434936,7.4,19.80000557352627,17.177027109506966,-0.13247362250879235,82578038.0,2026-11-04,2972000000.0,293000000.0,486000000.0,399000000.0,2909000000.0,edgar,4 quarterly filings,2026-06-30,True,extrapolated,"extrapolated realized TTM growth (not consensus, not guidance)","projected from 8 filings, 91d cadence",2026-08-18
ALV,Autoliv,Consumer Discretionary,Automotive Parts & Equipment,120.76000213623048,8844126481.371576,8.274106891701827,7.67,14.594928941193851,15.744459209417274,0.07876230661040773,73237217.0,2026-10-16,5556000000.0,242000000.0,429000000.0,377000000.0,1341400000.0,edgar,4 quarterly filings,2026-06-30,True,extrapolated,"extrapolated realized TTM growth (not consensus, not guidance)","projected from 8 filings, 91d cadence",2026-08-18
AM,Antero Midstream,Energy,Oil & Gas Storage & Transportation,22.149999618530277,10514028918.92624,1.153058823529412,0.99,19.209774181971977,22.37373698841442,0.16470588235294126,474674000.0,2026-10-28,641455000.0,-210555000.0,370520000.0,180435000.0,3566179000.0,edgar,4 quarterly filings,2026-06-30,True,extrapolated,"extrapolated realized TTM growth (not consensus, not guidance)","projected from 8 filings, 91d cadence",2026-08-18
AMAT,Applied Materials,Information Technology,Semiconductor Materials & Equipment,535.3099975585938,425014420534.9225,14.90715181932246,10.9,35.909609296708965,49.1110089503297,0.36762860727728985,793959430.0,2026-08-20,5162000000.0,4832000000.0,4354000000.0,6301000000.0,5448000000.0,edgar,4 quarterly filings,2026-04-26,True,extrapolated,"extrapolated realized TTM growth (not consensus, not guidance)","projected from 8 filings, 91d cadence",2026-08-18
AMCR,Amcor,Materials,Paper & Plastic Packaging Products & Materials,45.52999877929688,21050598701.313175,2.6595000000000004,1.7730000000000001,17.119758894264663,25.679638341397,0.5,462345690.0,2026-11-13,5082000000.0,1106000000.0,1899000000.0,1115000000.0,5314400000.0,edgar,4 quarterly filings,2026-03-31,True,extrapolated_clamped,realized TTM growth clamped to +50% before extrapolating (raw rate was distorted),"projected from 8 filings, 91d cadence",2026-08-18
AMD,Advanced Micro Devices,Information Technology,Semiconductors,506.0,826032371252.0,5.265,3.51,96.10636277302945,144.15954415954417,0.5,1632475042.0,2026-11-04,3913000000.0,3680000000.0,3466000000.0,5086000000.0,1000000.0,edgar,4 quarterly filings,2026-06-27,True,extrapolated_clamped,realized TTM growth clamped to +50% before extrapolating (raw rate was distorted),"projected from 8 filings, 91d cadence",2026-08-18
AME,Ametek,Industrials,Electrical Components & Equipment,254.1699981689453,58271329967.690125,7.673979238754325,6.66,33.12101717520457,38.16366338873053,0.15224913494809678,229261244.0,2026-11-04,3972834000.0,806253000.0,1043129000.0,495446000.0,2283309000.0,edgar,4 quarterly filings,2026-06-30,True,extrapolated,"extrapolated realized TTM growth (not consensus, not guidance)","projected from 8 filings, 92d cadence",2026-08-18
AMG,Affiliated Managers Group,Financials,Asset Management & Custody Banks,371.3999938964844,9604378958.363495,30.69,20.46,12.10166158020477,18.152492370307154,0.5,25859933.0,2026-11-06,1185600000.0,296300000.0,1107900000.0,411000000.0,3004000000.0,edgar,4 quarterly filings,2026-06-30,True,extrapolated_clamped,realized TTM growth clamped to +50% before extrapolating (raw rate was distorted),"projected from 8 filings, 91d cadence",2026-08-18
AMGN,Amgen,Health Care,Biotechnology,419.3800048828125,226730252896.7047,24.435,16.29,17.1630859375,25.74462890625,0.5,540632005.0,2026-11-04,12427000000.0,4194000000.0,6180000000.0,13989000000.0,57304000000.0,edgar,4 quarterly filings,2026-06-30,True,extrapolated_clamped,realized TTM growth clamped to +50% before extrapolating (raw rate was distorted),"projected from 8 filings, 91d cadence",2026-08-18
AMH,American Homes 4 Rent,Real Estate,Single-Family Residential REITs,33.630001068115234,12195696382.364891,1.3943809523809523,1.21,24.118230395137626,27.79338931249193,0.15238095238095228,362643354.0,2026-10-30,1182836000.0,,,83670000.0,5130117000.0,edgar,4 quarterly filings,2026-06-30,True,extrapolated,"extrapolated realized TTM growth (not consensus, not guidance)","projected from 8 filings, 91d cadence",2026-08-18
AMKR,Amkor Technology,Information Technology,Semiconductors,61.29999923706055,15194585164.288277,0.8587662337662336,1.15,71.38147359173782,53.30434716266135,-0.2532467532467533,247872518.0,2026-10-27,4413685000.0,83351000.0,100287000.0,1121183000.0,1131465000.0,edgar,4 quarterly filings,2026-03-31,True,extrapolated,"extrapolated realized TTM growth (not consensus, not guidance)","projected from 8 filings, 91d cadence",2026-08-18
AMN,"Amn Healthcare Services, Inc.",Health Care,Health Care Services,34.540000915527344,1337733924.5983658,-0.06999999999999995,-0.1399999999999999,-493.4285845075338,-246.7142922537669,-0.5,38729991.0,2026-11-06,522489000.0,83326000.0,144079000.0,361836000.0,767053000.0,edgar,4 quarterly filings,2026-06-30,True,extrapolated_clamped,realized TTM growth clamped to -50% before extrapolating (raw rate was distorted),"projected from 8 filings, 91d cadence",2026-08-18
AMP,Ameriprise Financial,Financials,Asset Management & Custody Banks,561.6300048828125,49610586218.284546,61.48210526315789,41.72,9.134853181733186,13.461888899396273,0.4736842105263157,88333219.0,2026-11-03,9899000000.0,2028000000.0,,2318000000.0,2684000000.0,edgar,4 quarterly filings,2026-06-30,True,extrapolated,"extrapolated realized TTM growth (not consensus, not guidance)","projected from 8 filings, 91d cadence",2026-08-18
AMPH,"Amphstar Pharmaceuticals, Inc.",Health Care,Pharmaceuticals,20.86000061035156,887341537.8031005,1.1704593639575973,1.82,17.822063074295045,11.46153879689646,-0.3568904593639576,42537944.0,2026-11-05,355074000.0,36768000.0,53359000.0,223614000.0,40295000.0,edgar,4 quarterly filings,2026-06-30,True,extrapolated,"extrapolated realized TTM growth (not consensus, not guidance)","projected from 8 filings, 91d cadence",2026-08-18
AMR,"Alpha Metallurgical Resources, Inc.",Materials,Steel,169.00999450683594,2142885325.8019257,-1.31,-2.62,-129.0152629823175,-64.50763149115875,-0.5,12679045.0,2026-11-06,1017843000.0,-23284000.0,-20932000.0,307595000.0,3030000.0,edgar,4 quarterly filings,2026-06-30,True,extrapolated_clamped,realized TTM growth clamped to -50% before extrapolating (raw rate was distorted),"projected from 8 filings, 91d cadence",2026-08-18
AMRX,Amneal Pharmaceuticals,Health Care,Pharmaceuticals,18.420000076293945,5882499212.34477,0.45,0.45,40.933333502875435,40.933333502875435,,319353919.0,2026-11-05,1518716000.0,119918000.0,271541000.0,127637000.0,2570296000.0,edgar,4 quarterly filings,2026-06-30,True,flat,no growth signal; forward EPS held flat at trailing,"projected from 8 filings, 91d cadence",2026-08-18
AMSF,"Amerisafe, Inc.",Financials,Property & Casualty Insurance,26.40999984741211,489537288.951622,2.650037453183521,2.66,9.965896827490294,9.928571371207559,-0.0037453183520598232,18536058.0,2026-10-22,172061000.0,22740000.0,,65476000.0,,edgar,4 quarterly filings,2026-06-30,True,extrapolated,"extrapolated realized TTM growth (not consensus, not guidance)","projected from 8 filings, 91d cadence",2026-08-18
AMT,American Tower,Real Estate,Telecom Tower REITs,172.22999572753906,80240761283.36006,6.243326403326404,5.48,27.58625524300252,31.428831337142164,0.13929313929313936,465893069.0,2026-10-27,2737500000.0,2449600000.0,1239200000.0,1608800000.0,38901800000.0,edgar,4 quarterly filings,2026-03-31,True,extrapolated,"extrapolated realized TTM growth (not consensus, not guidance)","projected from 8 filings, 91d cadence",2026-08-18
AMTM,Amentum,Industrials,Diversified Support Services,20.43000030517578,4995266092.207436,0.71,0.71,28.77464831714899,28.77464831714899,,244506413.0,2026-11-11,10205000000.0,164000000.0,461000000.0,459000000.0,3825000000.0,edgar,4 quarterly filings,2026-07-03,True,flat,no growth signal; forward EPS held flat at trailing,"projected from 8 filings, 92d cadence",2026-08-18
AMZN,Amazon,Consumer Discretionary,Broadline Retail,261.3099975585937,2818571573165.546,18.240000000000002,12.16,14.326206006501845,21.48930900975277,0.5,10786313572.0,2026-10-30,382125000000.0,135281000000.0,51313000000.0,78213000000.0,132995000000.0,edgar,4 quarterly filings,2026-06-30,True,extrapolated_clamped,realized TTM growth clamped to +50% before extrapolating (raw rate was distorted),"projected from 8 filings, 91d cadence",2026-08-18
AN,AutoNation,Consumer Discretionary,Automotive Retail,204.9600067138672,6776143019.725861,21.893880597014924,19.15,9.361520257026159,10.702872413256774,0.14328358208955216,33060806.0,2026-11-01,13481900000.0,387500000.0,633300000.0,53300000.0,1487400000.0,edgar,4 quarterly filings,2026-06-30,True,extrapolated,"extrapolated realized TTM growth (not consensus, not guidance)","projected from 8 filings, 93d cadence",2026-08-18
ANDE,"The Andersons, Inc.",Consumer Staples,Food Distributors,68.87999725341797,2340237168.28331,5.16,3.44,13.348836677018985,20.02325501552848,0.5,33975570.0,2026-11-03,5724926000.0,89751000.0,113674000.0,98283000.0,560016000.0,edgar,4 quarterly filings,2026-06-30,True,extrapolated_clamped,realized TTM growth clamped to +50% before extrapolating (raw rate was distorted),"projected from 8 filings, 91d cadence",2026-08-18
ANET,Arista Networks,Information Technology,Communications Equipment,201.8000030517578,254515137815.35217,4.345714285714286,3.12,46.43655560033874,64.67948815761468,0.3928571428571428,1261224648.0,2026-11-04,5744700000.0,2235800000.0,2535800000.0,2290200000.0,0.0,edgar,4 quarterly filings,2026-06-30,True,extrapolated,"extrapolated realized TTM growth (not consensus, not guidance)","projected from 8 filings, 91d cadence",2026-08-18
ANF,Abercrombie & Fitch,Consumer Discretionary,Apparel Retail,105.16000366210938,4672438786.313782,7.7356633221850615,8.33,13.59418052237636,12.624250139508929,-0.07134894091415833,44431710.0,2026-09-04,1113821000.0,67134000.0,88797000.0,594080000.0,250142000.0,edgar,4 quarterly filings,2026-05-02,True,extrapolated,"extrapolated realized TTM growth (not consensus, not guidance)","projected from 8 filings, 91d cadence",2026-08-18
ANIP,"ANI Pharmaceuticals, Inc.",Health Care,Pharmaceuticals,76.0,1856090240.0,5.7299999999999995,3.82,13.263525305410123,19.895287958115183,0.5,24422240.0,2026-11-06,49774000.0,54203000.0,79348000.0,360212000.0,134100000.0,edgar,4 quarterly filings,2026-06-30,True,extrapolated_clamped,realized TTM growth clamped to +50% before extrapolating (raw rate was distorted),"projected from 8 filings, 91d cadence",2026-08-18
AON,Aon plc,Financials,Insurance Brokers,347.2200012207031,73654193452.42218,12.199884141926143,12.98,28.46092611875274,26.75038530205725,-0.060101375814626934,212125434.0,2026-10-29,3219000000.0,1763000000.0,2630000000.0,1062000000.0,15249000000.0,edgar,4 quarterly filings,2026-06-30,True,extrapolated,"extrapolated realized TTM growth (not consensus, not guidance)","projected from 8 filings, 92d cadence",2026-08-18
AORT,Artivion,Health Care,Health Care Equipment,28.31999969482422,1380776163.8407822,-0.04500000000000001,-0.09000000000000002,-629.3333265516492,-314.6666632758246,-0.5,48756221.0,2026-11-06,77213000.0,-12093000.0,-2577000.0,77316000.0,363423000.0,edgar,4 quarterly filings,2026-06-30,True,extrapolated_clamped,realized TTM growth clamped to -50% before extrapolating (raw rate was distorted),"projected from 8 filings, 91d cadence",2026-08-18
AOS,A. O. Smith,Industrials,Building Products,61.400001525878906,4649956458.758148,3.710939947780679,3.77,16.545673707977695,16.28647255328353,-0.015665796344647487,75732188.0,2026-10-31,1949900000.0,242900000.0,327900000.0,181300000.0,155000000.0,edgar,4 quarterly filings,2026-06-30,True,extrapolated,"extrapolated realized TTM growth (not consensus, not guidance)","projected from 8 filings, 93d cadence",2026-08-18
AOSL,"Alpha and Omega Semiconductor, Ltd.",Information Technology,Semiconductors,31.06999969482422,929911979.3262177,-1.35,-1.35,-23.01481458875868,-23.01481458875868,,29929578.0,2026-11-04,84121000.0,-29202000.0,-32207000.0,190253000.0,14872000.0,edgar,4 quarterly filings,2026-03-31,True,flat,no growth signal; forward EPS held flat at trailing,"projected from 8 filings, 91d cadence",2026-08-18
APA,APA Corporation,Energy,Oil & Gas Exploration & Production,41.58000183105469,14567616427.312775,8.415,5.609999999999999,4.9411766881823755,7.411765032273563,0.5,350351510.0,2026-11-05,,1193000000.0,2335000000.0,444000000.0,8715000000.0,edgar,4 quarterly filings,2026-06-30,True,extrapolated_clamped,realized TTM growth clamped to +50% before extrapolating (raw rate was distorted),"projected from 8 filings, 91d cadence",2026-08-18
APAM,"Artisan Partners Asset Management, Inc.",Financials,Asset Management & Custody Banks,41.47999954223633,3362652195.730549,4.007908309455588,3.74,10.34953804815728,11.090908968512387,0.07163323782234965,81066833.0,2026-10-30,610921000.0,138869000.0,178830000.0,170749000.0,190000000.0,edgar,4 quarterly filings,2026-06-30,True,extrapolated,"extrapolated realized TTM growth (not consensus, not guidance)","projected from 8 filings, 91d cadence",2026-08-18
APD,Air Products,Materials,Industrial Gases,300.8599853515625,66997165293.80493,4.44,2.9600000000000004,67.76125796206362,101.64188694309543,0.5,222685530.0,2026-10-29,9435300000.0,-52200000.0,-609900000.0,980500000.0,5289400000.0,edgar,4 quarterly filings,2026-06-30,True,extrapolated_clamped,realized TTM growth clamped to +50% before extrapolating (raw rate was distorted),"projected from 8 filings, 91d cadence",2026-08-18
APG,APi Group,Industrials,Construction & Engineering,44.720001220703125,19326209009.379425,0.68,0.68,65.76470767750459,65.76470767750459,,432160297.0,2026-10-29,2705000000.0,156000000.0,278000000.0,851000000.0,3523000000.0,edgar,4 quarterly filings,2026-06-30,True,flat,no growth signal; forward EPS held flat at trailing,"projected from 8 filings, 91d cadence",2026-08-18
APH,Amphenol,Information Technology,Electronic Components,170.8699951171875,210679877277.16296,5.88,3.92,29.05952297911352,43.58928446867028,0.5,1232983457.0,2026-11-01,3848300000.0,2702200000.0,4416400000.0,4729400000.0,3239300000.0,edgar,4 quarterly filings,2026-06-30,True,extrapolated_clamped,realized TTM growth clamped to +50% before extrapolating (raw rate was distorted),"projected from 8 filings, 93d cadence",2026-08-18
APLE,"Apple Hospitality REIT, Inc.",Real Estate,Hotel & Resort REITs,15.90999984741211,3756075689.156639,0.8701123595505618,0.88,18.284994659345013,18.079545281150125,-0.011235955056179803,236082698.0,2026-11-04,298389000.0,94776000.0,136167000.0,10154000.0,1502257000.0,edgar,4 quarterly filings,2026-06-30,True,extrapolated,"extrapolated realized TTM growth (not consensus, not guidance)","projected from 8 filings, 91d cadence",2026-08-18
APO,Apollo Global Management,Financials,Asset Management & Custody Banks,134.5399932861328,79451672647.03166,1.3249999999999997,2.6499999999999995,101.53961757443987,50.76980878721994,-0.5,590543159.0,2026-11-10,16212000000.0,-545000000.0,,12070000000.0,13727000000.0,edgar,4 quarterly filings,2026-06-30,True,extrapolated_clamped,realized TTM growth clamped to -50% before extrapolating (raw rate was distorted),"projected from 8 filings, 92d cadence",2026-08-18
APOG,"Apogee Enterprises, Inc.",Industrials,Building Products,42.18000030517578,880224647.2884979,1.1400000000000001,2.2800000000000002,37.00000026769805,18.500000133849024,-0.5,20868294.0,2026-09-29,1404733000.0,11535000.0,18839000.0,26434000.0,232279000.0,edgar,4 quarterly filings,2026-05-30,True,extrapolated_clamped,realized TTM growth clamped to -50% before extrapolating (raw rate was distorted),"projected from 8 filings, 91d cadence",2026-08-18
APP,AppLovin,Communication Services,Advertising,311.9800109863281,104604089863.61694,18.240000000000002,12.16,17.104167268987286,25.65625090348093,0.5,335291000.0,2026-11-04,5480717000.0,2472151000.0,2934210000.0,3053306000.0,3512987000.0,edgar,4 quarterly filings,2026-06-30,True,extrapolated_clamped,realized TTM growth clamped to +50% before extrapolating (raw rate was distorted),"projected from 8 filings, 91d cadence",2026-08-18
APPF,AppFolio,Information Technology,Application Software,195.96499633789065,6983212644.500733,5.0367127071823194,4.27,38.90732065349803,45.89344176531397,0.1795580110497237,35635000.0,2026-10-20,543338000.0,83968000.0,103725000.0,217401000.0,47375000.0,edgar,4 quarterly filings,2026-06-30,True,extrapolated,"extrapolated realized TTM growth (not consensus, not guidance)","projected from 8 filings, 89d cadence",2026-08-18
APTV,Aptiv,Consumer Discretionary,Automotive Parts & Equipment,50.040000915527344,10389972073.333992,0.53,1.06,94.41509606703272,47.20754803351636,-0.5,207633331.0,2026-11-04,6306000000.0,437000000.0,641000000.0,761000000.0,7653000000.0,edgar,4 quarterly filings,2026-06-30,True,extrapolated_clamped,realized TTM growth clamped to -50% before extrapolating (raw rate was distorted),"projected from 8 filings, 92d cadence",2026-08-18
AR,Antero Resources,Energy,Oil & Gas Exploration & Production,36.400001525878906,11190780069.114685,5.04,3.36,7.222222524975973,10.83333378746396,0.5,307439000.0,2026-10-28,3504968000.0,399171000.0,1104911000.0,4541000.0,2432258000.0,edgar,4 quarterly filings,2026-06-30,True,extrapolated_clamped,realized TTM growth clamped to +50% before extrapolating (raw rate was distorted),"projected from 8 filings, 91d cadence",2026-08-18
ARCB,ArcBest Corp.,Industrials,Cargo Ground Transportation,145.8699951171875,3260391898.8425293,1.085,2.17,134.44239181307603,67.22119590653801,-0.5,22351354.0,2026-10-29,434931000.0,-14861000.0,-17193000.0,145851000.0,214100000.0,edgar,4 quarterly filings,2026-06-30,True,extrapolated_clamped,realized TTM growth clamped to -50% before extrapolating (raw rate was distorted),"projected from 8 filings, 91d cadence",2026-08-18
ARE,Alexandria Real Estate Equities,Real Estate,Office REITs,46.93999862670898,8179180696.507377,-0.1749999999999999,-0.3499999999999998,-268.2285635811943,-134.11428179059715,-0.5,174247570.0,2026-11-05,,288870000.0,,470449000.0,12812874000.0,edgar,4 quarterly filings,2026-06-30,True,extrapolated_clamped,realized TTM growth clamped to -50% before extrapolating (raw rate was distorted),"projected from 8 filings, 94d cadence",2026-08-18
ARES,Ares Management,Financials,Asset Management & Custody Banks,141.33999633789062,14605003581.705383,,,,,,103332418.0,2026-11-06,2592518000.0,293224000.0,,152203000.0,202869000.0,edgar,none,,False,flat,no growth signal; forward EPS held flat at trailing,"projected from 8 filings, 91d cadence",2026-08-18
ARLO,Arlo Technologies,Information Technology,Communications Equipment,13.710000038146973,1475378401.9451218,0.25,0.25,54.84000015258789,54.84000015258789,,107613304.0,2026-11-05,211586000.0,17905000.0,10014000.0,101382000.0,,edgar,4 quarterly filings,2026-06-28,True,flat,no growth signal; forward EPS held flat at trailing,"projected from 8 filings, 91d cadence",2026-08-18
ARMK,Aramark,Consumer Discretionary,Distributors,61.79999923706055,16292027518.070053,1.8047115384615386,1.37,34.24369929487078,45.109488494204776,0.3173076923076923,263625044.0,2026-11-12,,295769000.0,652884000.0,499425000.0,,edgar,4 quarterly filings,2026-07-03,True,extrapolated,"extrapolated realized TTM growth (not consensus, not guidance)","projected from 8 filings, 93d cadence",2026-08-18
AROC,"Archrock, Inc.",Energy,Oil & Gas Equipment & Services,34.619998931884766,6070207777.418613,2.184090909090909,1.55,15.850988064546614,22.33548318186114,0.40909090909090895,175338185.0,2026-11-04,745005000.0,140514000.0,,2000000.0,393000000.0,edgar,4 quarterly filings,2026-06-30,True,extrapolated,"extrapolated realized TTM growth (not consensus, not guidance)","projected from 8 filings, 91d cadence",2026-08-18
ARR,Armour Residential REIT,Real Estate,Mortgage REITs,16.459999084472656,2329963007.564316,1.1755555555555557,0.92,14.001889580364262,17.891303352687668,0.2777777777777779,141553046.0,2026-10-21,4834968.0,59965000.0,,83679000.0,,edgar,4 quarterly filings,2026-06-30,True,extrapolated,"extrapolated realized TTM growth (not consensus, not guidance)","projected from 8 filings, 91d cadence",2026-08-18
ARW,Arrow Electronics,Information Technology,Technology Distributors,220.3600006103516,11217519043.350206,23.235,15.489999999999998,9.483968177764218,14.225952266646328,0.5,50905423.0,2026-11-07,19465785000.0,507817000.0,738935000.0,244631000.0,2053041000.0,edgar,4 quarterly filings,2026-07-04,True,extrapolated_clamped,realized TTM growth clamped to +50% before extrapolating (raw rate was distorted),"projected from 8 filings, 93d cadence",2026-08-18
ARWR,Arrowhead Pharmaceuticals,Health Care,Biotechnology,88.69999694824219,12529270791.825577,-3.33,-3.33,-26.63663572019285,-26.63663572019285,,141254467.0,2026-11-02,16142321.0,-296205000.0,-270544000.0,69400000.0,,edgar,4 quarterly filings,2026-06-30,True,flat,no growth signal; forward EPS held flat at trailing,"projected from 8 filings, 90d cadence",2026-08-18
ASB,Associated Bank,Financials,Regional Banks,32.060001373291016,6054520326.88554,3.047344398340249,2.71,10.520636062911908,11.830258809332479,0.12448132780082988,188849659.0,2026-11-05,974325000.0,243200000.0,,646343000.0,591080000.0,edgar,4 quarterly filings,2026-06-30,True,extrapolated,"extrapolated realized TTM growth (not consensus, not guidance)","projected from 8 filings, 93d cadence",2026-08-18
ASH,Ashland Global,Materials,Diversified Chemicals,74.16999816894531,3396494169.049835,-15.780000000000001,-15.780000000000001,-4.700253369388169,-4.700253369388169,,45793370.0,2026-10-28,1365000000.0,505000000.0,76000000.0,440000000.0,1374000000.0,edgar,4 quarterly filings,2026-06-30,True,flat,no growth signal; forward EPS held flat at trailing,"projected from 8 filings, 91d cadence",2026-08-18
ASO,Academy Sports + Outdoors,Consumer Discretionary,Specialty Stores,46.09999847412109,2859046808.4674754,3.324852686308492,4.38,13.865275494447502,10.525113806876961,-0.2409012131715771,62018371.0,2026-09-09,1442003000.0,52703000.0,74655000.0,337810000.0,480320000.0,edgar,4 quarterly filings,2026-05-02,True,extrapolated,"extrapolated realized TTM growth (not consensus, not guidance)","projected from 8 filings, 91d cadence",2026-08-18
ASTE,"Astec Industries, Inc.",Industrials,Construction Machinery & Heavy Transportation Equipment,43.25,995847122.75,1.05,1.05,41.19047619047619,41.19047619047619,,23025367.0,2026-11-04,27570000.0,11800000.0,29400000.0,76800000.0,365400000.0,edgar,4 quarterly filings,2026-06-30,True,flat,no growth signal; forward EPS held flat at trailing,"projected from 8 filings, 91d cadence",2026-08-18
ASTH,"Astrana Health, Inc.",Health Care,Health Care Facilities,39.75,2215552428.0,0.6712711864406778,0.89,59.21600807978792,44.662921348314605,-0.2457627118644069,55737168.0,2026-11-10,95757171.0,34175000.0,62849000.0,400792000.0,226051000.0,edgar,4 quarterly filings,2026-06-30,True,extrapolated,"extrapolated realized TTM growth (not consensus, not guidance)","projected from 8 filings, 92d cadence",2026-08-18
ATEN,"A10 Networks, Inc.",Information Technology,Systems Software,27.350000381469727,1985856752.0481434,0.6428571428571429,0.6000000000000001,42.5444450378418,45.583333969116204,0.0714285714285714,72609021.0,2026-11-06,235429000.0,20914000.0,22023000.0,54679000.0,,edgar,4 quarterly filings,2026-06-30,True,extrapolated,"extrapolated realized TTM growth (not consensus, not guidance)","projected from 8 filings, 92d cadence",2026-08-18
ATI,ATI Inc.,Industrials,Aerospace & Defense,231.77999877929688,31561571205.516388,5.13,3.42,45.18128631175378,67.77192946763067,0.5,136170383.0,2026-11-07,987300000.0,269200000.0,383800000.0,783000000.0,,edgar,4 quarterly filings,2026-06-28,True,extrapolated,"extrapolated realized TTM growth (not consensus, not guidance)","projected from 8 filings, 93d cadence",2026-08-18
ATMU,Atmus Filtration Technologies Inc.,Industrials,Industrial Machinery & Supplies & Components,51.130001068115234,4171979382.6634254,3.3314977973568283,2.75,15.34745156028054,18.592727661132812,0.21145374449339216,81595527.0,2026-11-06,1005400000.0,112300000.0,173500000.0,259000000.0,1000000000.0,edgar,4 quarterly filings,2026-06-30,True,extrapolated,"extrapolated realized TTM growth (not consensus, not guidance)","projected from 8 filings, 91d cadence",2026-08-18
ATO,Atmos Energy,Utilities,Gas Utilities,169.89999389648438,28711154123.275726,7.861806311207835,8.5,21.610808912231022,19.988234576056986,-0.07508161044613704,168988553.0,2026-11-04,4184046000.0,1227552000.0,1599982000.0,520953000.0,3529452000.0,edgar,4 quarterly filings,2026-06-30,True,extrapolated,"extrapolated realized TTM growth (not consensus, not guidance)","projected from 8 filings, 91d cadence",2026-08-18
ATR,AptarGroup,Materials,"Metal, Glass & Plastic Containers",131.74000549316406,8376178283.721573,7.0584099616858245,6.07,18.664260960792845,21.703460542531147,0.16283524904214564,63581129.0,2026-10-30,2009376000.0,160247000.0,234218000.0,190402000.0,,edgar,4 quarterly filings,2026-06-30,True,extrapolated,"extrapolated realized TTM growth (not consensus, not guidance)","projected from 8 filings, 91d cadence",2026-08-18
AUB,"Atlantic Union Bankshares, Corp.",Financials,Regional Banks,42.540000915527344,6075345806.590942,3.298642533936652,2.7,12.896214269316244,15.755555894639755,0.22171945701357476,142814896.0,2026-11-06,,283179000.0,,990297000.0,775681000.0,edgar,4 quarterly filings,2026-06-30,True,extrapolated,"extrapolated realized TTM growth (not consensus, not guidance)","projected from 8 filings, 92d cadence",2026-08-18
AVA,Avista Corporation,Utilities,Multi-Utilities,39.02999877929688,3268872852.662659,1.7779668049792534,2.0700000000000003,21.95204020119617,18.855071874056463,-0.1410788381742738,83752830.0,2026-11-01,983000000.0,127000000.0,188000000.0,25000000.0,1843981000.0,edgar,4 quarterly filings,2026-06-30,True,extrapolated,"extrapolated realized TTM growth (not consensus, not guidance)","projected from 8 filings, 90d cadence",2026-08-18
AVAV,AeroVironment,Industrials,Aerospace & Defense,181.1300048828125,9166632721.009521,-2.495,-4.99,-72.59719634581663,-36.298598172908314,-0.5,50608030.0,2026-09-29,258897000.0,,-310995000.0,377325000.0,747500000.0,edgar,4 quarterly filings,2026-01-31,True,extrapolated_clamped,realized TTM growth clamped to -50% before extrapolating (raw rate was distorted),"projected from 8 filings, 92d cadence",2026-08-18
AVGO,Broadcom,Information Technology,Semiconductors,392.4299926757813,1867017162255.5823,7.9350000000000005,5.29,49.45557563651938,74.18336345477907,0.5,4757580198.0,2026-09-08,20848000000.0,5895000000.0,19351000000.0,19628000000.0,64907000000.0,edgar,4 quarterly filings,2026-05-03,True,extrapolated_clamped,realized TTM growth clamped to +50% before extrapolating (raw rate was distorted),"projected from 8 filings, 91d cadence",2026-08-18
AVNT,Avient,Materials,Specialty Chemicals,45.38999938964844,4163150318.5188293,3.3599999999999994,2.2399999999999998,13.508928389776322,20.263392584664484,0.5,91719550.0,2026-11-06,901600000.0,120500000.0,208200000.0,199600000.0,1875800000.0,edgar,4 quarterly filings,2026-06-30,True,extrapolated_clamped,realized TTM growth clamped to +50% before extrapolating (raw rate was distorted),"projected from 8 filings, 92d cadence",2026-08-18
AVT,Avnet,Information Technology,Technology Distributors,98.62999725341795,8094857693.34983,3.1589999999999994,3.51,31.22190479690344,28.099714317213095,-0.10000000000000009,82072979.0,2026-11-13,27632683000.0,334389000.0,724782000.0,155396000.0,1977616000.0,edgar,4 quarterly filings,2026-03-28,True,extrapolated,"extrapolated realized TTM growth (not consensus, not guidance)","projected from 8 filings, 91d cadence",2026-08-18
AVTR,Avantor,Health Care,Life Sciences Tools & Services,13.5,9217197927.0,-0.4,-0.8,-33.75,-16.875,-0.5,682755402.0,2026-10-27,1581400000.0,43300000.0,99500000.0,279300000.0,3816300000.0,edgar,4 quarterly filings,2026-03-31,True,extrapolated_clamped,realized TTM growth clamped to -50% before extrapolating (raw rate was distorted),"projected from 8 filings, 90d cadence",2026-08-18
AVY,Avery Dennison,Materials,Paper & Plastic Packaging Products & Materials,176.6199951171875,13385701269.980713,10.193306358381504,9.39,17.327056492514885,18.80937115199015,0.08554913294797695,75788142.0,2026-11-05,5390300000.0,372200000.0,,227300000.0,3199000000.0,edgar,4 quarterly filings,2026-06-30,True,extrapolated,"extrapolated realized TTM growth (not consensus, not guidance)","projected from 8 filings, 93d cadence",2026-08-18
AWI,"Armstrong World Industries, Inc.",Industrials,Building Products,179.1699981689453,7572230457.034454,9.828756058158318,7.8,18.22916319306002,22.97051258576222,0.2600969305331178,42262826.0,2026-10-27,881900000.0,163500000.0,228000000.0,78600000.0,1042600000.0,edgar,4 quarterly filings,2026-06-30,True,extrapolated,"extrapolated realized TTM growth (not consensus, not guidance)","projected from 8 filings, 91d cadence",2026-08-18
AWK,American Water Works,Utilities,Water Utilities,134.35000610351562,26699240885.09549,6.623114754098362,6.03,20.285018619129357,22.280266352158478,0.09836065573770503,198728989.0,2026-10-28,1480199000.0,511000000.0,933000000.0,191000000.0,9656000000.0,edgar,4 quarterly filings,2026-06-30,True,extrapolated,"extrapolated realized TTM growth (not consensus, not guidance)","projected from 8 filings, 91d cadence",2026-08-18
AWR,American States Water Company,Utilities,Water Utilities,87.87000274658203,3482782565.482498,4.579615384615385,3.7800000000000002,19.187201405989185,23.24603247264075,0.21153846153846168,39635626.0,2026-11-04,350481000.0,73222000.0,115342000.0,21657000.0,717735000.0,edgar,4 quarterly filings,2026-06-30,True,extrapolated,"extrapolated realized TTM growth (not consensus, not guidance)","projected from 8 filings, 91d cadence",2026-08-18
AX,"Axos Financial, Inc.",Financials,Regional Banks,99.31999969482422,5649781930.840187,7.982372881355935,8.120000000000001,12.442415453530293,12.231527056012833,-0.016949152542372725,56884635.0,2026-10-29,65789000.0,365426000.0,,1168131000.0,312671000.0,edgar,4 quarterly filings,2026-03-31,True,extrapolated,"extrapolated realized TTM growth (not consensus, not guidance)","projected from 8 filings, 91d cadence",2026-08-18
AXON,Axon Enterprise,Industrials,Aerospace & Defense,604.3200073242188,49093395227.8006,1.8934285714285712,2.82,319.1670477795029,214.29787493766622,-0.3285714285714286,81237415.0,2026-11-06,1711734000.0,198739000.0,76021000.0,597704000.0,1731817000.0,edgar,4 quarterly filings,2026-06-30,True,extrapolated,"extrapolated realized TTM growth (not consensus, not guidance)","projected from 8 filings, 92d cadence",2026-08-18
AXP,American Express,Financials,Consumer Finance,336.2099914550781,227045913182.46024,19.850848733744012,17.03,16.93680688239603,19.742219110691607,0.1656399726214921,675309833.0,2026-10-25,27819000000.0,6082000000.0,4487000000.0,43440000000.0,57017000000.0,edgar,4 quarterly filings,2026-06-30,True,extrapolated,"extrapolated realized TTM growth (not consensus, not guidance)","projected from 8 filings, 93d cadence",2026-08-18
AXTA,Axalta,Materials,Specialty Chemicals,36.11000061035156,7728217843.106689,2.3881081081081077,1.88,15.120756253768764,19.207447133165726,0.2702702702702702,214018768.0,2026-10-28,1254000000.0,90000000.0,146000000.0,608000000.0,3861500000.0,edgar,4 quarterly filings,2026-03-31,True,extrapolated,"extrapolated realized TTM growth (not consensus, not guidance)","projected from 8 filings, 91d cadence",2026-08-18
AYI,Acuity Brands,Industrials,Electrical Components & Equipment,360.3999938964844,10788770956.087921,17.362814029363786,14.59,20.757003633568853,24.70185016425527,0.19004893964110936,29935547.0,2026-09-24,3461000000.0,358300000.0,486700000.0,411900000.0,494300000.0,edgar,4 quarterly filings,2026-05-31,True,extrapolated,"extrapolated realized TTM growth (not consensus, not guidance)","projected from 8 filings, 91d cadence",2026-08-18
AZO,AutoZone,Consumer Discretionary,Automotive Retail,3019.300048828125,49291145148.636475,138.06796423767702,132.1,21.8682158855515,22.85616993813872,0.04517762481208942,16325355.0,2026-09-11,13743677000.0,1641174000.0,2406381000.0,253729000.0,4533329000.0,edgar,4 quarterly filings,2026-05-09,True,extrapolated,"extrapolated realized TTM growth (not consensus, not guidance)","projected from 8 filings, 91d cadence",2026-08-18
AZTA,"Azenta, Inc.",Health Care,Life Sciences Tools & Services,33.58000183105469,1471085917.1555634,-2.67,-2.67,-12.576779712005502,-12.576779712005502,,43808393.0,2026-11-05,454615000.0,-173774000.0,-177205000.0,189654000.0,49702000.0,edgar,4 quarterly filings,2026-06-30,True,flat,no growth signal; forward EPS held flat at trailing,"projected from 8 filings, 91d cadence",2026-08-18
AZZ,"AZZ, Inc.",Industrials,Heavy Electrical Equipment,153.24000549316406,4605092178.317825,17.535000000000004,11.690000000000001,8.739093555355804,13.108640333033708,0.5,30051501.0,2026-10-07,213293000.0,52006000.0,77033000.0,1059000.0,980004000.0,edgar,4 quarterly filings,2026-05-31,True,extrapolated_clamped,realized TTM growth clamped to +50% before extrapolating (raw rate was distorted),"projected from 8 filings, 91d cadence",2026-08-18
BA,Boeing,Industrials,Aerospace & Defense,225.9499969482422,178584103606.98212,-8.84,-8.84,-25.55995440590975,-25.55995440590975,,790370020.0,2026-10-27,46777000000.0,-448000000.0,604000000.0,7239000000.0,45596000000.0,edgar,4 quarterly filings,2026-06-30,True,flat,no growth signal; forward EPS held flat at trailing,"projected from 8 filings, 91d cadence",2026-08-18
BAC,Bank of America,Financials,Diversified Banks,63.88999938964844,446766688771.8151,5.567902735562311,4.28,11.474697462220682,14.927569950852439,0.30091185410334353,6992748365.0,2026-10-30,61830000000.0,17658000000.0,,301006000000.0,339863000000.0,edgar,4 quarterly filings,2026-06-30,True,extrapolated,"extrapolated realized TTM growth (not consensus, not guidance)","projected from 4 filings, 91d cadence",2026-08-18
BAH,Booz Allen Hamilton,Industrials,Research & Consulting Services,74.97000122070312,9017764572.642242,6.84,6.84,10.960526494254843,10.960526494254843,0.0,120284973.0,2026-10-23,2800000000.0,198000000.0,279000000.0,540000000.0,3936000000.0,edgar,4 quarterly filings,2026-06-30,True,extrapolated,"extrapolated realized TTM growth (not consensus, not guidance)","projected from 8 filings, 91d cadence",2026-08-18
BALL,Ball Corporation,Materials,"Metal, Glass & Plastic Containers",61.18000030517578,16194551462.041054,5.3100000000000005,3.54,11.521657307942707,17.282485961914062,0.5,264703357.0,2026-11-03,5886000000.0,444000000.0,196000000.0,491000000.0,7680000000.0,edgar,4 quarterly filings,2026-06-30,True,extrapolated_clamped,realized TTM growth clamped to +50% before extrapolating (raw rate was distorted),"projected from 8 filings, 91d cadence",2026-08-18
BANC,"Banc Of California, Inc.",Financials,Regional Banks,19.690000534057617,3110046000.364683,-0.21000000000000005,-0.4200000000000001,-93.76190730503625,-46.88095365251812,-0.5,157950529.0,2026-11-06,623270000.0,-169395000.0,,310985000.0,2460363000.0,edgar,4 quarterly filings,2026-06-30,True,extrapolated_clamped,realized TTM growth clamped to -50% before extrapolating (raw rate was distorted),"projected from 8 filings, 91d cadence",2026-08-18
BANF,Bancfirst Corp,Financials,Regional Banks,114.93000030517578,3861503773.1035233,8.78506230529595,7.51,13.082434285741133,15.3035952470274,0.16978193146417442,33598745.0,2026-11-07,,129682000.0,,1704438000.0,2000000.0,edgar,4 quarterly filings,2026-06-30,True,extrapolated,"extrapolated realized TTM growth (not consensus, not guidance)","projected from 8 filings, 92d cadence",2026-08-18
BANR,Banner Corporation,Financials,Regional Banks,73.6500015258789,2502988599.706856,7.143471074380165,5.88,10.310114055059637,12.525510463584848,0.2148760330578512,33984909.0,2026-11-03,,103602000.0,37383000.0,435452000.0,,edgar,4 quarterly filings,2026-06-30,True,extrapolated,"extrapolated realized TTM growth (not consensus, not guidance)","projected from 8 filings, 91d cadence",2026-08-18
BAX,Baxter International,Health Care,Health Care Equipment,25.90999984741211,13395366255.202671,0.3,0.3,86.36666615804037,86.36666615804037,,516995999.0,2026-10-28,5661000000.0,111000000.0,283000000.0,2150000000.0,9438000000.0,edgar,4 quarterly filings,2026-06-30,True,flat,no growth signal; forward EPS held flat at trailing,"projected from 8 filings, 90d cadence",2026-08-18
BBT,Beacon Financial Corp.,Financials,Regional Banks,32.61000061035156,2733242615.617279,2.865,1.9100000000000001,11.382199165916775,17.073298748875164,0.5,83816086.0,2026-11-05,224116000.0,110643000.0,,1216103000.0,888592000.0,edgar,4 quarterly filings,2026-06-30,True,extrapolated_clamped,realized TTM growth clamped to +50% before extrapolating (raw rate was distorted),"projected from 8 filings, 90d cadence",2026-08-18
BBWI,"Bath & Body Works, Inc.",Consumer Discretionary,Other Specialty Retail,18.809999465942383,3791377576.074379,2.050048309178744,2.06,9.175393273282292,9.131067701913778,-0.004830917874396268,201561812.0,2026-08-26,1378000000.0,183000000.0,231000000.0,820000000.0,3613000000.0,edgar,4 quarterly filings,2026-05-02,True,extrapolated,"extrapolated realized TTM growth (not consensus, not guidance)","projected from 8 filings, 91d cadence",2026-08-18
BBY,Best Buy,Consumer Discretionary,Computer & Electronics Retail,85.44000244140625,18007943760.00818,2.907712550607288,3.79,29.383923257325332,22.543536264223285,-0.2327935222672064,210767126.0,2026-09-04,41691000000.0,276000000.0,370000000.0,1749000000.0,1165000000.0,edgar,4 quarterly filings,2026-05-02,True,extrapolated,"extrapolated realized TTM growth (not consensus, not guidance)","projected from 8 filings, 91d cadence",2026-08-18
BC,Brunswick,Consumer Discretionary,Leisure Products,82.30000305175781,5332828522.146057,-0.35,-0.7,-235.1428658621652,-117.5714329310826,-0.5,64797428.0,2026-11-06,2935900000.0,130800000.0,179700000.0,288100000.0,2120800000.0,edgar,4 quarterly filings,2026-07-04,True,extrapolated_clamped,realized TTM growth clamped to -50% before extrapolating (raw rate was distorted),"projected from 8 filings, 93d cadence",2026-08-18
BCC,Boise Cascade,Industrials,Building Products,81.94000244140625,2858997386.1239624,2.175,4.35,37.67356434087644,18.83678217043822,-0.5,34891351.0,2026-11-02,1101700000.0,75184000.0,111761000.0,304818000.0,438033000.0,edgar,4 quarterly filings,2026-06-30,True,extrapolated_clamped,realized TTM growth clamped to -50% before extrapolating (raw rate was distorted),"projected from 8 filings, 91d cadence",2026-08-18
BCO,Brink's,Industrials,Security & Alarm Services,111.27999877929688,4583582421.239685,3.5311928934010153,3.73,31.51342963655526,29.833779833591656,-0.053299492385786795,41189634.0,2026-11-04,3562300000.0,76500000.0,243500000.0,1658200000.0,401400000.0,edgar,4 quarterly filings,2026-06-30,True,extrapolated,"extrapolated realized TTM growth (not consensus, not guidance)","projected from 8 filings, 91d cadence",2026-08-18
BCPC,Balchem Corporation,Materials,Specialty Chemicals,178.3800048828125,5686401541.634399,5.942224770642202,5.09,30.019060498031987,35.0451875997667,0.1674311926605505,31878021.0,2026-10-30,799023000.0,84900000.0,114847000.0,63174000.0,235112000.0,edgar,4 quarterly filings,2026-06-30,True,extrapolated,"extrapolated realized TTM growth (not consensus, not guidance)","projected from 8 filings, 91d cadence",2026-08-18
BDC,Belden Inc.,Information Technology,Electronic Components,137.58999633789062,5376768156.58139,7.6739055793991415,5.98,17.929592032935044,23.008360591620505,0.28326180257510725,39078191.0,2026-10-29,1446532000.0,119563000.0,177219000.0,348655000.0,1620161000.0,edgar,4 quarterly filings,2026-06-28,True,extrapolated,"extrapolated realized TTM growth (not consensus, not guidance)","projected from 8 filings, 91d cadence",2026-08-18
BDX,Becton Dickinson,Health Care,Health Care Equipment,182.08999633789065,49598911414.48975,2.2978723404255317,3.6,79.24286877667464,50.580554538302955,-0.36170212765957455,272386800.0,2026-11-05,14183000000.0,449000000.0,1225000000.0,708000000.0,13511000000.0,edgar,4 quarterly filings,2026-06-30,True,extrapolated,"extrapolated realized TTM growth (not consensus, not guidance)","projected from 8 filings, 91d cadence",2026-08-18
BEN,Franklin Resources,Financials,Asset Management & Custody Banks,34.189998626708984,17371148855.162544,1.807363636363636,1.41,18.9170557262612,24.248225976389353,0.28181818181818175,508076910.0,2026-10-30,3939100000.0,695200000.0,820100000.0,4544300000.0,2401900000.0,edgar,4 quarterly filings,2026-06-30,True,extrapolated,"extrapolated realized TTM growth (not consensus, not guidance)","projected from 8 filings, 91d cadence",2026-08-18
BF-B,Brown–Forman,Consumer Staples,Distillers & Vintners,27.57999992370605,13036210983.938215,1.903106796116505,1.98,14.492092603518637,13.929292890760632,-0.03883495145631066,472669000.0,2026-09-11,3928000000.0,715000000.0,1001000000.0,308000000.0,2434000000.0,edgar,4 quarterly filings,2026-01-31,True,extrapolated,"extrapolated realized TTM growth (not consensus, not guidance)","projected from 8 filings, 91d cadence",2026-08-18
BFAM,Bright Horizons Family Solutions Inc.,Consumer Discretionary,Specialized Consumer Services,70.29000091552734,3418575703.2669525,5.4347265625,3.73,12.933493545109215,18.84450426689741,0.45703125,48635306.0,2026-11-05,1541402000.0,74743000.0,144766000.0,163691000.0,970200000.0,edgar,4 quarterly filings,2026-06-30,True,extrapolated,"extrapolated realized TTM growth (not consensus, not guidance)","projected from 8 filings, 91d cadence",2026-08-18
BFH,"Bread Financial Holdings, Inc.",Financials,Consumer Finance,111.25,4274143565.0,21.9,14.6,5.0799086757990874,7.61986301369863,0.5,38419268.0,2026-10-27,3196500000.0,328000000.0,1359300000.0,3683000000.0,4308000000.0,edgar,4 quarterly filings,2026-06-30,True,extrapolated_clamped,realized TTM growth clamped to +50% before extrapolating (raw rate was distorted),"projected from 8 filings, 91d cadence",2026-08-18
BFS,"Saul Centers, Inc.",Real Estate,Retail REITs,34.27000045776367,847055062.5845909,0.7779411764705881,1.15,44.052174501473154,29.80000039805537,-0.32352941176470595,24717101.0,2026-11-05,155050000.0,17871000.0,103642000.0,5877000.0,1604142000.0,edgar,4 quarterly filings,2026-06-30,True,extrapolated,"extrapolated realized TTM growth (not consensus, not guidance)","projected from 8 filings, 91d cadence",2026-08-18
BG,Bunge Global,Consumer Staples,Agricultural Products & Services,114.91000366210938,22294622305.165558,2.335545685279188,4.29,49.20049493631429,26.785548639186334,-0.45558375634517767,194018115.0,2026-10-27,21861000000.0,68000000.0,,839000000.0,11308000000.0,edgar,4 quarterly filings,2026-03-31,True,extrapolated,"extrapolated realized TTM growth (not consensus, not guidance)","projected from 8 filings, 90d cadence",2026-08-18
BGC,"BGC Group, Inc.",Financials,Investment Banking & Brokerage,11.15999984741211,5346644326.8966675,0.735,0.49,15.183673261785183,22.775509892677775,0.5,479090000.0,2026-11-09,1801026000.0,156635000.0,,766854000.0,1539632000.0,edgar,4 quarterly filings,2026-06-30,True,extrapolated_clamped,realized TTM growth clamped to +50% before extrapolating (raw rate was distorted),"projected from 8 filings, 91d cadence",2026-08-18
BHE,"Benchmark Electronics, Inc.",Information Technology,Electronic Manufacturing Services,84.16999816894531,3023380694.8386383,1.33,1.33,63.28571290898144,63.28571290898144,0.0,35919933.0,2026-10-28,1433260000.0,32905000.0,52127000.0,314836000.0,180984000.0,edgar,4 quarterly filings,2026-06-30,True,extrapolated,"extrapolated realized TTM growth (not consensus, not guidance)","projected from 8 filings, 91d cadence",2026-08-18
BHF,Brighthouse Financial,Financials,Life & Health Insurance,55.7400016784668,3205694618.151249,11.620000000000001,11.620000000000001,4.796902037733803,4.796902037733803,,57511563.0,2026-11-05,3149000000.0,215000000.0,,4793000000.0,3154000000.0,edgar,4 quarterly filings,2026-06-30,True,flat,no growth signal; forward EPS held flat at trailing,"projected from 8 filings, 91d cadence",2026-08-18
BIIB,Biogen,Health Care,Biotechnology,209.1499938964844,30878302119.444553,14.337919010123732,11.29,14.587193144891359,18.525243037775414,0.2699662542182226,147637117.0,2026-10-28,2477800000.0,319500000.0,610700000.0,2913700000.0,6288500000.0,edgar,4 quarterly filings,2026-03-31,True,extrapolated,"extrapolated realized TTM growth (not consensus, not guidance)","projected from 8 filings, 91d cadence",2026-08-18
BILL,Bill Holdings,Information Technology,Application Software,48.5,4830441259.5,-0.05,-0.05,-970.0,-970.0,,99596727.0,2026-11-06,1216974000.0,7235000.0,-39195000.0,994672000.0,1834854000.0,edgar,4 quarterly filings,2026-03-31,True,flat,no growth signal; forward EPS held flat at trailing,"projected from 8 filings, 91d cadence",2026-08-18
BIO,Bio-Rad Laboratories,Health Care,Life Sciences Tools & Services,355.2300109863281,9828514956.100067,-6.73,-6.73,-52.78306255368917,-52.78306255368917,,27668031.0,2026-11-04,1243100000.0,-155700000.0,106700000.0,517000000.0,1203700000.0,edgar,4 quarterly filings,2026-06-30,True,flat,no growth signal; forward EPS held flat at trailing,"projected from 8 filings, 92d cadence",2026-08-18
BJ,BJ's Wholesale Club,Consumer Staples,Consumer Staples Merchandise Retail,94.43000030517578,12058143231.379112,5.044543209876543,4.52,18.719237079839942,20.89159298787075,0.11604938271604937,127693987.0,2026-08-27,5661500000.0,142726000.0,207913000.0,27826000.0,399172000.0,edgar,4 quarterly filings,2026-05-02,True,extrapolated,"extrapolated realized TTM growth (not consensus, not guidance)","projected from 8 filings, 91d cadence",2026-08-18
BJRI,"BJ's Restaurants, Inc.",Consumer Discretionary,Restaurants,66.2699966430664,1409812335.1353836,3.3899999999999997,2.26,19.548671576125784,29.32300736418868,0.5,21273765.0,2026-10-28,449173000.0,27816000.0,29066000.0,14427000.0,44000000.0,edgar,4 quarterly filings,2026-06-30,True,extrapolated_clamped,realized TTM growth clamped to +50% before extrapolating (raw rate was distorted),"projected from 8 filings, 89d cadence",2026-08-18
BKE,"The Buckle, Inc.",Consumer Discretionary,Apparel Retail,43.18999862670898,2225066063.590675,3.551887905604719,3.4699999999999998,12.15973019828613,12.446685483201435,0.02359882005899694,51518086.0,2026-09-10,288735000.0,46882000.0,59453000.0,220969000.0,,edgar,4 quarterly filings,2026-05-02,True,extrapolated,"extrapolated realized TTM growth (not consensus, not guidance)","projected from 8 filings, 91d cadence",2026-08-18
BKH,Black Hills Corporation,Utilities,Multi-Utilities,73.38999938964844,5596217971.448776,1.9688914027149325,2.95,37.27478279830463,24.87796589479608,-0.3325791855203619,76253141.0,2026-11-07,1233500000.0,169200000.0,299000000.0,71500000.0,1866866000.0,edgar,4 quarterly filings,2026-06-30,True,extrapolated,"extrapolated realized TTM growth (not consensus, not guidance)","projected from 8 filings, 93d cadence",2026-08-18
BKNG,Booking Holdings,Consumer Discretionary,"Hotels, Resorts & Cruise Lines",204.75999450683597,153852667052.54367,56.487101561947824,89.39999999999999,3.624898230656806,2.2903802517543177,-0.36815322637642245,751380500.0,2026-11-05,12884000000.0,288663000.0,3771000000.0,17214000000.0,18736000000.0,edgar,4 quarterly filings,2026-06-30,True,extrapolated,"extrapolated realized TTM growth (not consensus, not guidance)","projected from 8 filings, 93d cadence",2026-08-18
BKR,Baker Hughes,Energy,Oil & Gas Equipment & Services,64.9000015258789,64424548722.600426,-0.77,-0.77,-84.28571626737521,-84.28571626737521,,992674071.0,2026-10-27,13329000000.0,1611000000.0,3081000000.0,5631000000.0,27000000.0,edgar,4 quarterly filings,2022-09-30,True,flat,no growth signal; forward EPS held flat at trailing,"projected from 8 filings, 92d cadence",2026-08-18
BKU,"BankUnited, Inc.",Financials,Regional Banks,47.86000061035156,3409175480.6167145,3.906891495601173,3.65,12.250148401673773,13.112328934342894,0.07038123167155419,71232249.0,2026-11-06,,132538000.0,,367873000.0,296857000.0,edgar,4 quarterly filings,2026-06-30,True,extrapolated,"extrapolated realized TTM growth (not consensus, not guidance)","projected from 8 filings, 92d cadence",2026-08-18
BL,"BlackLine Systems, Inc.",Information Technology,Application Software,29.299999237060547,1703070366.6539383,0.5057894736842106,0.62,57.929238866196705,47.25806328558153,-0.1842105263157895,58125270.0,2026-11-04,51284000.0,24607000.0,17225000.0,242897000.0,,edgar,4 quarterly filings,2026-06-30,True,extrapolated,"extrapolated realized TTM growth (not consensus, not guidance)","projected from 8 filings, 91d cadence",2026-08-18
BLDR,Builders FirstSource,Industrials,Building Products,70.20999908447266,7554347147.462502,1.145,2.29,61.318776492989215,30.659388246494608,-0.5,107596457.0,2026-10-29,7149625000.0,-51314000.0,145023000.0,65651000.0,408868000.0,edgar,4 quarterly filings,2026-06-30,True,extrapolated_clamped,realized TTM growth clamped to -50% before extrapolating (raw rate was distorted),"projected from 8 filings, 91d cadence",2026-08-18
BLFS,"BioLife Solutions, Inc.",Health Care,Health Care Supplies,35.45000076293945,1733742694.112854,0.61,0.61,58.11475534908107,58.11475534908107,,48906704.0,2026-11-05,,46290000.0,1725000.0,23997000.0,0.0,edgar,4 quarterly filings,2026-06-30,True,flat,no growth signal; forward EPS held flat at trailing,"projected from 8 filings, 91d cadence",2026-08-18
BLK,BlackRock,Financials,Asset Management & Custody Banks,1147.1099853515625,177717369217.48352,49.09331626432576,44.87,23.36590950946053,25.565187995354638,0.09412338454035574,154926181.0,2026-11-05,12794000000.0,4126000000.0,5275000000.0,10492000000.0,12744000000.0,edgar,4 quarterly filings,2026-06-30,True,extrapolated,"extrapolated realized TTM growth (not consensus, not guidance)","projected from 5 filings, 91d cadence",2026-08-18
BLKB,Blackbaud,Information Technology,Application Software,43.38999938964844,1969476281.1260834,4.485,2.99,9.674470320991848,14.511705481487772,0.5,45390097.0,2026-10-28,242606000.0,66497000.0,113461000.0,34388000.0,1110443000.0,edgar,4 quarterly filings,2026-06-30,True,extrapolated_clamped,realized TTM growth clamped to +50% before extrapolating (raw rate was distorted),"projected from 8 filings, 91d cadence",2026-08-18
BMI,"Badger Meter, Inc.",Information Technology,Electronic Equipment & Instruments,128.6999969482422,3730607120.439163,3.9909368191721137,4.28,32.248066752141646,30.070092744916398,-0.06753812636165568,28986847.0,2026-10-22,218689000.0,57055000.0,74548000.0,89219000.0,,edgar,4 quarterly filings,2026-06-30,True,extrapolated,"extrapolated realized TTM growth (not consensus, not guidance)","projected from 8 filings, 91d cadence",2026-08-18
BMRN,BioMarin Pharmaceutical,Health Care,Biotechnology,66.63999938964844,12899755181.611954,1.3488446215139442,1.84,49.40524529419233,36.217390972635016,-0.26693227091633465,193573759.0,2026-11-06,373447000.0,150289000.0,240560000.0,874005000.0,4186142000.0,edgar,4 quarterly filings,2026-06-30,True,extrapolated,"extrapolated realized TTM growth (not consensus, not guidance)","projected from 8 filings, 92d cadence",2026-08-18
BMY,Bristol Myers Squibb,Health Care,Pharmaceuticals,64.62999725341797,132020642606.79663,4.65,4.65,13.898924140519993,13.898924140519993,,2042714656.0,2026-10-29,24462000000.0,5994000000.0,1402000000.0,8722000000.0,42861000000.0,edgar,4 quarterly filings,2026-06-30,True,flat,no growth signal; forward EPS held flat at trailing,"projected from 8 filings, 91d cadence",2026-08-18
BNL,"Broadstone Net Lease, Inc.",Real Estate,Industrial REITs,21.21999931335449,4071968712.857553,0.32818181818181824,0.5700000000000001,64.6592776861217,37.228068970797345,-0.4242424242424242,191892971.0,2026-10-28,121401000.0,46365000.0,79922000.0,20310000.0,2653856000.0,edgar,4 quarterly filings,2026-03-31,True,extrapolated,"extrapolated realized TTM growth (not consensus, not guidance)","projected from 8 filings, 91d cadence",2026-08-18
BNY,BNY Mellon,Financials,Asset Management & Custody Banks,164.27000427246094,111457878305.22244,11.767100977198696,8.5,13.960108321562771,19.32588285558364,0.3843648208469055,678504142.0,2026-10-30,20080000000.0,3393000000.0,,7483000000.0,30368000000.0,edgar,4 quarterly filings,2026-06-30,True,extrapolated,"extrapolated realized TTM growth (not consensus, not guidance)","projected from 8 filings, 91d cadence",2026-08-18
BOH,Bank of Hawaii,Financials,Regional Banks,79.83000183105469,3149325184.9158325,7.067290502793297,5.03,11.295701202533339,15.8707757119393,0.4050279329608939,39450396.0,2026-10-27,121925000.0,121231000.0,,946520000.0,550000000.0,edgar,4 quarterly filings,2026-06-30,True,extrapolated,"extrapolated realized TTM growth (not consensus, not guidance)","projected from 8 filings, 91d cadence",2026-08-18
BOOT,"Boot Barn Holdings, Inc.",Consumer Discretionary,Apparel Retail,164.1300048828125,4970651593.595215,10.399395348837208,8.19,15.782648834594449,20.040293636485043,0.269767441860465,30284844.0,2026-10-28,776854000.0,70112000.0,90526000.0,139262000.0,258190000.0,edgar,4 quarterly filings,2026-06-27,True,extrapolated,"extrapolated realized TTM growth (not consensus, not guidance)","projected from 8 filings, 91d cadence",2026-08-18
BOX,"Box, Inc.",Information Technology,Application Software,32.290000915527344,4470544976.004601,0.14814814814814814,0.2,217.95750617980957,161.45000457763672,-0.2592592592592593,138449825.0,2026-08-26,140507000.0,17726000.0,27442000.0,378836000.0,451610000.0,edgar,4 quarterly filings,2026-04-30,True,extrapolated,"extrapolated realized TTM growth (not consensus, not guidance)","projected from 8 filings, 91d cadence",2026-08-18
BR,Broadridge Financial Solutions,Industrials,Data Processing & Outsourced Services,167.83999633789062,19137418158.759705,12.345,8.23,13.595787471680083,20.393681207520125,0.5,114021798.0,2026-11-03,3009500000.0,1124300000.0,1300600000.0,402900000.0,3254600000.0,edgar,4 quarterly filings,2026-03-31,True,extrapolated_clamped,realized TTM growth clamped to +50% before extrapolating (raw rate was distorted),"projected from 8 filings, 91d cadence",2026-08-18
BRC,Brady Corporation,Industrials,Commercial Printing,94.26000213623048,4501951962.028504,,,,,,47761000.0,2026-11-18,1144698000.0,159787000.0,203368000.0,175491000.0,26857000.0,edgar,insufficient EPS filings,,False,flat,no growth signal; forward EPS held flat at trailing,"projected from 8 filings, 92d cadence",2026-08-18
BRK-B,Berkshire Hathaway,Financials,Multi-Sector Holdings,498.2300109863281,469074088.9734192,15638.093227890398,11849.0,0.03186002306839682,0.04204827504315369,0.319781688572065,941481.0,2026-11-11,195483000000.0,35773000000.0,5885000000.0,31583000000.0,,edgar,4 quarterly filings,2013-12-31,True,extrapolated,"extrapolated realized TTM growth (not consensus, not guidance)","projected from 8 filings, 93d cadence",2026-08-18
BRKR,Bruker,Health Care,Health Care Equipment,57.66999816894531,8749655501.743546,-0.375,-0.75,-153.78666178385416,-76.89333089192708,-0.5,151719365.0,2026-11-04,1472700000.0,-37600000.0,-55100000.0,184900000.0,1824800000.0,edgar,4 quarterly filings,2026-06-30,True,extrapolated_clamped,realized TTM growth clamped to -50% before extrapolating (raw rate was distorted),"projected from 8 filings, 91d cadence",2026-08-18
BRO,Brown & Brown,Financials,Insurance Brokers,68.86000061035156,23041269387.249954,2.9096907216494854,3.3600000000000003,23.6657456746177,20.494047800699867,-0.1340206185567009,334610357.0,2026-10-26,3577000000.0,714000000.0,,918000000.0,7759000000.0,edgar,4 quarterly filings,2026-06-30,True,extrapolated,"extrapolated realized TTM growth (not consensus, not guidance)","projected from 8 filings, 91d cadence",2026-08-18
BROS,Dutch Bros Inc.,Consumer Discretionary,Restaurants,50.41999816894531,7774965397.644043,1.125,0.75,44.817776150173614,67.22666422526042,0.5,154204000.0,2026-11-05,1015263000.0,53507000.0,104705000.0,268624000.0,200511000.0,edgar,4 quarterly filings,2026-06-30,True,extrapolated_clamped,realized TTM growth clamped to +50% before extrapolating (raw rate was distorted),"projected from 8 filings, 91d cadence",2026-08-18
BRX,Brixmor Property Group,Real Estate,Retail REITs,29.76000022888184,9132520194.397501,1.4370093457943924,1.24,20.709677578631354,24.000000184582127,0.1588785046728971,306872316.0,2026-10-26,,201261000.0,,170889000.0,5322423000.0,edgar,4 quarterly filings,2026-06-30,True,extrapolated,"extrapolated realized TTM growth (not consensus, not guidance)","projected from 8 filings, 91d cadence",2026-08-18
BSX,Boston Scientific,Health Care,Health Care Equipment,51.43000030517578,74533874964.44975,3.8249999999999997,2.55,13.445751713771447,20.168627570657172,0.5,1449229526.0,2026-11-03,6700000000.0,-1301000000.0,2279000000.0,539000000.0,4808000000.0,edgar,4 quarterly filings,2026-06-30,True,extrapolated_clamped,realized TTM growth clamped to +50% before extrapolating (raw rate was distorted),"projected from 8 filings, 92d cadence",2026-08-18
BSY,Bentley Systems,Information Technology,Application Software,34.7400016784668,11131940056.140842,1.0617647058823527,0.95,32.719115154234665,36.56842281943874,0.11764705882352922,320435795.0,2026-11-05,734849000.0,173959000.0,214868000.0,146981000.0,1217180000.0,edgar,4 quarterly filings,2026-06-30,True,extrapolated,"extrapolated realized TTM growth (not consensus, not guidance)","projected from 8 filings, 91d cadence",2026-08-18
BTSG,BrightSpring Health Services,Health Care,Health Care Services,60.380001068115234,11947043082.92181,1.44,1.44,41.930556297302246,41.930556297302246,,197864241.0,2026-10-30,8213671000.0,233057000.0,251840000.0,550381000.0,2190760000.0,edgar,4 quarterly filings,2026-06-30,True,flat,no growth signal; forward EPS held flat at trailing,"projected from 8 filings, 91d cadence",2026-08-18
BTU,"Peabody Energy, Inc.",Energy,Coal & Consumable Fuels,25.90999984741211,3158428981.399536,-0.91,-1.82,-28.47252730484847,-14.236263652424235,-0.5,121900000.0,2026-11-05,1976500000.0,-123000000.0,-149600000.0,526300000.0,,edgar,4 quarterly filings,2026-06-30,True,extrapolated_clamped,realized TTM growth clamped to -50% before extrapolating (raw rate was distorted),"projected from 8 filings, 91d cadence",2026-08-18
BURL,Burlington Stores,Consumer Discretionary,Apparel Retail,336.8500061035156,21202082475.268738,9.261261061946904,6.47,36.37193723947384,52.06337034057429,0.43141592920354,62942206.0,2026-08-27,2856461000.0,114744000.0,,747355000.0,2027675000.0,edgar,4 quarterly filings,2026-05-02,True,extrapolated,"extrapolated realized TTM growth (not consensus, not guidance)","projected from 8 filings, 91d cadence",2026-08-18
BWA,BorgWarner,Consumer Discretionary,Automotive Parts & Equipment,69.9000015258789,14236278455.370193,4.536899999999999,4.26,15.40699630273511,16.40845106241289,0.06499999999999995,203666354.0,2026-11-05,14316000000.0,519000000.0,706000000.0,1501000000.0,2789000000.0,edgar,4 quarterly filings,2026-06-30,True,extrapolated,"extrapolated realized TTM growth (not consensus, not guidance)","projected from 8 filings, 92d cadence",2026-08-18
BWXT,BWX Technologies,Industrials,Aerospace & Defense,171.5399932861328,15716833834.062195,4.454649681528663,3.74,38.50807707672917,45.86630836527615,0.19108280254777066,91621980.0,2026-11-02,1321891000.0,91068000.0,106691000.0,512357000.0,300000000.0,edgar,4 quarterly filings,2026-03-31,True,extrapolated,"extrapolated realized TTM growth (not consensus, not guidance)","projected from 8 filings, 91d cadence",2026-08-18
BX,Blackstone Inc.,Financials,Asset Management & Custody Banks,140.57000732421875,105515377772.72253,4.906695156695157,4.15,28.648612321556556,33.87229092149849,0.18233618233618243,750625114.0,2026-11-06,8661573000.0,1878918000.0,,2507073000.0,13318636000.0,edgar,4 quarterly filings,2026-06-30,True,extrapolated,"extrapolated realized TTM growth (not consensus, not guidance)","projected from 8 filings, 91d cadence",2026-08-18
BXMT,"Blackstone Mortgage Trust, Inc.",Financials,Mortgage REITs,14.239999771118164,2400060697.2634335,-0.10999999999999999,-0.10999999999999999,-129.4545433738015,-129.4545433738015,,168543591.0,2026-10-29,58258000.0,-87519000.0,,432833000.0,16237574000.0,edgar,4 quarterly filings,2026-06-30,True,flat,no growth signal; forward EPS held flat at trailing,"projected from 8 filings, 91d cadence",2026-08-18
BXP,"BXP, Inc.",Real Estate,Office REITs,66.69000244140625,10647829559.43872,0.43000000000000005,0.8600000000000001,155.0930289335029,77.54651446675145,-0.5,159661556.0,2026-11-05,1767847000.0,170186000.0,677140000.0,493949000.0,3300000000.0,edgar,4 quarterly filings,2026-06-30,True,extrapolated_clamped,realized TTM growth clamped to -50% before extrapolating (raw rate was distorted),"projected from 8 filings, 91d cadence",2026-08-18
BYD,Boyd Gaming,Consumer Discretionary,Casinos & Gaming,82.7699966430664,6013688372.8806,34.155,22.77,2.4233639772527127,3.6350459658790695,0.5,72655414.0,2026-10-29,827288000.0,236776000.0,364690000.0,322713000.0,3568158000.0,edgar,4 quarterly filings,2026-06-30,True,extrapolated_clamped,realized TTM growth clamped to +50% before extrapolating (raw rate was distorted),"projected from 8 filings, 91d cadence",2026-08-18
C,Citigroup,Financials,Diversified Banks,138.50999450683594,242298166327.2937,8.769653465346535,7.29,15.79423805674432,18.999999246479554,0.20297029702970293,1749319009.0,2026-11-05,85225000000.0,14306000000.0,,188105000000.0,315827000000.0,edgar,4 quarterly filings,2025-09-30,True,extrapolated,"extrapolated realized TTM growth (not consensus, not guidance)","projected from 4 filings, 91d cadence",2026-08-18
CACC,Credit Acceptance,Financials,Specialized Finance,573.0900268554688,5949006870.975342,62.864999999999995,41.91,9.116201811110615,13.674302716665922,0.5,10380580.0,2026-11-04,1167400000.0,271700000.0,,1400000.0,1752500000.0,edgar,4 quarterly filings,2026-06-30,True,extrapolated_clamped,realized TTM growth clamped to +50% before extrapolating (raw rate was distorted),"projected from 8 filings, 92d cadence",2026-08-18
CACI,CACI International,Industrials,Diversified Support Services,649.3400268554688,14350115247.753479,25.59800838574424,22.1,25.36681827235794,29.381901667668266,0.15828092243186598,22099539.0,2026-11-05,4467860000.0,535808000.0,919815000.0,191756000.0,4901509000.0,edgar,4 quarterly filings,2026-03-31,True,extrapolated,"extrapolated realized TTM growth (not consensus, not guidance)","projected from 8 filings, 91d cadence",2026-08-18
CAG,Conagra Brands,Consumer Staples,Packaged Foods & Meats,15.539999961853027,7436910058.42417,-0.16499999999999995,-0.3299999999999999,-94.18181795062443,-47.09090897531222,-0.5,478565642.0,2026-10-15,1500000000.0,-1916200000.0,-1628400000.0,218000000.0,7230000000.0,edgar,4 quarterly filings,2026-02-22,True,extrapolated_clamped,realized TTM growth clamped to -50% before extrapolating (raw rate was distorted),"projected from 8 filings, 92d cadence",2026-08-18
CAH,Cardinal Health,Health Care,Health Care Distributors,235.66000366210935,54808796912.19775,9.225000000000001,6.15,25.5457998549712,38.318699782456804,0.5,232575728.0,2026-11-10,254248000000.0,1714000000.0,2613000000.0,4856000000.0,2502000000.0,edgar,4 quarterly filings,2025-09-30,True,extrapolated_clamped,realized TTM growth clamped to +50% before extrapolating (raw rate was distorted),"projected from 8 filings, 91d cadence",2026-08-18
CAKE,"The Cheesecake Factory, Inc.",Consumer Discretionary,Restaurants,109.06999969482422,5427392335.19426,5.885822368421051,4.2299999999999995,18.530970333051975,25.784869904213767,0.39144736842105243,49760634.0,2026-11-02,2008466000.0,117942000.0,133653000.0,195170000.0,562895000.0,edgar,4 quarterly filings,2026-06-30,True,extrapolated,"extrapolated realized TTM growth (not consensus, not guidance)","projected from 8 filings, 91d cadence",2026-08-18
CALM,"Cal-Maine Foods, Inc.",Consumer Staples,Packaged Foods & Meats,80.43499755859375,3773775215.2563477,26.535000000000004,17.69,3.0312793502390707,4.546919025358606,0.5,46917080.0,2026-10-21,2911632000.0,316682000.0,350186000.0,107217000.0,2337000.0,edgar,4 quarterly filings,2026-02-28,True,extrapolated_clamped,realized TTM growth clamped to +50% before extrapolating (raw rate was distorted),"projected from 8 filings, 91d cadence",2026-08-18
CALX,Calix,Information Technology,Application Software,39.52000045776367,2488336874.102627,0.64,0.64,61.75000071525574,61.75000071525574,,62963989.0,2026-10-20,211105000.0,28321000.0,34565000.0,68914000.0,,edgar,4 quarterly filings,2026-06-27,True,flat,no growth signal; forward EPS held flat at trailing,"projected from 8 filings, 91d cadence",2026-08-18
CALY,Callaway Golf Company,Consumer Discretionary,Leisure Products,16.610000610351562,2965059862.7641754,-1.48,-1.48,-11.222973385372677,-11.222973385372677,,178510521.0,2026-11-03,1299700000.0,168300000.0,253000000.0,278100000.0,7700000.0,edgar,4 quarterly filings,2026-06-30,True,flat,no growth signal; forward EPS held flat at trailing,"projected from 8 filings, 91d cadence",2026-08-18
CAR,Avis Budget Group,Industrials,Passenger Ground Transportation,141.3000030517578,4991420629.603302,-6.075,-12.15,-23.259259761606224,-11.629629880803112,-0.5,35324986.0,2026-10-28,2530000000.0,-283000000.0,,528000000.0,4009000000.0,edgar,4 quarterly filings,2026-03-31,True,extrapolated_clamped,realized TTM growth clamped to -50% before extrapolating (raw rate was distorted),"projected from 8 filings, 91d cadence",2026-08-18
CARG,CarGurus,Communication Services,Interactive Media & Services,35.77000045776367,3329309139.496563,2.7525203252032524,1.84,12.995362878972504,19.440217640088953,0.49593495934959364,93075457.0,2026-11-05,328068000.0,49193000.0,103061000.0,122136000.0,,edgar,4 quarterly filings,2026-06-30,True,extrapolated,"extrapolated realized TTM growth (not consensus, not guidance)","projected from 8 filings, 91d cadence",2026-08-18
CARR,Carrier Global,Industrials,Building Products,62.560001373291016,51961112403.50864,0.9933066666666669,1.9300000000000002,62.98155793439857,32.41450848357047,-0.4853333333333333,830580423.0,2026-10-27,5341000000.0,238000000.0,259000000.0,1371000000.0,10227000000.0,edgar,4 quarterly filings,2026-03-31,True,extrapolated,"extrapolated realized TTM growth (not consensus, not guidance)","projected from 8 filings, 91d cadence",2026-08-18
CART,Maplebear Inc.,Consumer Staples,Food Retail,48.86000061035156,11311093414.916428,2.6504225352112676,1.94,18.43479670174812,25.185567324923486,0.3661971830985915,231500067.0,2026-11-06,2062000000.0,256000000.0,325000000.0,757000000.0,,edgar,4 quarterly filings,2026-06-30,True,extrapolated,"extrapolated realized TTM growth (not consensus, not guidance)","projected from 8 filings, 91d cadence",2026-08-18
CASH,"Pathward Financial, Inc.",Financials,Regional Banks,85.38999938964844,1773837368.500946,8.468138297872342,7.98,10.083680306815852,10.700501176647673,0.061170212765957466,20773362.0,2026-10-26,639049000.0,137045000.0,,149412000.0,33533000.0,edgar,4 quarterly filings,2026-06-30,True,extrapolated,"extrapolated realized TTM growth (not consensus, not guidance)","projected from 8 filings, 81d cadence",2026-08-18
CASY,Casey's,Consumer Staples,Food Retail,870.010009765625,32194645590.516113,18.03657846153846,17.12,48.235867552199586,50.81834169191735,0.053538461538461535,37004914.0,2026-09-21,17561101000.0,714448000.0,,522991000.0,2320875000.0,edgar,4 quarterly filings,2026-01-31,True,extrapolated,"extrapolated realized TTM growth (not consensus, not guidance)","projected from 8 filings, 91d cadence",2026-08-18
CAT,Caterpillar Inc.,Industrials,Construction Machinery & Heavy Transportation Equipment,881.6500244140625,405272377109.3815,25.237071742313315,22.74,34.934719583011635,38.7708893761681,0.10980966325036579,459674889.0,2026-11-04,37958000000.0,3381000000.0,7380000000.0,6713000000.0,30696000000.0,edgar,4 quarterly filings,2026-06-30,True,extrapolated,"extrapolated realized TTM growth (not consensus, not guidance)","projected from 8 filings, 91d cadence",2026-08-18
CATY,Cathay General Bancorp,Financials,Regional Banks,64.4000015258789,4296370109.797211,6.259712041884818,4.890000000000001,10.288013425372819,13.169734463369918,0.2801047120418849,66713820.0,2026-11-06,,179095000.0,,600290000.0,119136000.0,edgar,4 quarterly filings,2026-06-30,True,extrapolated,"extrapolated realized TTM growth (not consensus, not guidance)","projected from 8 filings, 91d cadence",2026-08-18
CAVA,Cava Group,Consumer Discretionary,Restaurants,71.0199966430664,8295575789.84935,0.6801515151515152,0.67,104.41790551219387,105.99999498965134,0.015151515151515138,116806198.0,2026-11-11,806706000.0,46583000.0,52103000.0,322763000.0,,edgar,4 quarterly filings,2026-07-12,True,extrapolated,"extrapolated realized TTM growth (not consensus, not guidance)","projected from 8 filings, 91d cadence",2026-08-18
CB,Chubb Limited,Financials,Property & Casualty Insurance,340.8599853515625,132205990049.61548,25.90066073102155,23.509999999999998,13.160281465071282,14.498510648726606,0.10168697282099326,387860106.0,2026-10-27,14773000000.0,2320000000.0,,2285000000.0,15970000000.0,edgar,4 quarterly filings,2026-03-31,True,extrapolated,"extrapolated realized TTM growth (not consensus, not guidance)","projected from 8 filings, 91d cadence",2026-08-18
CBOE,Cboe Global Markets,Financials,Financial Exchanges & Data,295.0,30807150605.0,18.134999999999998,12.09,16.266887234629174,24.400330851943757,0.5,104431019.0,2026-10-30,2229100000.0,738800000.0,981600000.0,2276200000.0,1443800000.0,edgar,4 quarterly filings,2026-06-30,True,extrapolated_clamped,realized TTM growth clamped to +50% before extrapolating (raw rate was distorted),"projected from 8 filings, 91d cadence",2026-08-18
CBRE,CBRE Group,Real Estate,Real Estate Services,147.9600067138672,42845563036.25009,5.535,3.69,26.731708530057304,40.097562795085956,0.5,289575298.0,2026-10-28,21753000000.0,522000000.0,876000000.0,1489000000.0,2574301000.0,edgar,4 quarterly filings,2026-06-30,True,extrapolated_clamped,realized TTM growth clamped to +50% before extrapolating (raw rate was distorted),"projected from 8 filings, 91d cadence",2026-08-18
CBRL,Cracker Barrel,Consumer Discretionary,Restaurants,59.040000915527344,1319630218.8633728,1.0132663316582913,1.42,58.26701141732763,41.57746543346996,-0.2864321608040201,22351460.0,2026-09-09,3030445000.0,19471000.0,-25614000.0,26050000.0,400000000.0,edgar,4 quarterly filings,2026-05-01,True,extrapolated,"extrapolated realized TTM growth (not consensus, not guidance)","projected from 8 filings, 92d cadence",2026-08-18
CBSH,Commerce Bancshares,Financials,Regional Banks,59.709999084472656,8564335217.063919,4.676543535620053,4.21,12.76797673958911,14.182897644767852,0.1108179419525066,143432178.0,2026-11-04,,301413000.0,,511845000.0,455310000.0,edgar,4 quarterly filings,2026-06-30,True,extrapolated,"extrapolated realized TTM growth (not consensus, not guidance)","projected from 8 filings, 91d cadence",2026-08-18
CBT,Cabot Corp,Materials,Diversified Chemicals,86.4000015258789,4460919083.5826645,3.1435051546391755,4.62,27.485242516103416,18.70129903157552,-0.31958762886597936,51631007.0,2026-11-03,2735000000.0,147000000.0,356000000.0,250000000.0,1092000000.0,edgar,4 quarterly filings,2026-06-30,True,extrapolated,"extrapolated realized TTM growth (not consensus, not guidance)","projected from 8 filings, 91d cadence",2026-08-18
CBU,"Community Bank System, Inc.",Financials,Regional Banks,65.01000213623047,3420560096.4496994,5.26603498542274,4.25,12.34515196275546,15.296471090877757,0.23906705539358586,52615905.0,2026-11-06,436441000.0,118552000.0,,258174000.0,990198000.0,edgar,4 quarterly filings,2026-06-30,True,extrapolated,"extrapolated realized TTM growth (not consensus, not guidance)","projected from 8 filings, 91d cadence",2026-08-18
CC,Chemours,Materials,Diversified Chemicals,15.720000267028809,2365844241.5875673,-2.0,-2.0,-7.860000133514404,-7.860000133514404,,150498995.0,2026-11-04,6638000000.0,-303000000.0,,671000000.0,3591000000.0,edgar,4 quarterly filings,2026-06-30,True,flat,no growth signal; forward EPS held flat at trailing,"projected from 8 filings, 91d cadence",2026-08-18
CCI,Crown Castle,Real Estate,Telecom Tower REITs,74.44000244140625,31670903917.869568,2.955,1.97,25.19120217983291,37.78680326974936,0.5,425455439.0,2026-11-04,2018000000.0,245000000.0,935000000.0,1042000000.0,24337000000.0,edgar,4 quarterly filings,2026-06-30,True,extrapolated_clamped,realized TTM growth clamped to +50% before extrapolating (raw rate was distorted),"projected from 8 filings, 91d cadence",2026-08-18
CCK,Crown Holdings,Materials,Paper & Plastic Packaging Products & Materials,116.23999786376952,12642321566.30248,10.8,7.2,10.762962765163843,16.144444147745766,0.5,108760511.0,2026-10-30,8340000000.0,420000000.0,829000000.0,656000000.0,6018000000.0,edgar,4 quarterly filings,2026-06-30,True,extrapolated_clamped,realized TTM growth clamped to +50% before extrapolating (raw rate was distorted),"projected from 8 filings, 92d cadence",2026-08-18
CCL,Carnival Corporation,Consumer Discretionary,"Hotels, Resorts & Cruise Lines",27.729999542236328,37980369442.894394,3.495,2.33,7.934191571455315,11.901287357182973,0.5,1369649119.0,2026-09-25,18881000000.0,795000000.0,1458000000.0,2243000000.0,25570000000.0,edgar,4 quarterly filings,2026-05-31,True,extrapolated_clamped,realized TTM growth clamped to +50% before extrapolating (raw rate was distorted),"projected from 8 filings, 91d cadence",2026-08-18
CCOI,"Cogent Communications Holdings, Inc.",Communication Services,Alternative Carriers,10.75,550569162.0,-1.53,-1.53,-7.026143790849673,-7.026143790849673,,51215736.0,2026-11-05,,27094000.0,105433000.0,183703000.0,1730400000.0,edgar,4 quarterly filings,2026-06-30,True,flat,no growth signal; forward EPS held flat at trailing,"projected from 8 filings, 91d cadence",2026-08-18
CCS,"Century Communities, Inc.",Consumer Discretionary,Homebuilding,70.23999786376953,1997126835.2607727,2.382990543735225,4.49,29.475567181089886,15.643652085472056,-0.4692671394799054,28432900.0,2026-10-22,1716900000.0,60557000.0,71872000.0,92334000.0,304486000.0,edgar,4 quarterly filings,2026-06-30,True,extrapolated,"extrapolated realized TTM growth (not consensus, not guidance)","projected from 8 filings, 91d cadence",2026-08-18
CDE,Coeur Mining,Materials,Gold,19.309999465942383,19849424262.403484,1.4849999999999999,0.99,13.003366643732246,19.505049965598367,0.5,1027934998.0,2026-11-04,482049000.0,368614000.0,565684000.0,1052274000.0,266426000.0,edgar,4 quarterly filings,2026-06-30,True,extrapolated_clamped,realized TTM growth clamped to +50% before extrapolating (raw rate was distorted),"projected from 8 filings, 91d cadence",2026-08-18
CDNS,Cadence Design Systems,Information Technology,Application Software,323.4700012207031,89218201856.68945,4.218845070422535,3.87,76.6726428255177,83.58397964359254,0.09014084507042264,275816000.0,2026-10-28,1474220000.0,335660000.0,431329000.0,1406668000.0,,edgar,4 quarterly filings,2026-03-31,True,extrapolated,"extrapolated realized TTM growth (not consensus, not guidance)","projected from 8 filings, 91d cadence",2026-08-18
CDP,COPT Defense Properties,Real Estate,Office REITs,36.810001373291016,4174639114.725563,1.7093495934959353,1.4500000000000002,21.534507343233265,25.38620784364897,0.17886178861788626,113410458.0,2026-11-03,398029000.0,13708000.0,111547000.0,24157000.0,2592436000.0,edgar,4 quarterly filings,2026-06-30,True,extrapolated,"extrapolated realized TTM growth (not consensus, not guidance)","projected from 8 filings, 92d cadence",2026-08-18
CDW,CDW Corporation,Information Technology,Technology Distributors,135.3000030517578,16914858119.322906,8.807919375812746,8.23,15.361176377624718,16.439854562789527,0.07022106631989611,125017426.0,2026-11-04,2652300000.0,509800000.0,804600000.0,361800000.0,4808100000.0,edgar,4 quarterly filings,2026-06-30,True,extrapolated,"extrapolated realized TTM growth (not consensus, not guidance)","projected from 8 filings, 91d cadence",2026-08-18
CE,Celanese,Materials,Specialty Chemicals,44.9900016784668,4937604364.949928,-4.53,-9.06,-9.931567699440793,-4.965783849720396,-0.5,109748926.0,2026-11-03,5089000000.0,169000000.0,490000000.0,1508000000.0,12013000000.0,edgar,4 quarterly filings,2026-06-30,True,extrapolated_clamped,realized TTM growth clamped to -50% before extrapolating (raw rate was distorted),"projected from 8 filings, 90d cadence",2026-08-18
CEG,Constellation Energy,Utilities,Electric Utilities,278.20001220703125,98568317162.84125,13.954236401673642,11.55,19.936598764634983,24.086581143465907,0.20815899581589958,354307379.0,2026-11-05,18626000000.0,2103000000.0,2912000000.0,697000000.0,7403000000.0,edgar,4 quarterly filings,2026-06-30,True,extrapolated,"extrapolated realized TTM growth (not consensus, not guidance)","projected from 8 filings, 91d cadence",2026-08-18
CELH,Celsius Holdings,Consumer Staples,Soft Drinks & Non-alcoholic Beverages,29.94499969482422,7577134405.194832,0.4012857142857143,0.53,74.62264074893895,56.49999942419664,-0.24285714285714288,253035047.0,2026-11-05,1318014000.0,165392000.0,214248000.0,631234000.0,674850000.0,edgar,4 quarterly filings,2026-06-30,True,extrapolated,"extrapolated realized TTM growth (not consensus, not guidance)","projected from 8 filings, 91d cadence",2026-08-18
CENT,Central Garden & Pet Company,Consumer Staples,Household Products,43.34999847412109,530896637.1629409,5.74308157099698,4.36,7.548212216424374,9.942660200486488,0.31722054380664666,12246751.0,2026-11-05,3129100000.0,176118000.0,256313000.0,996710000.0,1193058000.0,edgar,4 quarterly filings,2026-06-27,True,extrapolated,"extrapolated realized TTM growth (not consensus, not guidance)","projected from 8 filings, 91d cadence",2026-08-18
CENTA,Central Garden & Pet Company (Class A),Consumer Staples,Household Products,37.63999938964844,460967700.1651764,5.74308157099698,4.36,6.553972623292248,8.633027382946889,0.31722054380664666,12246751.0,2026-11-05,3129100000.0,176118000.0,256313000.0,996710000.0,1193058000.0,edgar,4 quarterly filings,2026-06-27,True,extrapolated,"extrapolated realized TTM growth (not consensus, not guidance)","projected from 8 filings, 91d cadence",2026-08-18
CENX,Century Aluminum Company,Materials,Aluminum,47.119998931884766,4664563954.6637535,8.58,5.72,5.491841367352537,8.237762051028806,0.5,98993295.0,2026-11-05,389100000.0,586800000.0,585600000.0,343400000.0,252207000.0,edgar,4 quarterly filings,2026-06-30,True,extrapolated_clamped,realized TTM growth clamped to +50% before extrapolating (raw rate was distorted),"projected from 8 filings, 91d cadence",2026-08-18
CERT,"Certara, Inc.",Health Care,Health Care Technology,8.0,1220310240.0,-0.42,-0.42,-19.047619047619047,-19.047619047619047,,152538780.0,2026-11-03,187363000.0,-64033000.0,-6460000.0,184138000.0,291839000.0,edgar,4 quarterly filings,2026-06-30,True,flat,no growth signal; forward EPS held flat at trailing,"projected from 8 filings, 91d cadence",2026-08-18
CF,CF Industries,Materials,Fertilizers & Agricultural Chemicals,117.77999877929688,17824604766.66107,19.905,13.27,5.917106193383415,8.875659290075122,0.5,151338130.0,2026-11-05,4208000000.0,368400000.0,1984000000.0,287000000.0,3216000000.0,edgar,4 quarterly filings,2026-06-30,True,extrapolated_clamped,realized TTM growth clamped to +50% before extrapolating (raw rate was distorted),"projected from 8 filings, 91d cadence",2026-08-18
CFFN,Capitol Federal Savings Bank,Financials,Regional Banks,8.720000267028809,1096089061.3250628,0.9750000000000001,0.65,8.943590017465445,13.415385026198166,0.5,125698283.0,2026-11-06,16300000.0,64022000.0,,136098000.0,2845000000.0,edgar,4 quarterly filings,2026-06-30,True,extrapolated_clamped,realized TTM growth clamped to +50% before extrapolating (raw rate was distorted),"projected from 8 filings, 91d cadence",2026-08-18
CFG,Citizens Financial Group,Financials,Regional Banks,74.30999755859375,31297646088.016357,6.518518518518519,4.4,11.399829170920631,16.888635808771305,0.4814814814814814,421176788.0,2026-11-02,4451000000.0,1104000000.0,,4074000000.0,15190000000.0,edgar,4 quarterly filings,2026-06-30,True,extrapolated,"extrapolated realized TTM growth (not consensus, not guidance)","projected from 8 filings, 91d cadence",2026-08-18
CFR,Frost Bank,Financials,Regional Banks,168.07000732421875,10445346750.141296,12.300578887627696,10.41,13.663585174293608,16.14505353738893,0.18161180476730987,62148785.0,2026-10-29,1150846000.0,343046000.0,,4556125000.0,,edgar,4 quarterly filings,2026-06-30,True,extrapolated,"extrapolated realized TTM growth (not consensus, not guidance)","projected from 8 filings, 91d cadence",2026-08-18
CG,Carlyle Group (The),Financials,Asset Management & Custody Banks,48.540000915527344,17296394341.15242,0.435,0.87,111.58620900121228,55.79310450060614,-0.5,356332798.0,2026-11-10,1377500000.0,4900000.0,,1256500000.0,2235000000.0,edgar,4 quarterly filings,2026-06-30,True,extrapolated_clamped,realized TTM growth clamped to -50% before extrapolating (raw rate was distorted),"projected from 8 filings, 92d cadence",2026-08-18
CGNX,Cognex,Information Technology,Electronic Equipment & Instruments,66.5999984741211,11203707620.510788,1.62,1.08,41.11111016921055,61.66666525381582,0.5,168223842.0,2026-11-07,173484000.0,124460000.0,145390000.0,302521000.0,,edgar,4 quarterly filings,2026-07-05,True,extrapolated_clamped,realized TTM growth clamped to +50% before extrapolating (raw rate was distorted),"projected from 8 filings, 93d cadence",2026-08-18
CHCO,City Holding Company,Financials,Regional Banks,145.69000244140625,2046239394.6899414,10.681960049937578,9.25,13.638882916647644,15.75027053420608,0.1548064918851435,14045160.0,2026-11-04,47495000.0,65033000.0,,267202000.0,150000000.0,edgar,4 quarterly filings,2026-06-30,True,extrapolated,"extrapolated realized TTM growth (not consensus, not guidance)","projected from 8 filings, 91d cadence",2026-08-18
CHD,Church & Dwight,Consumer Staples,Household Products,97.9800033569336,23241239604.137764,4.32964,3.29,22.630057777767572,29.781156035542125,0.31600000000000006,237203907.0,2026-10-30,2999300000.0,419100000.0,567400000.0,254800000.0,2206300000.0,edgar,4 quarterly filings,2026-06-30,True,extrapolated,"extrapolated realized TTM growth (not consensus, not guidance)","projected from 8 filings, 91d cadence",2026-08-18
CHDN,Churchill Downs Inc.,Consumer Discretionary,Casinos & Gaming,89.69999694824219,6252111584.391739,14.2,14.2,6.3169011935381825,6.3169011935381825,,69700243.0,2026-10-30,1328000000.0,324000000.0,500000000.0,196000000.0,4605700000.0,edgar,4 quarterly filings,2022-06-30,True,flat,no growth signal; forward EPS held flat at trailing,"projected from 8 filings, 93d cadence",2026-08-18
CHE,Chemed Corp.,Health Care,Health Care Services,524.97998046875,6861467870.507324,17.28,18.0,30.380785906756365,29.16555447048611,-0.040000000000000036,13069961.0,2026-10-30,1330764000.0,134005000.0,173782000.0,40222000.0,21250000.0,edgar,4 quarterly filings,2026-06-30,True,extrapolated,"extrapolated realized TTM growth (not consensus, not guidance)","projected from 8 filings, 91d cadence",2026-08-18
CHEF,"Chefs' Warehouse, Inc.",Consumer Staples,Food Distributors,110.56999969482422,4508782426.085655,2.37,1.58,46.65400831005241,69.98101246507862,0.5,40777629.0,2026-10-28,318615000.0,17367000.0,33134000.0,122709000.0,650500000.0,edgar,4 quarterly filings,2026-03-27,True,extrapolated_clamped,realized TTM growth clamped to +50% before extrapolating (raw rate was distorted),"projected from 8 filings, 91d cadence",2026-08-18
CHH,Choice Hotels,Consumer Discretionary,"Hotels, Resorts & Cruise Lines",104.93000030517578,4722754720.195541,9.973405017921147,7.46,10.52098055946066,14.065683687020883,0.3369175627240144,45008622.0,2026-11-04,781337000.0,84642000.0,164172000.0,42826000.0,2002339000.0,edgar,4 quarterly filings,2026-06-30,True,extrapolated,"extrapolated realized TTM growth (not consensus, not guidance)","projected from 8 filings, 91d cadence",2026-08-18
CHRD,Chord Energy,Energy,Oil & Gas Exploration & Production,142.8800048828125,7815232218.439453,3.335,6.67,42.84258017475637,21.421290087378186,-0.5,54697872.0,2026-11-05,922553000.0,633794000.0,935942000.0,611568000.0,1481357000.0,edgar,4 quarterly filings,2026-06-30,True,extrapolated_clamped,realized TTM growth clamped to -50% before extrapolating (raw rate was distorted),"projected from 8 filings, 91d cadence",2026-08-18
CHRW,C.H. Robinson,Industrials,Air Freight & Logistics,144.77999877929688,16917724990.599304,7.739144385026738,5.38,18.707494210782407,26.91078044224849,0.4385026737967914,116851258.0,2026-10-30,1991452000.0,334019000.0,431429000.0,154590000.0,1685017000.0,edgar,4 quarterly filings,2026-06-30,True,extrapolated,"extrapolated realized TTM growth (not consensus, not guidance)","projected from 8 filings, 91d cadence",2026-08-18
CHTR,Charter Communications,Communication Services,Cable & Satellite,144.10000610351562,39040701668.41223,41.91774338942308,37.35,3.4376852008659355,3.858099226332413,0.12229567307692313,270927828.0,2026-10-23,27123000000.0,2455000000.0,6271000000.0,509000000.0,93959000000.0,edgar,4 quarterly filings,2026-06-30,True,extrapolated,"extrapolated realized TTM growth (not consensus, not guidance)","projected from 8 filings, 91d cadence",2026-08-18
CHWY,Chewy,Consumer Discretionary,Other Specialty Retail,22.1299991607666,2212.99991607666,0.5731578947368422,0.66,38.6106505100611,33.530301758737274,-0.13157894736842102,100.0,2026-09-09,3357200000.0,94800000.0,128500000.0,485200000.0,,edgar,4 quarterly filings,2026-05-03,True,extrapolated,"extrapolated realized TTM growth (not consensus, not guidance)","projected from 8 filings, 91d cadence",2026-08-18
CI,Cigna,Health Care,Health Care Services,275.3299865722656,72753329462.22894,37.86,25.240000000000002,7.272318715590746,10.908478073386117,0.5,264240486.0,2026-10-29,140162000000.0,3314000000.0,5034000000.0,6298000000.0,39523000000.0,edgar,4 quarterly filings,2026-06-30,True,extrapolated_clamped,realized TTM growth clamped to +50% before extrapolating (raw rate was distorted),"projected from 8 filings, 91d cadence",2026-08-18
CIEN,Ciena,Information Technology,Communications Equipment,445.1799926757813,63016528779.19544,4.3950000000000005,2.93,101.29237603544512,151.93856405316768,0.5,141552922.0,2026-09-03,2997781000.0,368503000.0,427283000.0,1045126000.0,677285000.0,edgar,4 quarterly filings,2026-05-02,True,extrapolated_clamped,realized TTM growth clamped to +50% before extrapolating (raw rate was distorted),"projected from 8 filings, 91d cadence",2026-08-18
CINF,Cincinnati Financial,Financials,Property & Casualty Insurance,171.05999755859375,26253954002.99774,31.875,21.25,5.3665881587009805,8.04988223805147,0.5,153478045.0,2026-10-26,7137000000.0,1529000000.0,,1750000000.0,791000000.0,edgar,4 quarterly filings,2026-06-30,True,extrapolated_clamped,realized TTM growth clamped to +50% before extrapolating (raw rate was distorted),"projected from 8 filings, 91d cadence",2026-08-18
CL,Colgate-Palmolive,Consumer Staples,Household Products,90.20999908447266,71912960174.25647,3.490028818443804,3.48,25.847923835969095,25.92241353002088,0.0028818443804035088,797172829.0,2026-10-30,4002000000.0,1339000000.0,1980000000.0,1370000000.0,7839000000.0,edgar,4 quarterly filings,2026-06-30,True,extrapolated,"extrapolated realized TTM growth (not consensus, not guidance)","projected from 8 filings, 91d cadence",2026-08-18
CLF,Cleveland-Cliffs,Materials,Steel,12.3100004196167,7023348217.978131,-2.16,-2.16,-5.6990742683410645,-5.6990742683410645,,570540047.0,2026-10-22,10148000000.0,-382000000.0,-262000000.0,70000000.0,7703000000.0,edgar,4 quarterly filings,2026-06-30,True,flat,no growth signal; forward EPS held flat at trailing,"projected from 8 filings, 91d cadence",2026-08-18
CLH,Clean Harbors,Industrials,Environmental & Facilities Services,326.04998779296875,17230448088.506836,6.214900662251655,6.85,52.462622576310174,47.598538363937045,-0.0927152317880795,52846032.0,2026-10-28,2442099000.0,63201000.0,118935000.0,475706000.0,1623691000.0,edgar,4 quarterly filings,2026-03-31,True,extrapolated,"extrapolated realized TTM growth (not consensus, not guidance)","projected from 8 filings, 91d cadence",2026-08-18
CLSK,"CleanSpark, Inc.",Information Technology,Internet Services & Infrastructure,12.399999618530272,3184531607.232061,-0.36,-0.36,-34.44444338480631,-34.44444338480631,,256817073.0,2026-11-05,766314000.0,-996896000.0,-894632000.0,202601000.0,1780011000.0,edgar,4 quarterly filings,2022-03-31,True,flat,no growth signal; forward EPS held flat at trailing,"projected from 8 filings, 91d cadence",2026-08-18
CLX,Clorox,Consumer Staples,Household Products,105.94000244140624,12810408220.15814,7.470000000000001,4.98,14.182061906480083,21.273092859720126,0.5,120921351.0,2026-11-06,3036000000.0,424000000.0,,1187000000.0,2484000000.0,edgar,4 quarterly filings,2026-03-31,True,extrapolated_clamped,realized TTM growth clamped to +50% before extrapolating (raw rate was distorted),"projected from 8 filings, 91d cadence",2026-08-18
CMC,Commercial Metals,Materials,Steel,72.7300033569336,8045708255.908546,7.035,4.69,10.338308934887504,15.507463402331256,0.5,110624335.0,2026-09-29,1986820000.0,443329000.0,,,3200000000.0,edgar,4 quarterly filings,2026-05-31,True,extrapolated_clamped,realized TTM growth clamped to +50% before extrapolating (raw rate was distorted),"projected from 8 filings, 92d cadence",2026-08-18
CMCSA,Comcast,Communication Services,Cable & Satellite,25.56999969482422,52752780097.17004,7.873921052631578,5.47,3.2474290158495247,4.674588609657079,0.43947368421052624,2063073161.0,2026-10-20,121572000000.0,5699000000.0,9296000000.0,7661000000.0,,edgar,4 quarterly filings,2026-06-30,True,extrapolated,"extrapolated realized TTM growth (not consensus, not guidance)","projected from 8 filings, 89d cadence",2026-08-18
CME,CME Group,Financials,Financial Exchanges & Data,267.8800048828125,17852483339.44812,13.04849342770475,11.36,20.52957349957703,23.580986345318003,0.14863498483316473,66643583.0,2026-10-23,3586300000.0,2196100000.0,2416800000.0,2144200000.0,,edgar,4 quarterly filings,2026-06-30,True,extrapolated,"extrapolated realized TTM growth (not consensus, not guidance)","projected from 8 filings, 91d cadence",2026-08-18
CMG,Chipotle Mexican Grill,Consumer Discretionary,Restaurants,33.7599983215332,42720509556.0379,1.1700869565217387,1.16,28.852555045900118,29.103446828907934,0.008695652173912771,1265418000.0,2026-11-01,6436804000.0,706371000.0,922658000.0,228199000.0,,edgar,4 quarterly filings,2026-06-30,True,extrapolated,"extrapolated realized TTM growth (not consensus, not guidance)","projected from 8 filings, 93d cadence",2026-08-18
CMI,Cummins,Industrials,Construction Machinery & Heavy Transportation Equipment,641.1599731445312,88264958787.87567,15.178171006107362,21.73,42.24224202550772,29.5057511801441,-0.30151076824172285,137664487.0,2026-11-03,33670000000.0,848000000.0,2228000000.0,3179000000.0,1518000000.0,edgar,4 quarterly filings,2026-06-30,True,extrapolated,"extrapolated realized TTM growth (not consensus, not guidance)","projected from 8 filings, 91d cadence",2026-08-18
CMS,CMS Energy,Utilities,Multi-Utilities,71.4000015258789,22389407988.880737,2.688583815028902,3.0500000000000003,26.556732628813865,23.409836565861934,-0.11849710982658956,313577136.0,2026-10-26,4559000000.0,460000000.0,754000000.0,241000000.0,7953000000.0,edgar,4 quarterly filings,2026-06-30,True,extrapolated,"extrapolated realized TTM growth (not consensus, not guidance)","projected from 8 filings, 90d cadence",2026-08-18
CNC,Centene Corporation,Health Care,Managed Health Care,64.41000366210938,31818219759.06372,-4.355,-8.71,-14.78989751139136,-7.39494875569568,-0.5,493995000.0,2026-10-28,103523000000.0,2632000000.0,3059000000.0,24151000000.0,17493000000.0,edgar,4 quarterly filings,2026-06-30,True,extrapolated_clamped,realized TTM growth clamped to -50% before extrapolating (raw rate was distorted),"projected from 8 filings, 92d cadence",2026-08-18
CNH,CNH Industrial,Industrials,Agricultural & Farm Machinery,10.289999961853027,12736200060.604502,0.17500000000000002,0.35000000000000003,58.799999782017295,29.399999891008648,-0.5,1237725958.0,2026-11-02,8629000000.0,145000000.0,,1868000000.0,,edgar,4 quarterly filings,2026-06-30,True,extrapolated_clamped,realized TTM growth clamped to -50% before extrapolating (raw rate was distorted),"projected from 8 filings, 91d cadence",2026-08-18
CNK,"Cinemark Holdings, Inc.",Communication Services,Movies & Entertainment,37.52000045776367,4518345042.086178,0.325,0.65,115.44615525465744,57.72307762732872,-0.5,120424973.0,2026-10-29,643100000.0,-6400000.0,-51600000.0,631900000.0,2543099000.0,edgar,4 quarterly filings,2026-03-31,True,extrapolated_clamped,realized TTM growth clamped to -50% before extrapolating (raw rate was distorted),"projected from 8 filings, 91d cadence",2026-08-18
CNM,Core & Main,Industrials,Trading Companies & Distributors,45.34000015258789,8872246892.198788,2.582008196721311,2.51,17.559975297584877,18.06374508071231,0.0286885245901638,195682551.0,2026-09-09,1910000000.0,108000000.0,177000000.0,150000000.0,2120000000.0,edgar,4 quarterly filings,2026-05-03,True,extrapolated,"extrapolated realized TTM growth (not consensus, not guidance)","projected from 8 filings, 91d cadence",2026-08-18
CNMD,CONMED Corporation,Health Care,Health Care Equipment,49.25,1475098964.0,0.87,1.74,56.60919540229885,28.304597701149426,-0.5,29951248.0,2026-10-28,660534000.0,36899000.0,61820000.0,25856000.0,794171000.0,edgar,4 quarterly filings,2026-06-30,True,extrapolated_clamped,realized TTM growth clamped to -50% before extrapolating (raw rate was distorted),"projected from 8 filings, 91d cadence",2026-08-18
CNO,CNO Financial Group,Financials,Life & Health Insurance,54.810001373291016,5071096471.568768,2.870542372881356,2.91,19.093953076984032,18.835052018313064,-0.013559322033898313,92521371.0,2026-11-05,2314800000.0,163600000.0,280900000.0,656600000.0,1000000000.0,edgar,4 quarterly filings,2026-06-30,True,extrapolated,"extrapolated realized TTM growth (not consensus, not guidance)","projected from 8 filings, 91d cadence",2026-08-18
CNP,CenterPoint Energy,Utilities,Multi-Utilities,40.630001068115234,26578906671.128387,1.7530434782608695,1.68,23.176835926752243,24.18452444530669,0.04347826086956519,654169480.0,2026-10-28,2975000000.0,316000000.0,658000000.0,639000000.0,20566000000.0,edgar,4 quarterly filings,2026-03-31,True,extrapolated,"extrapolated realized TTM growth (not consensus, not guidance)","projected from 8 filings, 92d cadence",2026-08-18
CNR,"Core Natural Resources, Inc.",Energy,Coal & Consumable Fuels,95.87000274658205,4758628094.920053,1.4149999999999998,2.8299999999999996,67.75265211772583,33.876326058862915,-0.5,49636257.0,2026-11-06,3122310000.0,147511000.0,188472000.0,473204000.0,394822000.0,edgar,4 quarterly filings,2026-06-30,True,extrapolated_clamped,realized TTM growth clamped to -50% before extrapolating (raw rate was distorted),"projected from 8 filings, 92d cadence",2026-08-18
CNS,"Cohen & Steers, Inc.",Financials,Asset Management & Custody Banks,83.33999633789062,4285470371.908722,3.8210526315789464,3.3,21.810742843249617,25.254544344815343,0.1578947368421051,51421533.0,2026-10-30,427536000.0,91711000.0,102897000.0,59154000.0,,edgar,4 quarterly filings,2026-06-30,True,extrapolated,"extrapolated realized TTM growth (not consensus, not guidance)","projected from 8 filings, 91d cadence",2026-08-18
CNX,CNX Resources,Energy,Oil & Gas Exploration & Production,35.34000015258789,5228328154.1544075,7.24,7.24,4.881215490688935,4.881215490688935,,147943637.0,2026-10-31,1405138000.0,551090000.0,457961000.0,6162000.0,2223745000.0,edgar,4 quarterly filings,2026-06-30,True,flat,no growth signal; forward EPS held flat at trailing,"projected from 8 filings, 93d cadence",2026-08-18
CNXC,Concentrix,Industrials,Data Processing & Outsourced Services,23.32999992370605,1423558100.844669,3.2955775577557755,3.16,7.079184001845591,7.382911368261408,0.04290429042904287,61018350.0,2026-10-01,4962864000.0,76865000.0,213980000.0,255566000.0,3934874000.0,edgar,4 quarterly filings,2026-05-31,True,extrapolated,"extrapolated realized TTM growth (not consensus, not guidance)","projected from 8 filings, 91d cadence",2026-08-18
CNXN,"PC Connection, Inc.",Information Technology,Technology Distributors,78.55000305175781,1982452753.4705658,5.114205298013245,3.93,15.35918064968427,19.98727813021827,0.3013245033112584,25238099.0,2026-10-28,1331465000.0,50391000.0,63237000.0,123717000.0,,edgar,4 quarterly filings,2026-06-30,True,extrapolated,"extrapolated realized TTM growth (not consensus, not guidance)","projected from 8 filings, 91d cadence",2026-08-18
COCO,The Vita Coco Company,Consumer Staples,Soft Drinks & Non-alcoholic Beverages,65.5,3759508871.0,3.1500000000000004,2.1,20.79365079365079,31.19047619047619,0.5,57397082.0,2026-10-21,292929000.0,79925000.0,96721000.0,278640000.0,,edgar,4 quarterly filings,2026-06-30,True,extrapolated_clamped,realized TTM growth clamped to +50% before extrapolating (raw rate was distorted),"projected from 8 filings, 90d cadence",2026-08-18
COF,Capital One,Financials,Consumer Finance,221.4499969482422,137806734896.26312,1.52,3.04,145.6907874659488,72.8453937329744,-0.5,622292783.0,2026-10-26,15231000000.0,2174000000.0,,,43878000000.0,edgar,4 quarterly filings,2026-03-31,True,extrapolated_clamped,realized TTM growth clamped to -50% before extrapolating (raw rate was distorted),"projected from 8 filings, 90d cadence",2026-08-18
COHR,Coherent Corp.,Information Technology,Electronic Components,351.2200012207031,68780201679.17303,2.81,2.81,124.98932427783029,124.98932427783029,,195832246.0,2026-11-13,1158794000.0,804998000.0,96121000.0,1162018000.0,3222224000.0,edgar,4 quarterly filings,2026-03-31,True,flat,no growth signal; forward EPS held flat at trailing,"projected from 8 filings, 91d cadence",2026-08-18
COHU,"Cohu, Inc.",Information Technology,Semiconductor Materials & Equipment,62.619998931884766,2964332623.8970985,-0.71,-0.71,-88.1971815942039,-88.1971815942039,,47338433.0,2026-10-30,,-12227000.0,-10862000.0,219608000.0,305089000.0,edgar,4 quarterly filings,2026-06-27,True,flat,no growth signal; forward EPS held flat at trailing,"projected from 8 filings, 91d cadence",2026-08-18
COIN,Coinbase,Financials,Financial Exchanges & Data,150.5500030517578,39712380904.99878,2.838754940711462,3.7899999999999996,53.03381454054864,39.72295595033188,-0.2509881422924902,263782000.0,2026-10-29,2633050000.0,-753585000.0,-134909000.0,8614065000.0,5900000000.0,edgar,4 quarterly filings,2026-06-30,True,extrapolated,"extrapolated realized TTM growth (not consensus, not guidance)","projected from 8 filings, 91d cadence",2026-08-18
COKE,Coca-Cola Consolidated,Consumer Staples,Soft Drinks & Non-alcoholic Beverages,186.2100067138672,1329808893.8167267,1.2099999999999997,1.2099999999999997,153.8925675321217,153.8925675321217,,7141447.0,2026-11-07,3899088000.0,270377000.0,508863000.0,171687000.0,2513112000.0,edgar,4 quarterly filings,2019-12-29,True,flat,no growth signal; forward EPS held flat at trailing,"projected from 8 filings, 94d cadence",2026-08-18
COLB,Columbia Banking System,Financials,Regional Banks,32.34000015258789,9149059390.28746,2.797533039647577,2.52,11.560185239728918,12.833333393884084,0.11013215859030834,282902268.0,2026-11-03,177000000.0,400000000.0,,1769000000.0,,edgar,4 quarterly filings,2026-06-30,True,extrapolated,"extrapolated realized TTM growth (not consensus, not guidance)","projected from 8 filings, 91d cadence",2026-08-18
COLL,"Collegium Pharmaceutical, Inc.",Health Care,Pharmaceuticals,28.06999969482422,913836046.9748154,1.4784615384615385,1.24,18.985951926780167,22.637096528084047,0.1923076923076923,32555613.0,2026-11-05,393398000.0,-555000.0,34594000.0,129467000.0,11500000.0,edgar,4 quarterly filings,2026-06-30,True,extrapolated,"extrapolated realized TTM growth (not consensus, not guidance)","projected from 8 filings, 91d cadence",2026-08-18
COLM,Columbia Sportswear,Consumer Discretionary,"Apparel, Accessories & Luxury Goods",57.09000015258789,2922619453.2714615,1.320886524822695,1.93,43.22097249061662,29.5803109598901,-0.3156028368794326,51193194.0,2026-11-05,915623000.0,60861000.0,72877000.0,532305000.0,,edgar,4 quarterly filings,2026-06-30,True,extrapolated,"extrapolated realized TTM growth (not consensus, not guidance)","projected from 8 filings, 91d cadence",2026-08-18
CON,"Concentra Group Holdings Parent, Inc.",Health Care,Health Care Services,35.529998779296875,4530705004.418701,1.620060975609756,1.63,21.931272534926748,21.797545263372317,-0.0060975609756097615,127517736.0,2026-11-05,1175585000.0,115787000.0,210678000.0,158038000.0,,edgar,4 quarterly filings,2026-06-30,True,extrapolated,"extrapolated realized TTM growth (not consensus, not guidance)","projected from 8 filings, 91d cadence",2026-08-18
COO,Cooper Companies (The),Health Care,Health Care Supplies,75.0999984741211,14646800015.406876,0.7492592592592591,1.19,100.23232618889125,63.10924241522781,-0.37037037037037046,195030630.0,2026-09-06,1282400000.0,52900000.0,181800000.0,138800000.0,1859500000.0,edgar,4 quarterly filings,2026-04-30,True,extrapolated,"extrapolated realized TTM growth (not consensus, not guidance)","projected from 8 filings, 93d cadence",2026-08-18
COP,ConocoPhillips,Energy,Oil & Gas Exploration & Production,127.55999755859376,153242605888.2872,7.783559113300494,7.95,16.388389386112593,16.0452827117728,-0.020935960591132896,1201337479.0,2026-11-05,34922000000.0,6114000000.0,,6574000000.0,22797000000.0,edgar,4 quarterly filings,2026-06-30,True,extrapolated,"extrapolated realized TTM growth (not consensus, not guidance)","projected from 8 filings, 91d cadence",2026-08-18
COR,Cencora,Health Care,Health Care Distributors,312.5199890136719,59637303509.31015,28.095,18.73,11.123687097834914,16.68553064675237,0.5,190827165.0,2026-11-04,249042769000.0,2964497000.0,3023259000.0,2815291000.0,11723241000.0,edgar,4 quarterly filings,2026-06-30,True,extrapolated_clamped,realized TTM growth clamped to +50% before extrapolating (raw rate was distorted),"projected from 8 filings, 91d cadence",2026-08-18
CORT,Corcept Therapeutics Incorporated,Health Care,Pharmaceuticals,117.16999816894533,12665888978.555925,0.255,0.51,459.4901888978248,229.7450944489124,-0.5,108098397.0,2026-10-28,421050000.0,11226000.0,-8301000.0,111039000.0,33900000.0,edgar,4 quarterly filings,2026-06-30,True,extrapolated_clamped,realized TTM growth clamped to -50% before extrapolating (raw rate was distorted),"projected from 8 filings, 91d cadence",2026-08-18
COST,Costco,Consumer Staples,Consumer Staples Merchandise Retail,953.5,422857039614.0,21.22614847715736,18.29,44.92100868068997,52.13231273920175,0.16053299492385786,443478804.0,2026-09-02,136904000000.0,6228000000.0,7884000000.0,18946000000.0,6618000000.0,edgar,4 quarterly filings,2026-05-10,True,extrapolated,"extrapolated realized TTM growth (not consensus, not guidance)","projected from 8 filings, 91d cadence",2026-08-18
COTY,Coty,Consumer Staples,Personal Care Products,2.6700000762939453,2350845456.6342583,-0.505,-1.01,-5.287128863948406,-2.643564431974203,-0.5,880466438.0,2026-11-03,4537400000.0,-463800000.0,-38800000.0,257100000.0,3997000000.0,edgar,4 quarterly filings,2026-03-31,True,extrapolated_clamped,realized TTM growth clamped to -50% before extrapolating (raw rate was distorted),"projected from 8 filings, 91d cadence",2026-08-18
CPAY,Corpay,Financials,Transaction & Payment Processing Services,407.6199951171875,26764165423.77649,19.910731707317073,16.66,20.472376460549143,24.4669865016319,0.19512195121951215,65659599.0,2026-11-10,2599796000.0,598373000.0,1108439000.0,3163539000.0,10623531000.0,edgar,4 quarterly filings,2026-06-30,True,extrapolated,"extrapolated realized TTM growth (not consensus, not guidance)","projected from 8 filings, 92d cadence",2026-08-18
CPB,The Campbell's Company,Consumer Staples,Packaged Foods & Meats,22.68000030517578,6763317682.245323,1.28,1.76,17.71875023841858,12.886363809758967,-0.2727272727272727,298206243.0,2026-09-09,7607000000.0,463000000.0,848000000.0,402000000.0,8028000000.0,edgar,4 quarterly filings,2026-05-03,True,extrapolated,"extrapolated realized TTM growth (not consensus, not guidance)","projected from 8 filings, 93d cadence",2026-08-18
CPF,Central Pacific Financial Corp.,Financials,Regional Banks,38.400001525878906,988701428.0874634,3.9289090909090905,2.94,9.773705788899719,13.06122500880235,0.3363636363636362,25747432.0,2026-11-06,26194000.0,41547000.0,,98707000.0,76547000.0,edgar,4 quarterly filings,2026-06-30,True,extrapolated,"extrapolated realized TTM growth (not consensus, not guidance)","projected from 8 filings, 92d cadence",2026-08-18
CPK,Chesapeake Utilities Corp.,Utilities,Gas Utilities,134.5500030517578,3243523593.8170624,4.885986394557824,5.36,27.53794058895132,25.102612509656307,-0.08843537414965974,24106455.0,2026-11-05,555000000.0,84700000.0,152300000.0,400000.0,1500000000.0,edgar,4 quarterly filings,2026-06-30,True,extrapolated,"extrapolated realized TTM growth (not consensus, not guidance)","projected from 8 filings, 91d cadence",2026-08-18
CPRI,Capri Holdings,Consumer Discretionary,"Apparel, Accessories & Luxury Goods",14.670000076293944,1667269244.73093,1.78,1.78,8.241573076569631,8.241573076569631,,113651618.0,2026-11-04,769000000.0,69000000.0,17000000.0,114000000.0,357000000.0,edgar,4 quarterly filings,2026-06-27,True,flat,no growth signal; forward EPS held flat at trailing,"projected from 8 filings, 91d cadence",2026-08-18
CPRT,Copart,Industrials,Diversified Support Services,31.700000762939453,29348224685.738106,1.7613422818791944,1.6199999999999999,17.997637988408698,19.56790170551818,0.08724832214765099,925811482.0,2026-08-27,525659000.0,1156847000.0,1283686000.0,2114183000.0,11006000.0,edgar,4 quarterly filings,2026-04-30,True,extrapolated,"extrapolated realized TTM growth (not consensus, not guidance)","projected from 8 filings, 90d cadence",2026-08-18
CPT,Camden Property Trust,Real Estate,Multi-Family Residential REITs,108.26000213623048,10884390245.775225,3.4799999999999995,2.32,31.10919601615819,46.66379402423728,0.5,100539350.0,2026-10-30,5274000.0,61239000.0,,44717000.0,4848300000.0,edgar,4 quarterly filings,2026-06-30,True,extrapolated_clamped,realized TTM growth clamped to +50% before extrapolating (raw rate was distorted),"projected from 8 filings, 91d cadence",2026-08-18
CR,Crane,Industrials,Industrial Machinery & Supplies & Components,218.58999633789065,12634579606.368776,5.830155979202773,5.8,37.49299283203416,37.6879304030846,0.005199306759098743,57800356.0,2026-10-30,1421100000.0,163000000.0,244400000.0,350400000.0,1148200000.0,edgar,4 quarterly filings,2026-06-30,True,extrapolated,"extrapolated realized TTM growth (not consensus, not guidance)","projected from 8 filings, 91d cadence",2026-08-18
CRBG,Corebridge Financial,Financials,Asset Management & Custody Banks,33.18000030517578,14790732415.998978,-1.0799999999999998,-1.0799999999999998,-30.722222504792395,-30.722222504792395,,445772522.0,2026-11-04,7878000000.0,-51000000.0,,,7868000000.0,edgar,4 quarterly filings,2026-06-30,True,flat,no growth signal; forward EPS held flat at trailing,"projected from 8 filings, 91d cadence",2026-08-18
CRC,California Resources Corporation,Energy,Oil & Gas Exploration & Production,53.52999877929688,4754528763.86728,0.21000000000000008,0.42000000000000015,254.90475609188982,127.45237804594491,-0.5,88819893.0,2026-11-10,1416000000.0,-197000000.0,-200000000.0,56000000.0,1011000000.0,edgar,4 quarterly filings,2026-06-30,True,extrapolated_clamped,realized TTM growth clamped to -50% before extrapolating (raw rate was distorted),"projected from 8 filings, 92d cadence",2026-08-18
CRGY,Crescent Energy Company,Energy,Oil & Gas Exploration & Production,12.6899995803833,4192822763.5970917,,,,,,330403696.0,2026-11-02,2577784000.0,72918000.0,908478000.0,264882000.0,5166022000.0,edgar,none,,False,flat,no growth signal; forward EPS held flat at trailing,"projected from 8 filings, 91d cadence",2026-08-18
CRH,CRH plc,Materials,Construction Materials,96.0500030517578,63900579311.8372,9.135,6.09,10.51450498650879,15.771757479763185,0.5,665284511.0,2026-10-28,18147000000.0,1310000000.0,2041000000.0,3025000000.0,17821000000.0,edgar,4 quarterly filings,2026-06-30,True,extrapolated_clamped,realized TTM growth clamped to +50% before extrapolating (raw rate was distorted),"projected from 8 filings, 90d cadence",2026-08-18
CRI,"Carter's, Inc.",Consumer Discretionary,"Apparel, Accessories & Luxury Goods",37.81999969482422,1388417005.4966354,3.347558441558442,3.5900000000000003,11.297786238861681,10.534818856496996,-0.06753246753246744,36711185.0,2026-11-01,1296603000.0,119294000.0,168269000.0,653571000.0,334500000.0,edgar,4 quarterly filings,2026-07-04,True,extrapolated,"extrapolated realized TTM growth (not consensus, not guidance)","projected from 8 filings, 93d cadence",2026-08-18
CRK,"Comstock Resources, Inc.",Energy,Oil & Gas Exploration & Production,13.550000190734863,3978558481.403675,1.25,1.25,10.84000015258789,10.84000015258789,,293620548.0,2026-10-29,53801000.0,116216000.0,197472000.0,45008000.0,1297312000.0,edgar,4 quarterly filings,2026-06-30,True,flat,no growth signal; forward EPS held flat at trailing,"projected from 8 filings, 91d cadence",2026-08-18
CRL,Charles River Laboratories,Health Care,Life Sciences Tools & Services,286.6400146484375,13683870969.379883,0.915,1.83,313.2677755720628,156.6338877860314,-0.5,47738872.0,2026-11-04,493970000.0,-16325000.0,239785000.0,192025000.0,1610546000.0,edgar,4 quarterly filings,2026-06-27,True,extrapolated_clamped,realized TTM growth clamped to -50% before extrapolating (raw rate was distorted),"projected from 8 filings, 91d cadence",2026-08-18
CRM,Salesforce,Information Technology,Application Software,190.97000122070312,156404430999.75586,11.36273037542662,8.16,16.806700054566157,23.403186424105776,0.39249146757679165,819000000.0,2026-08-27,8391984000.0,2107000000.0,2347000000.0,8935000000.0,39280000000.0,edgar,4 quarterly filings,2026-04-30,True,extrapolated,"extrapolated realized TTM growth (not consensus, not guidance)","projected from 8 filings, 91d cadence",2026-08-18
CROX,Crocs,Consumer Discretionary,Footwear,129.97000122070312,6231421456.276703,0.3599999999999999,0.7199999999999998,361.0277811686199,180.51389058430996,-0.5,47945075.0,2026-10-27,2100925000.0,342443000.0,486522000.0,170276000.0,9041000.0,edgar,4 quarterly filings,2026-06-30,True,extrapolated_clamped,realized TTM growth clamped to -50% before extrapolating (raw rate was distorted),"projected from 8 filings, 89d cadence",2026-08-18
CRS,Carpenter Technology,Industrials,Industrial Machinery & Supplies & Components,542.3800048828125,26879575269.065186,14.915148247978436,10.52,36.36437237265311,51.557034684677994,0.417789757412399,49558566.0,2026-11-11,1961100000.0,529800000.0,702000000.0,393300000.0,692700000.0,edgar,4 quarterly filings,2026-06-30,True,extrapolated,"extrapolated realized TTM growth (not consensus, not guidance)","projected from 8 filings, 91d cadence",2026-08-18
CRSR,Corsair Gaming,Information Technology,"Technology Hardware, Storage & Peripherals",12.239999771118164,1324085953.400259,-0.08,-0.08,-152.99999713897705,-152.99999713897705,,108176959.0,2026-11-05,668847000.0,21627000.0,21404000.0,,118283000.0,edgar,4 quarterly filings,2026-06-30,True,flat,no growth signal; forward EPS held flat at trailing,"projected from 8 filings, 91d cadence",2026-08-18
CRUS,Cirrus Logic,Information Technology,Semiconductors,119.87000274658205,6007592174.721993,8.34201388888889,7.75,14.369432171078305,15.46709712859123,0.07638888888888884,50117561.0,2026-11-04,459723000.0,76851000.0,84436000.0,810666000.0,,edgar,4 quarterly filings,2026-06-27,True,extrapolated,"extrapolated realized TTM growth (not consensus, not guidance)","projected from 8 filings, 91d cadence",2026-08-18
CRVL,CorVel Corporation,Health Care,Health Care Services,66.87000274658203,3378043241.517906,1.904326530612245,2.16,35.11477767685313,30.958334604899086,-0.11836734693877549,50516571.0,2026-11-05,259925000.0,32225000.0,,255883000.0,,edgar,4 quarterly filings,2026-06-30,True,extrapolated,"extrapolated realized TTM growth (not consensus, not guidance)","projected from 8 filings, 91d cadence",2026-08-18
CRWD,CrowdStrike,Information Technology,Systems Software,213.8999938964844,54451413444.25965,-0.38,-0.76,-562.8947207802221,-281.44736039011104,-0.5,254564820.0,2026-09-03,,27774000.0,-30600000.0,4552801000.0,745843000.0,edgar,4 quarterly filings,2026-04-30,True,extrapolated_clamped,realized TTM growth clamped to -50% before extrapolating (raw rate was distorted),"projected from 8 filings, 91d cadence",2026-08-18
CSCO,Cisco,Information Technology,Communications Equipment,112.9000015258789,444987979692.65204,3.7250416666666677,2.99,30.308386221866567,37.7591978347421,0.24583333333333357,3941434665.0,2026-11-17,49330000000.0,9408000000.0,11104000000.0,7083000000.0,22869000000.0,edgar,4 quarterly filings,2026-04-25,True,extrapolated,"extrapolated realized TTM growth (not consensus, not guidance)","projected from 8 filings, 91d cadence",2026-08-18
CSGP,CoStar Group,Real Estate,Real Estate Services,31.350000381469727,12702944538.370613,0.050625,0.09000000000000001,619.2592667944637,348.3333375718858,-0.4375,405197588.0,2026-10-30,273718000.0,58000000.0,79000000.0,1266000000.0,1000000000.0,edgar,4 quarterly filings,2026-06-30,True,extrapolated,"extrapolated realized TTM growth (not consensus, not guidance)","projected from 8 filings, 93d cadence",2026-08-18
CSL,Carlisle Companies,Industrials,Industrial Conglomerates,360.7000122070313,14324888257.891665,15.057505502567867,20.26,23.954831837552273,17.803554403111118,-0.2567865003668378,39714133.0,2026-10-29,5003600000.0,382900000.0,532800000.0,665300000.0,2889900000.0,edgar,4 quarterly filings,2026-06-30,True,extrapolated,"extrapolated realized TTM growth (not consensus, not guidance)","projected from 8 filings, 91d cadence",2026-08-18
CSR,Centerspace Trust,Real Estate,Multi-Family Residential REITs,54.63999938964844,917632419.9507834,1.48,1.48,36.91891850651921,36.91891850651921,,16794151.358,2026-11-02,130851000.0,-13909000.0,3391000.0,8560000.0,989583000.0,edgar,4 quarterly filings,2026-06-30,True,flat,no growth signal; forward EPS held flat at trailing,"projected from 8 filings, 91d cadence",2026-08-18
CSW,"CSW Industrials, Inc.",Industrials,Industrial Conglomerates,342.7099914550781,5583940790.5434265,10.440751445086704,8.5,32.82426492552444,40.31882252412684,0.2283236994219653,16293487.0,2026-10-29,350650000.0,49759000.0,79854000.0,47495000.0,857522000.0,edgar,4 quarterly filings,2026-06-30,True,extrapolated,"extrapolated realized TTM growth (not consensus, not guidance)","projected from 8 filings, 91d cadence",2026-08-18
CSX,CSX Corporation,Industrials,Rail Transportation,50.58000183105469,93698184693.84288,1.820919540229885,1.78,27.777175604732722,28.41573136576106,0.02298850574712641,1852474917.0,2026-10-21,5978000000.0,1809000000.0,2759000000.0,1958000000.0,9832000000.0,edgar,4 quarterly filings,2026-06-30,True,extrapolated,"extrapolated realized TTM growth (not consensus, not guidance)","projected from 8 filings, 91d cadence",2026-08-18
CTAS,Cintas,Industrials,Diversified Support Services,197.82000732421875,79145236810.90558,5.64158024691358,4.779999999999999,35.06464477438622,41.38493877075707,0.18024691358024691,400087119.0,2026-10-29,1619584000.0,1488979000.0,1933477000.0,183204000.0,2427301000.0,edgar,4 quarterly filings,2026-02-28,True,extrapolated,"extrapolated realized TTM growth (not consensus, not guidance)","projected from 8 filings, 92d cadence",2026-08-18
CTRE,CareTrust REIT,Real Estate,Health Care REITs,39.2599983215332,9276870596.129711,2.16,1.44,18.175925148857964,27.26388772328695,0.5,236293199.0,2026-11-05,304131000.0,169206000.0,,47591000.0,1205071000.0,edgar,4 quarterly filings,2026-06-30,True,extrapolated_clamped,realized TTM growth clamped to +50% before extrapolating (raw rate was distorted),"projected from 8 filings, 91d cadence",2026-08-18
CTS,CTS Corporation,Information Technology,Electronic Manufacturing Services,63.369998931884766,1811932676.1594772,2.380802139037433,2.11,26.617079131786014,30.033174849234488,0.12834224598930488,28592910.0,2026-10-28,139230000.0,17197000.0,21982000.0,90851000.0,75000000.0,edgar,4 quarterly filings,2026-03-31,True,extrapolated,"extrapolated realized TTM growth (not consensus, not guidance)","projected from 8 filings, 92d cadence",2026-08-18
CTSH,Cognizant,Information Technology,IT Consulting & Other Services,56.61000061035156,26825750929.31697,4.75505617977528,4.6,11.905222245560704,12.306521871815558,0.033707865168539186,473869469.0,2026-10-28,5413000000.0,662000000.0,843000000.0,1504000000.0,750000000.0,edgar,4 quarterly filings,2026-03-31,True,extrapolated,"extrapolated realized TTM growth (not consensus, not guidance)","projected from 8 filings, 91d cadence",2026-08-18
CTVA,Corteva,Materials,Fertilizers & Agricultural Chemicals,76.01000213623047,50713569385.284424,6.375,4.25,11.923137589996935,17.884706384995404,0.5,667196000.0,2026-10-29,11284000000.0,1881000000.0,,2365000000.0,,edgar,4 quarterly filings,2026-06-30,True,extrapolated_clamped,realized TTM growth clamped to +50% before extrapolating (raw rate was distorted),"projected from 8 filings, 90d cadence",2026-08-18
CUBE,CubeSmart,Real Estate,Industrial REITs,41.13999938964844,9314656600.008087,1.2563372093023255,1.47,32.74598498319928,27.986394142617986,-0.14534883720930236,226413630.0,2026-10-30,281929000.0,42045000.0,164909000.0,7258000.0,,edgar,4 quarterly filings,2026-03-31,True,extrapolated,"extrapolated realized TTM growth (not consensus, not guidance)","projected from 8 filings, 91d cadence",2026-08-18
CUBI,"Customers Bancorp, Inc.",Financials,Regional Banks,82.11000061035156,2773987756.5099945,11.925,7.95,6.885534642377489,10.328301963566235,0.5,33783799.0,2026-11-06,12349000.0,141213000.0,,4178852000.0,,edgar,4 quarterly filings,2026-06-30,True,extrapolated_clamped,realized TTM growth clamped to +50% before extrapolating (raw rate was distorted),"projected from 8 filings, 91d cadence",2026-08-18
CURB,Curbline Properties Corp.,Real Estate,Retail REITs,29.989999771118164,3165124902.403961,0.27675675675675676,0.32,108.36230386048555,93.71874928474426,-0.1351351351351351,105539344.0,2026-10-28,57987000.0,3568000.0,,305778000.0,595503000.0,edgar,4 quarters vs prior 10-K,2026-03-31,True,extrapolated,"extrapolated realized TTM growth (not consensus, not guidance)","projected from 8 filings, 91d cadence",2026-08-18
CUZ,Cousins Properties,Real Estate,Office REITs,29.18000030517578,4803088102.672562,0.07500000000000001,0.15000000000000002,389.066670735677,194.5333353678385,-0.5,164602058.0,2026-10-29,531637000.0,1302000.0,362407000.0,6699000.0,3732064000.0,edgar,4 quarterly filings,2026-06-30,True,extrapolated_clamped,realized TTM growth clamped to -50% before extrapolating (raw rate was distorted),"projected from 8 filings, 91d cadence",2026-08-18
CVBF,CVB Financial Corp.,Financials,Regional Banks,23.149999618530277,4074340553.112307,1.4002777777777775,1.42,16.53243376844059,16.3028166327678,-0.01388888888888895,175997435.0,2026-11-06,,99263000.0,314000000.0,1104359000.0,200000000.0,edgar,4 quarterly filings,2026-06-30,True,extrapolated,"extrapolated realized TTM growth (not consensus, not guidance)","projected from 8 filings, 91d cadence",2026-08-18
CVCO,"Cavco Industries, Inc.",Consumer Discretionary,Homebuilding,599.97998046875,4613487261.776367,27.968891050583654,23.98,21.451690000280852,25.02001586608632,0.16634241245136172,7689402.0,2026-10-29,1374674000.0,42271000.0,52755000.0,243195000.0,,edgar,4 quarterly filings,2026-06-27,True,extrapolated,"extrapolated realized TTM growth (not consensus, not guidance)","projected from 8 filings, 90d cadence",2026-08-18
CVI,"CVR Energy, Inc.",Energy,Oil & Gas Refining & Marketing,36.41999816894531,3661324231.5029755,0.6400000000000003,0.6400000000000003,56.90624713897702,56.90624713897702,,100530599.0,2026-10-28,4718000000.0,-195000000.0,-67000000.0,737000000.0,1700000000.0,edgar,4 quarterly filings,2026-06-30,True,flat,no growth signal; forward EPS held flat at trailing,"projected from 8 filings, 91d cadence",2026-08-18
CVLT,CommVault Systems,Information Technology,Systems Software,144.32000732421875,5981279780.029053,2.2192028985507246,1.75,65.03236248405612,82.46857561383929,0.2681159420289856,41444564.0,2026-10-28,314131000.0,21139000.0,25719000.0,929837000.0,,edgar,4 quarterly filings,2026-06-30,True,extrapolated,"extrapolated realized TTM growth (not consensus, not guidance)","projected from 8 filings, 91d cadence",2026-08-18
CVNA,Carvana,Consumer Discretionary,Automotive Retail,70.08999633789062,51878792949.401855,5.2299999999999995,5.2299999999999995,13.401528936499165,13.401528936499165,,740174000.0,2026-10-28,13808000000.0,560000000.0,1261000000.0,2630000000.0,4918000000.0,edgar,4 quarterly filings,2024-03-31,True,flat,no growth signal; forward EPS held flat at trailing,"projected from 8 filings, 91d cadence",2026-08-18
CVS,CVS Health,Health Care,Health Care Services,94.01000213623048,120236007121.8655,1.3788859416445627,2.2800000000000002,68.1782294655257,41.232457077294065,-0.39522546419098137,1278970369.0,2026-11-05,206522000000.0,5922000000.0,9383000000.0,11329000000.0,69054000000.0,edgar,4 quarterly filings,2026-06-30,True,extrapolated,"extrapolated realized TTM growth (not consensus, not guidance)","projected from 8 filings, 92d cadence",2026-08-18
CVSA,Covista Inc.,Consumer Discretionary,Education Services,132.32000732421875,4504016911.707764,8.51378698224852,6.57,15.541850835604603,20.140031556197677,0.29585798816568043,34038820.0,2026-11-05,1954085000.0,251566000.0,383376000.0,406316000.0,662850000.0,edgar,4 quarterly filings,2026-03-31,True,extrapolated,"extrapolated realized TTM growth (not consensus, not guidance)","projected from 8 filings, 91d cadence",2026-08-18
CVX,Chevron Corporation,Energy,Integrated Oil & Gas,202.6999969482422,400488831210.2246,11.137661943319838,10.49,18.199510631566426,19.323164628049778,0.061740890688259054,1975771274.0,2026-11-05,118662000000.0,14282000000.0,,4008000000.0,25676000000.0,edgar,4 quarterly filings,2026-06-30,True,extrapolated,"extrapolated realized TTM growth (not consensus, not guidance)","projected from 8 filings, 91d cadence",2026-08-18
CW,Curtiss-Wright,Industrials,Aerospace & Defense,696.0700073242188,25708958705.595947,19.412317554240634,14.030000000000001,35.857130678977676,49.6129727244632,0.3836291913214991,36934444.0,2026-11-05,913687000.0,279354000.0,338200000.0,343447000.0,957387000.0,edgar,4 quarterly filings,2026-06-30,True,extrapolated,"extrapolated realized TTM growth (not consensus, not guidance)","projected from 8 filings, 91d cadence",2026-08-18
CWEN,"Clearway Energy, Inc. (Class C)",Utilities,Renewable Electricity,34.150001525878906,7009899678.763985,0.8395522388059701,0.75,40.676446261935766,45.53333536783854,0.11940298507462677,205267917.0,2026-11-04,835000000.0,-41000000.0,136000000.0,251000000.0,8674000000.0,edgar,annual 10-K only (no TTM),2024-12-31,True,extrapolated,"extrapolated realized TTM growth (not consensus, not guidance)","projected from 8 filings, 91d cadence",2026-08-18
CWEN-A,"Clearway Energy, Inc. (Class A)",Utilities,Renewable Electricity,,,,,,,,,,,,,,,edgar,no CIK,,False,flat,no growth signal; forward EPS held flat at trailing,no filing history,2026-08-18
CWK,Cushman & Wakefield plc,Real Estate,Real Estate Services,14.09000015258789,3307116181.5344696,0.96,0.64,14.677083492279053,22.01562523841858,0.5,234713708.0,2026-11-04,5298400000.0,40100000.0,192800000.0,500500000.0,2611100000.0,edgar,4 quarterly filings,2026-06-30,True,extrapolated_clamped,realized TTM growth clamped to +50% before extrapolating (raw rate was distorted),"projected from 8 filings, 91d cadence",2026-08-18
CWST,"Casella Waste Systems, Inc.",Industrials,Environmental & Facilities Services,89.30999755859375,5678240334.777832,0.31500000000000006,0.21000000000000002,283.52380177331344,425.2857026599702,0.5,63579000.0,2026-11-08,1001076000.0,-1769000.0,24819000.0,25541000.0,,edgar,4 quarterly filings,2026-06-30,True,extrapolated_clamped,realized TTM growth clamped to +50% before extrapolating (raw rate was distorted),"projected from 8 filings, 93d cadence",2026-08-18
CWT,California Water Service Group,Utilities,Water Utilities,49.65999984741211,3070929746.224102,2.375822784810127,2.74,20.90223234027149,18.124087535551862,-0.13291139240506322,61839101.0,2026-10-29,475369000.0,60502000.0,89063000.0,43445000.0,1474238000.0,edgar,4 quarterly filings,2026-06-30,True,extrapolated,"extrapolated realized TTM growth (not consensus, not guidance)","projected from 8 filings, 91d cadence",2026-08-18
CXM,"Sprinklr, Inc.",Information Technology,Application Software,6.699999809265137,639556950.5931625,0.035,0.07,191.42856597900388,95.71428298950194,-0.5,95456264.0,2026-09-03,219479000.0,4181000.0,10609000.0,163333000.0,0.0,edgar,4 quarterly filings,2026-04-30,True,extrapolated_clamped,realized TTM growth clamped to -50% before extrapolating (raw rate was distorted),"projected from 8 filings, 91d cadence",2026-08-18
CXT,Crane NXT,Information Technology,Electronic Equipment & Instruments,50.33000183105469,2897060535.7178955,1.5877042801556418,2.02,31.699859010344714,24.91584249062113,-0.21400778210116744,57561304.0,2026-11-04,1034400000.0,41800000.0,91100000.0,231400000.0,1260000000.0,edgar,4 quarterly filings,2026-06-30,True,extrapolated,"extrapolated realized TTM growth (not consensus, not guidance)","projected from 8 filings, 91d cadence",2026-08-18
CXW,CoreCivic,Industrials,Diversified Support Services,33.58000183105469,3320843541.6993866,2.01,1.3399999999999999,16.706468572664026,25.059702858996037,0.5,98893489.0,2026-11-05,1299646000.0,122320000.0,6539000.0,108934000.0,1200000000.0,edgar,4 quarterly filings,2026-06-30,True,extrapolated_clamped,realized TTM growth clamped to +50% before extrapolating (raw rate was distorted),"projected from 8 filings, 91d cadence",2026-08-18
CYTK,Cytokinetics,Health Care,Biotechnology,75.87000274658203,10547707105.499222,-6.84,-6.84,-11.092105664704976,-11.092105664704976,,139023418.0,2026-11-05,22124000.0,-404793000.0,-362790000.0,255271000.0,1001919000.0,edgar,4 quarterly filings,2026-06-30,True,flat,no growth signal; forward EPS held flat at trailing,"projected from 8 filings, 91d cadence",2026-08-18
CZR,Caesars Entertainment,Consumer Discretionary,Casinos & Gaming,29.65999984741211,6042346202.434738,-1.44,-1.44,-20.59722211625841,-20.59722211625841,,203720372.0,2026-10-27,440192000.0,-160000000.0,1013000000.0,965000000.0,11807000000.0,edgar,4 quarterly filings,2026-06-30,True,flat,no growth signal; forward EPS held flat at trailing,"projected from 8 filings, 91d cadence",2026-08-18
D,Dominion Energy,Utilities,Multi-Utilities,68.7699966430664,60480145112.03661,4.327424242424242,3.38,15.891669683982995,20.34615285297823,0.2803030303030303,879455403.0,2026-10-30,5019000000.0,621000000.0,1392000000.0,351000000.0,46332000000.0,edgar,4 quarterly filings,2026-03-31,True,extrapolated,"extrapolated realized TTM growth (not consensus, not guidance)","projected from 8 filings, 91d cadence",2026-08-18
DAL,Delta Air Lines,Industrials,Passenger Airlines,87.58999633789062,57601198789.41254,11.16,7.4399999999999995,7.848565980097726,11.77284897014659,0.5,657623030.0,2026-10-09,10742000000.0,1315000000.0,2365000000.0,4665000000.0,12905000000.0,edgar,4 quarterly filings,2026-06-30,True,extrapolated_clamped,realized TTM growth clamped to +50% before extrapolating (raw rate was distorted),"projected from 8 filings, 91d cadence",2026-08-18
DAN,Dana Incorporated,Consumer Discretionary,Automotive Parts & Equipment,31.350000381469727,3372528927.6872463,10.05,10.05,3.1194030230318135,3.1194030230318135,,107576679.0,2026-11-04,3878000000.0,1082000000.0,95000000.0,331000000.0,855000000.0,edgar,4 quarterly filings,2026-06-30,True,flat,no growth signal; forward EPS held flat at trailing,"projected from 8 filings, 90d cadence",2026-08-18
DAR,Darling Ingredients,Consumer Staples,Agricultural Products & Services,67.66999816894531,10678523036.774231,5.16,3.44,13.114340730415758,19.67151109562364,0.5,157802916.0,2026-11-07,3274899000.0,521625000.0,782009000.0,160742000.0,1845530000.0,edgar,4 quarterly filings,2026-07-04,True,extrapolated_clamped,realized TTM growth clamped to +50% before extrapolating (raw rate was distorted),"projected from 8 filings, 92d cadence",2026-08-18
DASH,DoorDash,Consumer Discretionary,Specialized Consumer Services,212.72000122070312,93773996298.12622,3.12,2.08,68.17948757073817,102.26923135610727,0.5,440833000.0,2026-11-04,8490000000.0,384000000.0,307000000.0,4424000000.0,,edgar,4 quarterly filings,2026-06-30,True,extrapolated_clamped,realized TTM growth clamped to +50% before extrapolating (raw rate was distorted),"projected from 8 filings, 91d cadence",2026-08-18
DAVE,"Dave, Inc.",Financials,Consumer Finance,341.42999267578125,4792906489.6744995,17.205,11.469999999999999,19.844812128787055,29.767218193180582,0.5,14037743.0,2026-11-04,329207000.0,64623000.0,-6376928.0,209613000.0,0.0,edgar,4 quarterly filings,2026-06-30,True,extrapolated_clamped,realized TTM growth clamped to +50% before extrapolating (raw rate was distorted),"projected from 8 filings, 91d cadence",2026-08-18
DBD,Diebold Nixdorf,Information Technology,Electronic Equipment & Instruments,69.69999694824219,2366077080.003235,2.02,2.02,34.50494898427831,34.50494898427831,,33946588.0,2026-10-26,1822500000.0,20500000.0,90000000.0,358600000.0,942900000.0,edgar,4 quarterly filings,2026-06-30,True,flat,no growth signal; forward EPS held flat at trailing,"projected from 8 filings, 89d cadence",2026-08-18
DBX,Dropbox,Information Technology,Application Software,33.380001068115234,7737484247.589111,2.0964556962025314,1.8199999999999998,15.922111365662987,18.340659927535846,0.1518987341772151,231800000.0,2026-11-06,1015800000.0,210300000.0,337600000.0,1056200000.0,,edgar,4 quarterly filings,2026-06-30,True,extrapolated,"extrapolated realized TTM growth (not consensus, not guidance)","projected from 8 filings, 91d cadence",2026-08-18
DCH,Dauch Corporation,Consumer Discretionary,Automotive Parts & Equipment,6.800000190734863,1615711338.9194813,-0.065,-0.13,-104.61538754976712,-52.30769377488356,-0.5,237604602.0,2026-11-06,5836700000.0,-99300000.0,66000000.0,880800000.0,5025900000.0,edgar,4 quarterly filings,2026-06-30,True,extrapolated_clamped,realized TTM growth clamped to -50% before extrapolating (raw rate was distorted),"projected from 8 filings, 91d cadence",2026-08-18
DCI,Donaldson Company,Industrials,Industrial Machinery & Supplies & Components,94.68000030517578,10974458817.453247,3.133003003003003,3.23,30.220207326461036,29.31269359293368,-0.03003003003003002,115911056.0,2026-09-01,2844900000.0,324500000.0,423300000.0,204100000.0,640000000.0,edgar,4 quarterly filings,2026-04-30,True,extrapolated,"extrapolated realized TTM growth (not consensus, not guidance)","projected from 8 filings, 91d cadence",2026-08-18
DCOM,"Dime Community Bancshares, Inc.",Financials,Regional Banks,40.880001068115234,1805121650.7643318,4.095,2.73,9.982906243739984,14.974359365609976,0.5,44156595.0,2026-10-29,12213000.0,69396000.0,,876828000.0,,edgar,4 quarterly filings,2026-06-30,True,extrapolated_clamped,realized TTM growth clamped to +50% before extrapolating (raw rate was distorted),"projected from 8 filings, 90d cadence",2026-08-18
DD,DuPont,Industrials,Industrial Conglomerates,143.07000732421875,19320599422.33429,0.8500000000000001,0.8500000000000001,168.31765567555146,168.31765567555146,,135042975.0,2026-11-03,20397000000.0,304000000.0,,1740000000.0,7170000000.0,edgar,4 quarterly filings,2026-06-30,True,flat,no growth signal; forward EPS held flat at trailing,"projected from 8 filings, 91d cadence",2026-08-18
DDOG,Datadog,Information Technology,Application Software,247.32000732421875,19335628048.53186,0.3208888888888889,0.38,770.7340948469421,650.8421245374177,-0.15555555555555556,78180606.0,2026-11-05,2127880000.0,97132000.0,12782000.0,434957000.0,,edgar,4 quarterly filings,2026-06-30,True,extrapolated,"extrapolated realized TTM growth (not consensus, not guidance)","projected from 8 filings, 91d cadence",2026-08-18
DE,Deere & Company,Industrials,Agricultural & Farm Machinery,599.9199829101562,161940855392.81158,17.10105610561056,20.36,35.080873321813904,29.46561802112752,-0.16006600660066006,269937425.0,2026-08-27,22981000000.0,2429000000.0,9039000000.0,7905000000.0,32447000000.0,edgar,4 quarterly filings,2026-05-03,True,extrapolated,"extrapolated realized TTM growth (not consensus, not guidance)","projected from 8 filings, 91d cadence",2026-08-18
DEA,"Easterly Government Properties, Inc.",Real Estate,Office REITs,24.530000686645508,1160799297.5031757,0.095,0.19,258.2105335436369,129.10526677181846,-0.5,47321617.0,2026-11-02,183962000.0,4415000.0,21997000.0,3300000.0,1707185000.0,edgar,4 quarterly filings,2026-06-30,True,extrapolated_clamped,realized TTM growth clamped to -50% before extrapolating (raw rate was distorted),"projected from 8 filings, 91d cadence",2026-08-18
DECK,Deckers Brands,Consumer Discretionary,Footwear,90.11000061035156,12292286078.230637,4.789154518950437,7.0200000000000005,18.815429791164796,12.836182423127003,-0.31778425655976683,136414227.0,2026-10-29,1019531000.0,129972000.0,155301000.0,1602589000.0,,edgar,4 quarterly filings,2026-06-30,True,extrapolated,"extrapolated realized TTM growth (not consensus, not guidance)","projected from 8 filings, 91d cadence",2026-08-18
DEI,Douglas Emmett,Real Estate,Office REITs,11.600000381469728,1942829161.0905592,-0.07500000000000001,-0.15000000000000002,-154.6666717529297,-77.33333587646484,-0.5,167485267.0,2026-11-06,507507000.0,-5179000.0,128526000.0,354962000.0,5722565000.0,edgar,4 quarterly filings,2026-06-30,True,extrapolated_clamped,realized TTM growth clamped to -50% before extrapolating (raw rate was distorted),"projected from 8 filings, 91d cadence",2026-08-18
DELL,Dell Technologies,Information Technology,"Technology Hardware, Storage & Peripherals",479.80999755859375,311396688415.52734,15.885,10.59,30.205224901390856,45.30783735208629,0.5,649000000.0,2026-09-08,43842000000.0,3438000000.0,3656000000.0,11578000000.0,31161000000.0,edgar,4 quarterly filings,2026-05-01,True,extrapolated_clamped,realized TTM growth clamped to +50% before extrapolating (raw rate was distorted),"projected from 8 filings, 91d cadence",2026-08-18
DFH,"Dream Finders Homes, Inc.",Consumer Discretionary,Homebuilding,15.079999923706056,1385604138.1098406,0.7646538461538464,1.4100000000000001,19.72134188503382,10.695035406883727,-0.4576923076923076,91883564.0,2026-10-29,1951263000.0,40977000.0,,203494000.0,1817113000.0,edgar,4 quarterly filings,2026-06-30,True,extrapolated,"extrapolated realized TTM growth (not consensus, not guidance)","projected from 8 filings, 91d cadence",2026-08-18
DFIN,"Donnelley Financial Solutions, Inc.",Financials,Financial Exchanges & Data,47.720001220703125,1173214506.7714539,1.6025641025641026,2.5,29.77728076171875,19.08800048828125,-0.3589743589743589,24585383.0,2026-10-29,963000000.0,69900000.0,104500000.0,25300000.0,204000000.0,edgar,4 quarterly filings,2026-06-30,True,extrapolated,"extrapolated realized TTM growth (not consensus, not guidance)","projected from 8 filings, 91d cadence",2026-08-18
DG,Dollar General,Consumer Staples,Consumer Staples Merchandise Retail,120.08000183105467,26488044975.66621,8.70661818181818,6.92,13.791807487528835,17.35260142067264,0.25818181818181807,220586647.0,2026-09-01,10786965000.0,444127000.0,638516000.0,1353113000.0,5191335000.0,edgar,4 quarterly filings,2026-05-01,True,extrapolated,"extrapolated realized TTM growth (not consensus, not guidance)","projected from 8 filings, 91d cadence",2026-08-18
DGII,Digi International Inc.,Information Technology,Communications Equipment,83.33999633789062,3162596431.849823,1.7531521739130433,1.27,47.53722898559079,65.6220443605438,0.38043478260869557,37948123.0,2026-11-04,391875000.0,38754000.0,56294000.0,27972000.0,108130000.0,edgar,4 quarterly filings,2026-06-30,True,extrapolated,"extrapolated realized TTM growth (not consensus, not guidance)","projected from 8 filings, 91d cadence",2026-08-18
DGX,Quest Diagnostics,Health Care,Health Care Services,235.5200042724609,25995134218.765865,12.276575520833335,9.71,19.18450335541729,24.255407237122647,0.26432291666666674,110373360.0,2026-10-22,5938000000.0,572000000.0,858000000.0,626000000.0,5642000000.0,edgar,4 quarterly filings,2026-06-30,True,extrapolated,"extrapolated realized TTM growth (not consensus, not guidance)","projected from 8 filings, 91d cadence",2026-08-18
DHI,D. R. Horton,Consumer Discretionary,Homebuilding,148.33999633789062,41490884922.48337,9.156042154566745,10.83,16.201322998922993,13.69713724264918,-0.1545667447306791,279701267.0,2026-10-22,23672200000.0,2147600000.0,,2078700000.0,,edgar,4 quarterly filings,2026-06-30,True,extrapolated,"extrapolated realized TTM growth (not consensus, not guidance)","projected from 8 filings, 91d cadence",2026-08-18
DHR,Danaher Corporation,Health Care,Life Sciences Tools & Services,202.6300048828125,142446067554.5691,4.359765166340508,4.72,46.47727507142219,42.93008578025689,-0.07632093933463802,702986054.0,2026-10-20,19893000000.0,1899000000.0,2471000000.0,5687700000.0,26558000000.0,edgar,4 quarterly filings,2026-06-26,True,extrapolated,"extrapolated realized TTM growth (not consensus, not guidance)","projected from 8 filings, 91d cadence",2026-08-18
DINO,HF Sinclair,Energy,Oil & Gas Refining & Marketing,94.98999786376952,16887687436.722723,17.61,11.74,5.394094143314566,8.09114121497185,0.5,177783849.0,2026-10-29,29219912000.0,1540000000.0,2015000000.0,2262000000.0,2772000000.0,edgar,4 quarterly filings,2026-06-30,True,extrapolated_clamped,realized TTM growth clamped to +50% before extrapolating (raw rate was distorted),"projected from 8 filings, 91d cadence",2026-08-18
DIOD,Diodes Incorporated,Information Technology,Semiconductors,107.55999755859376,4953321277.369081,3.93,2.62,27.368956121779583,41.05343418266937,0.5,46051705.0,2026-11-04,554340000.0,61610000.0,53055000.0,430447000.0,21909000.0,edgar,4 quarterly filings,2026-06-30,True,extrapolated_clamped,realized TTM growth clamped to +50% before extrapolating (raw rate was distorted),"projected from 8 filings, 91d cadence",2026-08-18
DIS,Walt Disney Company (The),Communication Services,Movies & Entertainment,103.5,178712094357.0,10.56,7.04,9.801136363636363,14.701704545454545,0.5,1726686902.0,2026-11-04,76397000000.0,7287000000.0,14758000000.0,5185000000.0,42026000000.0,edgar,4 quarterly filings,2026-06-27,True,extrapolated_clamped,realized TTM growth clamped to +50% before extrapolating (raw rate was distorted),"projected from 8 filings, 91d cadence",2026-08-18
DKS,Dick's Sporting Goods,Consumer Discretionary,Specialty Stores,196.2400054931641,18401224757.808384,11.906518345042935,12.35,16.481728730957283,15.889878987300737,-0.03590944574551136,93768978.0,2026-09-02,5164504000.0,319822000.0,450650000.0,998228000.0,,edgar,4 quarterly filings,2026-05-02,True,extrapolated,"extrapolated realized TTM growth (not consensus, not guidance)","projected from 8 filings, 90d cadence",2026-08-18
DLB,Dolby,Information Technology,Application Software,61.34999847412109,5880949503.730773,1.7647213114754097,2.32,34.76469518171621,26.443964859534955,-0.239344262295082,95859000.0,2026-10-29,1047331000.0,176844000.0,209422000.0,669394000.0,,edgar,4 quarterly filings,2026-06-26,True,extrapolated,"extrapolated realized TTM growth (not consensus, not guidance)","projected from 8 filings, 91d cadence",2026-08-18
DLR,Digital Realty,Real Estate,Data Center REITs,197.91000366210935,69546776600.58745,4.266783625730994,3.82,46.383885620214215,51.80890148222758,0.11695906432748537,351406070.0,2026-10-30,1635173000.0,179274000.0,267806000.0,2426631000.0,3271848000.0,edgar,4 quarterly filings,2026-03-31,True,extrapolated,"extrapolated realized TTM growth (not consensus, not guidance)","projected from 8 filings, 91d cadence",2026-08-18
DLTR,Dollar Tree,Consumer Staples,Consumer Staples Merchandise Retail,129.5399932861328,24894294839.28534,5.48,5.48,23.638684906228615,23.638684906228615,,192174588.0,2026-08-26,4975800000.0,347300000.0,473300000.0,1007300000.0,2431700000.0,edgar,4 quarterly filings,2026-05-02,True,flat,no growth signal; forward EPS held flat at trailing,"projected from 8 filings, 90d cadence",2026-08-18
DLX,Deluxe Corporation,Industrials,Commercial Printing,24.270000457763672,1112932179.2913437,3.63,2.42,6.685950539328835,10.028925808993254,0.5,45856290.0,2026-11-05,1037400000.0,54900000.0,127400000.0,34900000.0,1352200000.0,edgar,4 quarterly filings,2026-06-30,True,extrapolated_clamped,realized TTM growth clamped to +50% before extrapolating (raw rate was distorted),"projected from 8 filings, 91d cadence",2026-08-18
DMC,Del Monte Corporation,Consumer Staples,Packaged Foods & Meats,30.420000076293945,1434187955.156971,0.61,1.22,49.86885258408844,24.93442629204422,-0.5,47146218.0,2026-10-31,2263200000.0,31200000.0,53600000.0,36100000.0,725000000.0,edgar,4 quarterly filings,2026-06-26,True,extrapolated_clamped,realized TTM growth clamped to -50% before extrapolating (raw rate was distorted),"projected from 8 filings, 92d cadence",2026-08-18
DNOW,NOW Inc,Industrials,Trading Companies & Distributors,16.149999618530273,2919692070.6856556,0.005000000000000011,0.010000000000000023,3229.9999237060474,1614.9999618530237,-0.5,180785891.0,2026-11-05,764000000.0,-65000000.0,-49000000.0,114000000.0,474000000.0,edgar,4 quarterly filings,2026-06-30,True,extrapolated_clamped,realized TTM growth clamped to -50% before extrapolating (raw rate was distorted),"projected from 8 filings, 91d cadence",2026-08-18
DOC,Healthpeak Properties,Real Estate,Health Care REITs,20.57999992370605,14190470958.193243,0.14400000000000004,0.24000000000000002,142.91666613684754,85.74999968210854,-0.3999999999999999,689527260.0,2026-11-07,1524531000.0,246451000.0,,1626827000.0,10032186000.0,edgar,4 quarterly filings,2026-06-30,True,extrapolated,"extrapolated realized TTM growth (not consensus, not guidance)","projected from 8 filings, 94d cadence",2026-08-18
DOCN,DigitalOcean,Information Technology,Internet Services & Infrastructure,135.27999877929688,15906161380.470276,3.51,2.34,38.54131019353188,57.81196529029781,0.5,117579550.0,2026-11-03,539089000.0,51208000.0,65942000.0,767026000.0,921053000.0,edgar,4 quarterly filings,2026-06-30,True,extrapolated_clamped,realized TTM growth clamped to +50% before extrapolating (raw rate was distorted),"projected from 8 filings, 91d cadence",2026-08-18
DOCS,Doximity,Health Care,Health Care Technology,24.520000457763672,4409897562.328339,1.0003846153846154,1.02,24.510573314181293,24.03921613506242,-0.019230769230769273,179849000.0,2026-11-05,156618000.0,24315000.0,33644000.0,273604000.0,,edgar,4 quarterly filings,2026-06-30,True,extrapolated,"extrapolated realized TTM growth (not consensus, not guidance)","projected from 8 filings, 91d cadence",2026-08-18
DOCU,Docusign,Information Technology,Application Software,59.81999969482422,11422306392.28833,0.72,1.44,83.08333290947809,41.541666454739044,-0.5,190944608.0,2026-09-04,830235000.0,78197000.0,111309000.0,548027000.0,,edgar,4 quarterly filings,2026-04-30,True,extrapolated_clamped,realized TTM growth clamped to -50% before extrapolating (raw rate was distorted),"projected from 8 filings, 91d cadence",2026-08-18
DORM,"Dorman Products, Inc.",Consumer Discretionary,Automotive Parts & Equipment,133.6999969482422,3967630036.037201,12.25,8.75,10.914285465162628,15.279999651227678,0.3999999999999999,29675618.0,2026-11-03,1073368000.0,131322000.0,175000000.0,131982000.0,440625000.0,edgar,4 quarterly filings,2026-06-27,True,extrapolated,"extrapolated realized TTM growth (not consensus, not guidance)","projected from 8 filings, 91d cadence",2026-08-18
DOV,Dover Corporation,Industrials,Industrial Machinery & Supplies & Components,206.47000122070312,27807426220.15457,6.352662942271881,8.26,32.50133103187495,24.996368186525803,-0.23091247672253246,134680225.0,2026-10-22,1775589000.0,550679000.0,697696000.0,739144000.0,3259988000.0,edgar,4 quarterly filings,2026-06-30,True,extrapolated,"extrapolated realized TTM growth (not consensus, not guidance)","projected from 8 filings, 91d cadence",2026-08-18
DOW,Dow Inc.,Materials,Commodity Chemicals,31.34000015258789,22588036776.896416,-1.14,-2.28,-27.491228204024466,-13.745614102012233,-0.5,720741438.0,2026-10-23,9794000000.0,-533000000.0,,4110000000.0,16208000000.0,edgar,4 quarterly filings,2026-03-31,True,extrapolated_clamped,realized TTM growth clamped to -50% before extrapolating (raw rate was distorted),"projected from 8 filings, 91d cadence",2026-08-18
DPZ,Domino's,Consumer Discretionary,Restaurants,335.4200134277344,11096275997.91275,16.050099194048354,16.09,20.898314046066066,20.84648933671438,-0.002479851208927686,33081735.0,2026-10-19,2345021000.0,275561000.0,462396000.0,164836000.0,14600000.0,edgar,4 quarterly filings,2026-06-14,True,extrapolated,"extrapolated realized TTM growth (not consensus, not guidance)","projected from 8 filings, 91d cadence",2026-08-18
DRH,DiamondRock Hospitality Company,Real Estate,Hotel & Resort REITs,12.359999656677246,2528926146.914214,1.185,0.79,10.4303794571116,15.6455691856674,0.5,204605681.0,2026-10-27,576448000.0,104944000.0,-219031000.0,105980000.0,1099038000.0,edgar,4 quarterly filings,2026-06-30,True,extrapolated_clamped,realized TTM growth clamped to +50% before extrapolating (raw rate was distorted),"projected from 8 filings, 89d cadence",2026-08-18
DRI,Darden Restaurants,Consumer Discretionary,Restaurants,225.5,25724582009.5,11.660618686868684,9.61,19.33859652352248,23.465140478668054,0.21338383838383823,114077969.0,2026-10-25,13210900000.0,1206700000.0,1582800000.0,219500000.0,1637700000.0,edgar,4 quarterly filings,2026-02-22,True,extrapolated,"extrapolated realized TTM growth (not consensus, not guidance)","projected from 8 filings, 93d cadence",2026-08-18
DT,Dynatrace,Information Technology,Application Software,47.61000061035156,13759391490.4729,0.3,0.6,158.70000203450522,79.35000101725261,-0.5,289002128.0,2026-11-04,554548000.0,36651000.0,71476000.0,1057780000.0,214947000.0,edgar,4 quarterly filings,2026-06-30,True,extrapolated_clamped,realized TTM growth clamped to -50% before extrapolating (raw rate was distorted),"projected from 8 filings, 91d cadence",2026-08-18
DTE,DTE Energy,Utilities,Multi-Utilities,141.14999389648438,29363195110.24594,5.9503012912482065,6.4399999999999995,23.721486860520816,21.917700915603167,-0.07604017216642756,208028313.0,2026-10-27,3753000000.0,247000000.0,412000000.0,238000000.0,25306000000.0,edgar,4 quarterly filings,2026-03-31,True,extrapolated,"extrapolated realized TTM growth (not consensus, not guidance)","projected from 8 filings, 91d cadence",2026-08-18
DTM,DT Midstream,Energy,Oil & Gas Storage & Transportation,135.0,13772064960.0,5.221603053435115,4.53,25.854129204859433,29.801324503311257,0.15267175572519087,102015296.0,2026-10-29,679000000.0,242000000.0,339000000.0,172000000.0,3350000000.0,edgar,4 quarterly filings,2026-06-30,True,extrapolated,"extrapolated realized TTM growth (not consensus, not guidance)","projected from 8 filings, 91d cadence",2026-08-18
DUK,Duke Energy,Utilities,Electric Utilities,123.58000183105467,96342501924.34329,8.475018382352943,6.79,14.58167950271098,18.200294820479332,0.24816176470588247,779596217.0,2026-11-03,11284000000.0,1550000000.0,2725000000.0,2140000000.0,87212000000.0,edgar,4 quarterly filings,2026-03-31,True,extrapolated,"extrapolated realized TTM growth (not consensus, not guidance)","projected from 8 filings, 91d cadence",2026-08-18
DUOL,Duolingo,Consumer Discretionary,Education Services,130.16000366210938,2166513260.9558105,12.615,8.41,10.317875835284136,15.476813752926203,0.5,16645000.0,2026-11-05,590421000.0,76618000.0,78472000.0,1180887000.0,,edgar,4 quarterly filings,2026-06-30,True,extrapolated_clamped,realized TTM growth clamped to +50% before extrapolating (raw rate was distorted),"projected from 8 filings, 91d cadence",2026-08-18
DV,DoubleVerify Holdings Inc.,Communication Services,Advertising,13.300000190734863,2061325094.661395,0.27842105263157896,0.23,47.769376866533534,57.82608778580375,0.21052631578947367,154986847.0,2026-11-07,374614000.0,19328000.0,38661000.0,210174000.0,22000000.0,edgar,4 quarterly filings,2026-06-30,True,extrapolated,"extrapolated realized TTM growth (not consensus, not guidance)","projected from 8 filings, 92d cadence",2026-08-18
DVA,DaVita,Health Care,Health Care Services,176.6999969482422,11273459805.297852,13.728507772020723,11.51,12.871027199938235,15.35186767578125,0.19274611398963715,63800000.0,2026-11-03,6969632000.0,462927000.0,1060893000.0,668963000.0,8503434000.0,edgar,4 quarterly filings,2026-06-30,True,extrapolated,"extrapolated realized TTM growth (not consensus, not guidance)","projected from 8 filings, 91d cadence",2026-08-18
DVN,Devon Energy,Energy,Oil & Gas Exploration & Production,47.56999969482422,52326999664.30664,5.121471264367816,4.72,9.288346500309059,10.07838976585259,0.08505747126436791,1100000000.0,2026-11-04,11224000000.0,2031000000.0,1574000000.0,950000000.0,11388000000.0,edgar,4 quarterly filings,2026-06-30,True,extrapolated,"extrapolated realized TTM growth (not consensus, not guidance)","projected from 8 filings, 91d cadence",2026-08-18
DXC,DXC Technology,Information Technology,IT Consulting & Other Services,10.390000343322754,1660100633.5656595,1.783154362416107,1.63,5.826753175336259,6.374233339461813,0.09395973154362403,159778689.0,2026-10-30,2999000000.0,122000000.0,150000000.0,1957000000.0,8700000000.0,edgar,4 quarterly filings,2026-06-30,True,extrapolated,"extrapolated realized TTM growth (not consensus, not guidance)","projected from 8 filings, 91d cadence",2026-08-18
DXCM,Dexcom,Health Care,Health Care Equipment,88.76000213623047,33494542307.529564,3.4499999999999997,2.3,25.727536851081297,38.591305276621945,0.5,377360765.0,2026-10-29,693600000.0,448600000.0,573600000.0,1105000000.0,2900000.0,edgar,4 quarterly filings,2026-06-30,True,extrapolated_clamped,realized TTM growth clamped to +50% before extrapolating (raw rate was distorted),"projected from 8 filings, 91d cadence",2026-08-18
DXPE,"DXP Enterprises, Inc.",Industrials,Trading Companies & Distributors,199.91000366210935,3102033113.5054927,7.808687350835322,5.72,25.60097423297711,34.949301339529605,0.3651551312649164,15517148.0,2026-11-05,253561000.0,48686000.0,97967000.0,226618000.0,330000000.0,edgar,4 quarterly filings,2026-06-30,True,extrapolated,"extrapolated realized TTM growth (not consensus, not guidance)","projected from 8 filings, 91d cadence",2026-08-18
DY,Dycom Industries,Industrials,Construction & Engineering,432.8900146484375,13000316994.863892,18.075000000000003,12.05,23.949655028959192,35.92448254343879,0.5,30031455.0,2026-08-29,789159000.0,91289000.0,,538826000.0,187574000.0,edgar,4 quarterly filings,2026-05-02,True,extrapolated_clamped,realized TTM growth clamped to +50% before extrapolating (raw rate was distorted),"projected from 8 filings, 93d cadence",2026-08-18
EAT,"Brinker International, Inc.",Consumer Discretionary,Restaurants,241.7100067138672,10366408008.842926,15.690000000000001,10.46,15.405354156396887,23.10803123459533,0.5,42887790.0,2026-10-28,4271600000.0,355900000.0,452900000.0,57100000.0,1292250000.0,edgar,4 quarterly filings,2026-03-25,True,extrapolated_clamped,realized TTM growth clamped to +50% before extrapolating (raw rate was distorted),"projected from 8 filings, 91d cadence",2026-08-18
EBAY,eBay Inc.,Consumer Discretionary,Broadline Retail,100.94000244140624,44918301086.42577,5.464725274725274,4.46,18.471194317536987,22.632287542916195,0.22527472527472514,445000000.0,2026-11-07,17902000000.0,1062000000.0,1287000000.0,2310000000.0,7721000000.0,edgar,4 quarterly filings,2026-06-30,True,extrapolated,"extrapolated realized TTM growth (not consensus, not guidance)","projected from 8 filings, 93d cadence",2026-08-18
EBC,"Eastern Bankshares, Inc.",Financials,Regional Banks,23.649999618530277,5404298117.629762,1.8,1.8,13.138888676961265,13.138888676961265,,228511552.0,2026-11-06,75805000.0,170475000.0,,,,edgar,4 quarterly filings,2026-06-30,True,flat,no growth signal; forward EPS held flat at trailing,"projected from 8 filings, 91d cadence",2026-08-18
ECG,"Everus Construction Group, Inc.",Industrials,Construction & Engineering,143.39999389648438,7322553770.731079,7.38,4.92,19.430893481908452,29.14634022286268,0.5,51063836.0,2026-11-02,2268500000.0,142206000.0,189455000.0,553000.0,274499000.0,edgar,4 quarterly filings,2026-06-30,True,extrapolated_clamped,realized TTM growth clamped to +50% before extrapolating (raw rate was distorted),"projected from 8 filings, 89d cadence",2026-08-18
ECHO,EchoStar,Communication Services,Wireless Telecommunication Services,92.51000213623048,4411528079.760507,-21.819999999999997,-21.819999999999997,-4.239688457205797,-4.239688457205797,,47687039.0,2026-11-03,1068206000.0,8462372000.0,905785000.0,439988000.0,1983000000.0,edgar,4 quarterly filings,2026-06-30,True,flat,no growth signal; forward EPS held flat at trailing,"projected from 8 filings, 92d cadence",2026-08-18
ECL,Ecolab,Materials,Specialty Chemicals,275.8399963378906,77325840824.926,7.260339673913044,7.31,37.99271228714062,37.734609622146465,-0.006793478260869512,280328603.0,2026-11-05,8481500000.0,967500000.0,1379900000.0,5135300000.0,7600000000.0,edgar,4 quarterly filings,2026-06-30,True,extrapolated,"extrapolated realized TTM growth (not consensus, not guidance)","projected from 8 filings, 91d cadence",2026-08-18
ECPG,"Encore Capital Group, Inc.",Financials,Consumer Finance,103.68000030517578,2198987073.352585,18.495,12.33,5.605839432558842,8.408759148838262,0.5,21209366.0,2026-11-04,967283000.0,150242000.0,370894000.0,182932000.0,101165000.0,edgar,4 quarterly filings,2026-06-30,True,extrapolated_clamped,realized TTM growth clamped to +50% before extrapolating (raw rate was distorted),"projected from 8 filings, 91d cadence",2026-08-18
ED,Consolidated Edison,Utilities,Multi-Utilities,108.98999786376952,40166051760.68561,9.253304940374788,7.37,11.778494123566091,14.78833078205828,0.2555366269165247,368529705.0,2026-11-05,5095000000.0,924000000.0,1177000000.0,147000000.0,25801000000.0,edgar,4 quarterly filings,2026-03-31,True,extrapolated,"extrapolated realized TTM growth (not consensus, not guidance)","projected from 8 filings, 91d cadence",2026-08-18
EEFT,Euronet Worldwide,Financials,Transaction & Payment Processing Services,70.55000305175781,2638823741.3967133,9.014763406940062,7.56,7.82605154090284,9.33201098568225,0.19242902208201884,37403595.0,2026-11-03,2120200000.0,114900000.0,209100000.0,1196700000.0,1713100000.0,edgar,4 quarterly filings,2026-06-30,True,extrapolated,"extrapolated realized TTM growth (not consensus, not guidance)","projected from 8 filings, 91d cadence",2026-08-18
EFC,"Ellington Financial, Inc.",Financials,Specialized Finance,13.59000015258789,1751579595.4066544,2.5692567567567566,1.95,5.289467515011197,6.969230847480969,0.31756756756756754,128887386.0,2026-11-09,,149870000.0,43125000.0,247473000.0,,edgar,4 quarterly filings,2026-06-30,True,extrapolated,"extrapolated realized TTM growth (not consensus, not guidance)","projected from 8 filings, 91d cadence",2026-08-18
EFOR,Everforth Inc.,Information Technology,IT Consulting & Other Services,30.86000061035156,1265260025.0244138,1.2108011869436202,2.02,25.48725665544671,15.277228024926513,-0.4005934718100891,41000000.0,2026-10-31,1975300000.0,19700000.0,68800000.0,161200000.0,1438100000.0,edgar,4 quarterly filings,2026-06-30,True,extrapolated,"extrapolated realized TTM growth (not consensus, not guidance)","projected from 8 filings, 92d cadence",2026-08-18
EFX,Equifax,Industrials,Research & Consulting Services,176.8000030517578,20771329971.33545,7.42408888888889,5.78,23.8143704497345,30.588235822103428,0.2844444444444445,117484896.0,2026-10-20,3349000000.0,355400000.0,601900000.0,170100000.0,5114200000.0,edgar,4 quarterly filings,2026-06-30,True,extrapolated,"extrapolated realized TTM growth (not consensus, not guidance)","projected from 8 filings, 91d cadence",2026-08-18
EG,Everest Group,Financials,Reinsurance,365.1499938964844,14000849086.074524,55.07985677342352,52.620000000000005,6.629465203560083,6.939376546873515,0.046747563158941796,38342734.0,2026-11-03,8029000000.0,1213000000.0,,656095000.0,,edgar,4 quarterly filings,2026-06-30,True,extrapolated,"extrapolated realized TTM growth (not consensus, not guidance)","projected from 8 filings, 92d cadence",2026-08-18
EGBN,Eagle Bancorp Inc,Financials,Regional Banks,28.549999237060547,870317405.8925743,-3.81,-3.81,-7.493438119963398,-7.493438119963398,,30483973.0,2026-11-05,,21636000.0,,636042000.0,76593000.0,edgar,4 quarterly filings,2026-06-30,True,flat,no growth signal; forward EPS held flat at trailing,"projected from 8 filings, 91d cadence",2026-08-18
EGP,EastGroup Properties,Real Estate,Industrial REITs,203.5500030517578,10945558839.45314,6.845982721382289,5.63,29.732766110554618,36.15452984933531,0.21598272138228936,53773317.0,2026-10-21,383587000.0,13403000.0,108556000.0,33382000.0,1615000000.0,edgar,4 quarterly filings,2026-06-30,True,extrapolated,"extrapolated realized TTM growth (not consensus, not guidance)","projected from 8 filings, 91d cadence",2026-08-18
EHC,Encompass Health,Health Care,Health Care Facilities,121.98999786376952,12034726103.413633,7.817226890756301,6.1,15.605277877762509,19.99836030553599,0.2815126050420167,98653384.0,2026-11-07,2113700000.0,348400000.0,539500000.0,107700000.0,1254700000.0,edgar,4 quarterly filings,2026-06-30,True,extrapolated,"extrapolated realized TTM growth (not consensus, not guidance)","projected from 8 filings, 92d cadence",2026-08-18
EIG,"Employers Holdings, Inc.",Financials,Property & Casualty Insurance,48.09000015258789,863720736.2805557,2.171246943765281,2.98,22.148563198063655,16.13758394382144,-0.2713936430317848,17960506.0,2026-10-29,427800000.0,39200000.0,,113300000.0,125000000.0,edgar,4 quarterly filings,2026-06-30,True,extrapolated,"extrapolated realized TTM growth (not consensus, not guidance)","projected from 8 filings, 91d cadence",2026-08-18
EIX,Edison International,Utilities,Electric Utilities,71.30000305175781,27435809167.597916,12.21,8.14,5.8394760894150535,8.759214134122582,0.5,384793941.0,2026-10-29,4103000000.0,531000000.0,1074000000.0,168000000.0,40307000000.0,edgar,4 quarterly filings,2026-03-31,True,extrapolated_clamped,realized TTM growth clamped to +50% before extrapolating (raw rate was distorted),"projected from 8 filings, 91d cadence",2026-08-18
EL,Estée Lauder Companies (The),Consumer Staples,Personal Care Products,84.33999633789062,30741928665.161133,1.25,1.25,67.4719970703125,67.4719970703125,,364500000.0,2026-10-30,11422000000.0,298000000.0,819000000.0,2181000000.0,1065900000.0,edgar,4 quarterly filings,2026-03-31,True,flat,no growth signal; forward EPS held flat at trailing,"projected from 8 filings, 91d cadence",2026-08-18
ELAN,Elanco,Health Care,Pharmaceuticals,23.61000061035156,11796071711.244963,0.08499999999999999,0.16999999999999998,277.7647130629595,138.88235653147976,-0.5,499621830.0,2026-11-04,2739000000.0,111000000.0,,530000000.0,3663000000.0,edgar,4 quarterly filings,2026-06-30,True,extrapolated_clamped,realized TTM growth clamped to -50% before extrapolating (raw rate was distorted),"projected from 8 filings, 91d cadence",2026-08-18
ELF,e.l.f. Beauty,Consumer Staples,Personal Care Products,93.66000366210938,5526689121.453735,0.5882352941176473,1.0000000000000002,159.22200622558586,93.66000366210936,-0.4117647058823528,59007996.0,2026-11-05,479373000.0,66599000.0,102441000.0,344241000.0,834176000.0,edgar,4 quarterly filings,2026-06-30,True,extrapolated,"extrapolated realized TTM growth (not consensus, not guidance)","projected from 8 filings, 91d cadence",2026-08-18
ELS,Equity Lifestyle Properties,Real Estate,Single-Family Residential REITs,64.88999938964844,12584607695.799911,2.259408602150537,2.05,28.719904548422637,31.6536582388529,0.10215053763440851,193937553.0,2026-10-27,397622000.0,111491000.0,112368000.0,37140000.0,3345866000.0,edgar,4 quarterly filings,2026-03-31,True,extrapolated,"extrapolated realized TTM growth (not consensus, not guidance)","projected from 8 filings, 91d cadence",2026-08-18
ELV,Elevance Health,Health Care,Managed Health Care,390.239990234375,84631069611.73584,23.04886261598324,27.75,16.930986866300422,14.062702350788289,-0.16941035618078415,216869290.0,2026-10-14,100655000000.0,3227000000.0,3849000000.0,10232000000.0,31044000000.0,edgar,4 quarterly filings,2026-06-30,True,extrapolated,"extrapolated realized TTM growth (not consensus, not guidance)","projected from 8 filings, 91d cadence",2026-08-18
EME,Emcor,Industrials,Construction & Engineering,862.5399780273438,38046553039.32831,41.6043017578125,29.19,20.731990241018167,29.54915991871681,0.42529296875,44109901.0,2026-10-29,9783125000.0,709178000.0,951185000.0,924411000.0,,edgar,4 quarterly filings,2026-06-30,True,extrapolated,"extrapolated realized TTM growth (not consensus, not guidance)","projected from 8 filings, 91d cadence",2026-08-18
EMN,Eastman Chemical Company,Materials,Specialty Chemicals,73.97000122070312,8460497970.990875,2.6398755832037324,4.12,28.020260383231285,17.953883791432798,-0.359253499222395,114377421.0,2026-10-30,4690000000.0,290000000.0,1532000000.0,566000000.0,4254000000.0,edgar,4 quarterly filings,2026-06-30,True,extrapolated,"extrapolated realized TTM growth (not consensus, not guidance)","projected from 8 filings, 91d cadence",2026-08-18
EMR,Emerson Electric,Industrials,Electrical Components & Equipment,162.0500030517578,90391491702.27051,4.866052631578947,4.51,33.30214761758043,35.93126453475783,0.07894736842105265,557800000.0,2026-11-03,1660000000.0,1941000000.0,,4726000000.0,8924000000.0,edgar,4 quarterly filings,2026-06-30,True,extrapolated,"extrapolated realized TTM growth (not consensus, not guidance)","projected from 8 filings, 91d cadence",2026-08-18
ENOV,Enovis,Health Care,Health Care Equipment,24.739999771118164,1426743268.3605003,-10.8,-10.8,-2.290740719547978,-2.290740719547978,,57669494.0,2026-11-05,1023368000.0,-9954000.0,23943000.0,12563000.0,1284508000.0,edgar,4 quarterly filings,2026-07-03,True,flat,no growth signal; forward EPS held flat at trailing,"projected from 8 filings, 91d cadence",2026-08-18
ENPH,Enphase Energy,Information Technology,Semiconductor Materials & Equipment,38.650001525878906,5094001404.108124,0.8106422018348624,0.9400000000000001,47.67824995836126,41.11702289987117,-0.13761467889908263,131798220.0,2026-10-29,282900000.0,-7406000.0,-29643000.0,497546000.0,572510000.0,edgar,4 quarterly filings,2026-03-31,True,extrapolated,"extrapolated realized TTM growth (not consensus, not guidance)","projected from 8 filings, 93d cadence",2026-08-18
ENR,Energizer,Consumer Staples,Household Products,22.36000061035156,1531294165.1190946,1.03,1.03,21.708738456652,21.708738456652,,68483637.0,2026-11-03,2156300000.0,46600000.0,,173400000.0,3445900000.0,edgar,4 quarterly filings,2022-06-30,True,flat,no growth signal; forward EPS held flat at trailing,"projected from 8 filings, 91d cadence",2026-08-18
ENS,EnerSys,Industrials,Electrical Components & Equipment,202.33999633789065,7297437292.085206,9.049940898345154,8.75,22.35815665656888,23.124571010044647,0.03427895981087481,36065224.0,2026-11-13,216125000.0,116450000.0,151414000.0,530663000.0,287887000.0,edgar,4 quarterly filings,2026-07-05,True,extrapolated,"extrapolated realized TTM growth (not consensus, not guidance)","projected from 8 filings, 93d cadence",2026-08-18
ENSG,Ensign Group,Health Care,Health Care Facilities,181.52999877929688,10580010172.87445,7.53205078125,6.21,24.101005695711816,29.231883861400462,0.212890625,58282434.0,2026-10-27,2829677000.0,199406000.0,247357000.0,262300000.0,144352000.0,edgar,4 quarterly filings,2026-06-30,True,extrapolated,"extrapolated realized TTM growth (not consensus, not guidance)","projected from 8 filings, 92d cadence",2026-08-18
ENTG,Entegris,Information Technology,Semiconductor Materials & Equipment,163.08999633789062,24920151440.429688,2.443353293413174,2.02,66.74843002751625,80.7376219494508,0.20958083832335328,152800000.0,2026-11-04,1695100000.0,185600000.0,306200000.0,353600000.0,3456000000.0,edgar,4 quarterly filings,2026-06-27,True,extrapolated,"extrapolated realized TTM growth (not consensus, not guidance)","projected from 8 filings, 92d cadence",2026-08-18
ENVA,"Enova International, Inc.",Financials,Consumer Finance,263.9100036621094,6570929181.790558,20.025,13.35,13.179026400105338,19.768539600158007,0.5,24898371.0,2026-10-22,1804069000.0,196157000.0,444253000.0,122226000.0,5013901000.0,edgar,4 quarterly filings,2026-06-30,True,extrapolated_clamped,realized TTM growth clamped to +50% before extrapolating (raw rate was distorted),"projected from 8 filings, 91d cadence",2026-08-18
EOG,EOG Resources,Energy,Oil & Gas Exploration & Production,146.14999389648438,76659935870.92798,16.84807725321889,14.010000000000002,8.674579995088868,10.431833968342923,0.20257510729613748,524529176.0,2026-11-02,15541000000.0,4704000000.0,6126000000.0,4907000000.0,3794000000.0,edgar,4 quarterly filings,2026-06-30,True,extrapolated,"extrapolated realized TTM growth (not consensus, not guidance)","projected from 8 filings, 90d cadence",2026-08-18
EPAC,Enerpac Tool Group,Industrials,Industrial Machinery & Supplies & Components,37.08000183105469,1896184007.3158264,1.744050632911392,1.66,21.26085168132763,22.337350500635356,0.05063291139240489,51137646.0,2026-10-11,466568000.0,65238000.0,94877000.0,115680000.0,185000000.0,edgar,4 quarterly filings,2026-05-31,True,extrapolated,"extrapolated realized TTM growth (not consensus, not guidance)","projected from 8 filings, 94d cadence",2026-08-18
EPAM,EPAM Systems,Information Technology,IT Consulting & Other Services,98.7300033569336,5093182807.3040695,6.6177049180327865,6.96,14.919070067313093,14.185345309904251,-0.049180327868852514,51586981.0,2026-11-05,869795000.0,185500000.0,268990000.0,789397000.0,35000000.0,edgar,4 quarterly filings,2026-06-30,True,extrapolated,"extrapolated realized TTM growth (not consensus, not guidance)","projected from 8 filings, 91d cadence",2026-08-18
EPC,Edgewell Personal Care,Consumer Staples,Household Products,28.059999465942383,1293254930.2858639,-0.36,-0.72,-77.94444296095106,-38.97222148047553,-0.5,46088915.0,2026-11-04,1512400000.0,-62600000.0,24500000.0,209100000.0,1250000000.0,edgar,4 quarterly filings,2026-06-30,True,extrapolated_clamped,realized TTM growth clamped to -50% before extrapolating (raw rate was distorted),"projected from 8 filings, 91d cadence",2026-08-18
EPR,EPR Properties,Real Estate,Other Specialized REITs,60.5,4634839781.0,4.059494163424124,3.23,14.903334643291895,18.730650154798763,0.25680933852140053,76608922.0,2026-10-29,377331000.0,129776000.0,207661000.0,16197000.0,3293013000.0,edgar,4 quarterly filings,2026-06-30,True,extrapolated,"extrapolated realized TTM growth (not consensus, not guidance)","projected from 8 filings, 91d cadence",2026-08-18
EPRT,"Essential Properties Realty Trust, Inc.",Real Estate,Diversified REITs,31.13999938964844,6734741212.557435,1.427345132743363,1.27,21.816727205842106,24.519684558778298,0.1238938053097347,216273004.0,2026-10-21,320686000.0,134080000.0,194066000.0,126165000.0,2930000000.0,edgar,4 quarterly filings,2026-06-30,True,extrapolated,"extrapolated realized TTM growth (not consensus, not guidance)","projected from 8 filings, 91d cadence",2026-08-18
EQH,Equitable Holdings,Financials,Diversified Financial Services,51.130001068115234,13960287869.04301,-2.61,-5.22,-19.590038723415798,-9.795019361707899,-0.5,273035157.0,2026-11-04,5888000000.0,168000000.0,,17183000000.0,3839000000.0,edgar,4 quarterly filings,2026-06-30,True,extrapolated_clamped,realized TTM growth clamped to -50% before extrapolating (raw rate was distorted),"projected from 8 filings, 90d cadence",2026-08-18
EQIX,Equinix,Real Estate,Data Center REITs,1097.6099853515625,108303027825.07397,22.57818703855619,16.59,48.613734285981515,66.16093944252938,0.36095159967186197,98671686.0,2026-10-28,5998545000.0,894000000.0,1242000000.0,979000000.0,19873000000.0,edgar,4 quarterly filings,2026-06-30,True,extrapolated,"extrapolated realized TTM growth (not consensus, not guidance)","projected from 8 filings, 91d cadence",2026-08-18
EQR,Equity Residential,Real Estate,Multi-Family Residential REITs,63.65999984741211,23868961019.728024,1.4148471615720526,1.8,44.99425915141164,35.366666581895615,-0.2139737991266375,374944409.0,2026-10-28,682329000.0,204214000.0,1160585000.0,36405000.0,8241242000.0,edgar,4 quarterly filings,2026-06-30,True,extrapolated,"extrapolated realized TTM growth (not consensus, not guidance)","projected from 8 filings, 90d cadence",2026-08-18
EQT,EQT Corporation,Energy,Oil & Gas Exploration & Production,53.0099983215332,33158602110.092163,6.795,4.53,7.801324256296277,11.701986384444416,0.5,625516000.0,2026-10-21,5188676000.0,1698654000.0,2429998000.0,112863000.0,5655714000.0,edgar,4 quarterly filings,2026-06-30,True,extrapolated_clamped,realized TTM growth clamped to +50% before extrapolating (raw rate was distorted),"projected from 8 filings, 91d cadence",2026-08-18
ERIE,Erie Indemnity,Financials,Insurance Brokers,247.75,629780.5,,,,,,2542.0,2026-10-27,572160000.0,330768000.0,370910000.0,266417000.0,0.0,edgar,insufficient EPS filings,,False,flat,no growth signal; forward EPS held flat at trailing,"projected from 8 filings, 89d cadence",2026-08-18
ES,Eversource Energy,Utilities,Electric Utilities,71.91000366210938,27086682939.564148,3.7922437673130194,3.7,18.962389570505103,19.435136124894424,0.024930747922437657,376674754.0,2026-11-02,7407552000.0,-434700000.0,1617022000.0,1819319000.0,26608990000.0,edgar,4 quarterly filings,2026-06-30,True,extrapolated,"extrapolated realized TTM growth (not consensus, not guidance)","projected from 8 filings, 91d cadence",2026-08-18
ESAB,ESAB,Industrials,Industrial Machinery & Supplies & Components,82.12999725341797,5105842064.55101,2.355264317180617,3.27,34.87081965888744,25.116207111136994,-0.2797356828193832,62167810.0,2026-11-05,1553224000.0,79998000.0,169204000.0,217491000.0,2391350000.0,edgar,4 quarterly filings,2026-07-03,True,extrapolated,"extrapolated realized TTM growth (not consensus, not guidance)","projected from 8 filings, 91d cadence",2026-08-18
ESE,ESCO Technologies Inc.,Industrials,Industrial Machinery & Supplies & Components,308.010009765625,7979789964.673584,5.3812560386473445,4.720000000000001,57.23756824680799,65.25635800119173,0.1400966183574881,25907567.0,2026-11-09,37000000.0,96159000.0,38358000.0,73236000.0,85000000.0,edgar,4 quarterly filings,2026-06-30,True,extrapolated,"extrapolated realized TTM growth (not consensus, not guidance)","projected from 8 filings, 91d cadence",2026-08-18
ESI,Element Solutions,Materials,Specialty Chemicals,39.220001220703125,9554274602.932068,1.4849999999999999,0.99,26.41077523279672,39.61616284919508,0.5,243607198.0,2026-10-26,840000000.0,55900000.0,111400000.0,177300000.0,1636200000.0,edgar,4 quarterly filings,2026-03-31,True,extrapolated,"extrapolated realized TTM growth (not consensus, not guidance)","projected from 8 filings, 90d cadence",2026-08-18
ESNT,Essent Group Ltd.,Financials,Commercial & Residential Mortgage Finance,69.43000030517578,6240124936.418129,8.093525179856117,7.5,8.578462259928383,9.257333374023437,0.07913669064748219,89876493.0,2026-11-06,698758000.0,361513000.0,63836000.0,64946000.0,,edgar,4 quarterly filings,2026-06-30,True,extrapolated,"extrapolated realized TTM growth (not consensus, not guidance)","projected from 8 filings, 91d cadence",2026-08-18
ESS,Essex Property Trust,Real Estate,Multi-Family Residential REITs,283.0599975585937,18191824186.434628,6.94433644859813,8.62,40.76127354338307,32.83758672373477,-0.19439252336448598,64268439.0,2026-10-29,973805000.0,390153000.0,264566000.0,58327000.0,6386526000.0,edgar,4 quarterly filings,2026-06-30,True,extrapolated,"extrapolated realized TTM growth (not consensus, not guidance)","projected from 8 filings, 91d cadence",2026-08-18
ETN,Eaton Corporation,Industrials,Electrical Components & Equipment,455.3999938964844,176877357629.39453,9.360515789473684,9.43,48.65116454465062,48.292682279584774,-0.00736842105263158,388400000.0,2026-10-29,15982000000.0,1687000000.0,3675000000.0,483000000.0,18520000000.0,edgar,4 quarterly filings,2026-06-30,True,extrapolated,"extrapolated realized TTM growth (not consensus, not guidance)","projected from 8 filings, 90d cadence",2026-08-18
ETR,Entergy,Utilities,Electric Utilities,108.5199966430664,49683934699.488144,3.629391480730224,4.23,29.900328255918115,25.654845542096073,-0.14198782961460432,457832070.0,2026-10-30,3187626000.0,2356536000.0,572222000.0,3571053000.0,32676089000.0,edgar,4 quarterly filings,2026-03-31,True,extrapolated,"extrapolated realized TTM growth (not consensus, not guidance)","projected from 8 filings, 91d cadence",2026-08-18
ETSY,Etsy,Consumer Discretionary,Broadline Retail,78.41000366210938,7196607196.7948,1.4757647058823533,1.12,53.131778629458665,70.00893184116907,0.3176470588235296,91781748.0,2026-11-06,120912000.0,23030000.0,245114000.0,901281000.0,2335911000.0,edgar,4 quarterly filings,2026-06-30,True,extrapolated,"extrapolated realized TTM growth (not consensus, not guidance)","projected from 8 filings, 93d cadence",2026-08-18
EVR,Evercore,Financials,Investment Banking & Brokerage,303.17999267578125,12579241076.11084,22.935,15.29,13.219097129966482,19.828645694949724,0.5,41491000.0,2026-11-04,2398966000.0,396512000.0,,1256599000.0,,edgar,4 quarterly filings,2026-06-30,True,extrapolated_clamped,realized TTM growth clamped to +50% before extrapolating (raw rate was distorted),"projected from 8 filings, 91d cadence",2026-08-18
EVRG,Evergy,Utilities,Electric Utilities,83.93000030517578,19346958258.596992,3.1330321285140554,3.9499999999999997,26.788745490772342,21.248101343082478,-0.20682730923694792,230513025.0,2026-11-05,1443700000.0,151500000.0,318400000.0,18400000.0,13147000000.0,edgar,4 quarterly filings,2026-03-31,True,extrapolated,"extrapolated realized TTM growth (not consensus, not guidance)","projected from 8 filings, 91d cadence",2026-08-18
EVTC,"EVERTEC, Inc.",Financials,Transaction & Payment Processing Services,30.38999938964844,1815879714.9099429,1.5900621118012426,1.6,19.112460553646084,18.993749618530273,-0.006211180124223503,59752542.0,2026-11-07,453869000.0,29156000.0,97847000.0,260659000.0,978086000.0,edgar,4 quarterly filings,2026-06-30,True,extrapolated,"extrapolated realized TTM growth (not consensus, not guidance)","projected from 8 filings, 93d cadence",2026-08-18
EW,Edwards Lifesciences,Health Care,Health Care Equipment,90.80999755859376,52342882592.773445,1.07,2.14,84.8691565968166,42.4345782984083,-0.5,576400000.0,2026-11-03,3389600000.0,622600000.0,990800000.0,2906500000.0,600000000.0,edgar,4 quarterly filings,2026-06-30,True,extrapolated_clamped,realized TTM growth clamped to -50% before extrapolating (raw rate was distorted),"projected from 8 filings, 91d cadence",2026-08-18
EWBC,East West Bancorp,Financials,Regional Banks,135.52000427246094,18567847310.497803,12.25127557160048,10.09,11.06170565509179,13.431120344148756,0.21419975932611313,137011856.0,2026-11-06,46889000.0,721496000.0,,5088923000.0,146835000.0,edgar,4 quarterly filings,2026-06-30,True,extrapolated,"extrapolated realized TTM growth (not consensus, not guidance)","projected from 8 filings, 91d cadence",2026-08-18
EXC,Exelon,Utilities,Electric Utilities,45.56999969482422,46627594718.681656,3.706175298804781,3.05,12.295694623381756,14.940983506499744,0.21513944223107573,1023208142.0,2026-10-29,7242000000.0,1171000000.0,1605000000.0,713000000.0,49428000000.0,edgar,4 quarterly filings,2026-03-31,True,extrapolated,"extrapolated realized TTM growth (not consensus, not guidance)","projected from 8 filings, 91d cadence",2026-08-18
EXE,Expand Energy,Energy,Oil & Gas Exploration & Production,94.1750030517578,22529377584.643505,10.049999999999999,10.049999999999999,9.370647069826648,9.370647069826648,,239228849.0,2026-10-27,4397000000.0,1159000000.0,1531000000.0,2220000000.0,5008000000.0,edgar,4 quarterly filings,2026-03-31,True,flat,no growth signal; forward EPS held flat at trailing,"projected from 8 filings, 91d cadence",2026-08-18
EXEL,Exelixis,Health Care,Biotechnology,52.31999969482422,12963938049.823029,4.425000000000001,2.95,11.823728744593042,17.735593116889564,0.5,247781692.0,2026-11-06,717486000.0,422517000.0,499755000.0,281448000.0,0.0,edgar,4 quarterly filings,2026-07-03,True,extrapolated_clamped,realized TTM growth clamped to +50% before extrapolating (raw rate was distorted),"projected from 8 filings, 93d cadence",2026-08-18
EXLS,EXL Service,Industrials,Data Processing & Outsourced Services,34.560001373291016,5280178305.1754265,2.179396551724138,1.59,15.857601199722154,21.735849920308812,0.3706896551724137,152782931.0,2026-10-27,570351000.0,67081000.0,91826000.0,145405000.0,417377000.0,edgar,4 quarterly filings,2026-03-31,True,extrapolated,"extrapolated realized TTM growth (not consensus, not guidance)","projected from 8 filings, 91d cadence",2026-08-18
EXP,Eagle Materials,Materials,Construction Materials,205.50999450683597,6304085872.245408,13.58204134366925,14.5,15.131009345854084,14.173103069436964,-0.06330749354005172,30675325.0,2026-10-28,189894000.0,102127000.0,590504000.0,233539000.0,1781250000.0,edgar,4 quarterly filings,2026-06-30,True,extrapolated,"extrapolated realized TTM growth (not consensus, not guidance)","projected from 8 filings, 91d cadence",2026-08-18
EXPD,Expeditors International,Industrials,Air Freight & Logistics,188.2700042724609,24473334959.31985,8.195716878402903,6.72,22.971755499336993,28.016369683401923,0.219600725952813,129990622.0,2026-11-04,6920948000.0,495836000.0,644446000.0,1031448000.0,,edgar,4 quarterly filings,2026-06-30,True,extrapolated,"extrapolated realized TTM growth (not consensus, not guidance)","projected from 8 filings, 91d cadence",2026-08-18
EXPE,Expedia Group,Consumer Discretionary,"Hotels, Resorts & Cruise Lines",318.5,36459650500.0,25.380000000000003,16.92,12.549251379038612,18.823877068557916,0.5,114473000.0,2026-11-05,7741000000.0,872000000.0,1051000000.0,6682000000.0,5459000000.0,edgar,4 quarterly filings,2026-06-30,True,extrapolated_clamped,realized TTM growth clamped to +50% before extrapolating (raw rate was distorted),"projected from 8 filings, 91d cadence",2026-08-18
EXPO,"Exponent, Inc.",Industrials,Research & Consulting Services,66.19000244140625,3147075416.0393066,2.3429357798165134,2.26,28.250882082047468,29.287611699737283,0.03669724770642202,47546084.0,2026-11-06,582014000.0,58964000.0,69401000.0,66629000.0,,edgar,4 quarterly filings,2026-07-03,True,extrapolated,"extrapolated realized TTM growth (not consensus, not guidance)","projected from 8 filings, 91d cadence",2026-08-18
EXR,Extra Space Storage,Real Estate,Self-Storage REITs,146.88999938964844,31033385245.671295,4.637867647058823,4.35,31.67188254774822,33.76781595164332,0.06617647058823528,211269558.0,2026-10-30,1730179000.0,504448000.0,759737000.0,695171000.0,560613000.0,edgar,4 quarterly filings,2026-06-30,True,extrapolated,"extrapolated realized TTM growth (not consensus, not guidance)","projected from 8 filings, 91d cadence",2026-08-18
EXTR,"Extreme Networks, Inc.",Information Technology,Communications Equipment,24.280000686645508,3168313144.4408207,0.21,0.21,115.61905088878814,115.61905088878814,,130490653.0,2026-11-16,1283593000.0,42119000.0,62695000.0,211758000.0,165000000.0,edgar,4 quarterly filings,2026-03-31,True,flat,no growth signal; forward EPS held flat at trailing,"projected from 8 filings, 91d cadence",2026-08-18
EYE,National Vision Holdings,Consumer Discretionary,Specialty Stores,18.46999931335449,1460410156.8174112,0.68,0.68,27.16176369610954,27.16176369610954,,79069313.0,2026-11-14,1042685000.0,43597000.0,66541000.0,35998000.0,230090000.0,edgar,4 quarterly filings,2026-07-04,True,flat,no growth signal; forward EPS held flat at trailing,"projected from 8 filings, 93d cadence",2026-08-18
EZPW,"EZCORP, Inc.",Financials,Consumer Finance,29.290000915527344,2441936666.32843,2.9699999999999998,1.98,9.861953170211228,14.792929755316841,0.5,83371000.0,2026-11-06,407242000.0,131606000.0,183271000.0,311026000.0,519494000.0,edgar,4 quarterly filings,2026-06-30,True,extrapolated_clamped,realized TTM growth clamped to +50% before extrapolating (raw rate was distorted),"projected from 8 filings, 93d cadence",2026-08-18
F,Ford Motor Company,Consumer Discretionary,Automobile Manufacturers,14.050000190734863,52369028686.53234,1.3706870229007633,1.34,10.250334289297545,10.485074769205122,0.022900763358778553,3727332952.0,2026-10-28,184992000000.0,-36000000.0,2329000000.0,17649000000.0,291000000.0,edgar,4 quarterly filings,2026-03-31,True,extrapolated,"extrapolated realized TTM growth (not consensus, not guidance)","projected from 8 filings, 91d cadence",2026-08-18
FA,First Advantage Corporation,Industrials,Human Resource & Employment Services,20.299999237060547,3486599796.262333,0.12000000000000001,0.12000000000000001,169.1666603088379,169.1666603088379,,171753691.0,2026-11-05,833964000.0,19082000.0,90543000.0,237900000.0,2114537000.0,edgar,4 quarterly filings,2026-06-30,True,flat,no growth signal; forward EPS held flat at trailing,"projected from 8 filings, 91d cadence",2026-08-18
FAF,First American Financial Corporation,Financials,Property & Casualty Insurance,73.18000030517578,7471678031.158447,9.870000000000001,6.58,7.414387062327839,11.12158059349176,0.5,102100000.0,2026-10-22,3955300000.0,343600000.0,,2624800000.0,,edgar,4 quarterly filings,2026-06-30,True,extrapolated_clamped,realized TTM growth clamped to +50% before extrapolating (raw rate was distorted),"projected from 8 filings, 91d cadence",2026-08-18
FANG,Diamondback Energy,Energy,Oil & Gas Exploration & Production,206.2899932861328,57766221900.323685,9.390589622641507,12.62,21.96773595438035,16.346275220771222,-0.25589622641509446,280024353.0,2026-11-04,9802000000.0,1907000000.0,2628000000.0,462000000.0,11066000000.0,edgar,4 quarterly filings,2026-06-30,True,extrapolated,"extrapolated realized TTM growth (not consensus, not guidance)","projected from 8 filings, 91d cadence",2026-08-18
FAST,Fastenal,Industrials,Trading Companies & Distributors,51.22999954223633,58786300139.50729,1.1349612403100775,1.21,45.13810491734503,42.33884259688953,-0.06201550387596899,1147497573.0,2026-10-15,4588600000.0,722600000.0,949400000.0,204700000.0,120000000.0,edgar,4 quarterly filings,2026-06-30,True,extrapolated,"extrapolated realized TTM growth (not consensus, not guidance)","projected from 8 filings, 91d cadence",2026-08-18
FBIN,Fortune Brands Innovations,Industrials,Building Products,46.54999923706055,5556742163.276791,0.715,1.43,65.10489403784692,32.55244701892346,-0.5,119371477.0,2026-11-05,2165200000.0,686700000.0,51200000.0,209700000.0,2544900000.0,edgar,4 quarterly filings,2026-06-27,True,extrapolated_clamped,realized TTM growth clamped to -50% before extrapolating (raw rate was distorted),"projected from 8 filings, 92d cadence",2026-08-18
FBK,FB Financial Corp.,Financials,Regional Banks,61.34000015258789,3065658992.5460587,2.9593599999999993,2.7199999999999998,20.7274546363362,22.551470644333786,0.08799999999999986,49978138.0,2026-11-02,,116175000.0,,1112357000.0,212764000.0,edgar,4 quarterly filings,2026-06-30,True,extrapolated,"extrapolated realized TTM growth (not consensus, not guidance)","projected from 8 filings, 91d cadence",2026-08-18
FBNC,First Bancorp (Southern Pines NC),Financials,Regional Banks,66.12000274658203,2735663606.157692,5.3836742424242425,3.77,12.281575698905682,17.538462266997886,0.428030303030303,41374221.0,2026-11-05,67623000.0,97178000.0,,446807000.0,74717000.0,edgar,4 quarterly filings,2026-06-30,True,extrapolated,"extrapolated realized TTM growth (not consensus, not guidance)","projected from 8 filings, 91d cadence",2026-08-18
FBP,First BanCorp (Puerto Rico),Financials,Regional Banks,29.540000915527344,4509820776.491974,2.957362637362637,2.32,9.9886299171856,12.732759015313512,0.27472527472527464,152668268.0,2026-11-06,1255034000.0,184932000.0,,1696249000.0,200000000.0,edgar,4 quarterly filings,2026-06-30,True,extrapolated,"extrapolated realized TTM growth (not consensus, not guidance)","projected from 8 filings, 91d cadence",2026-08-18
FBRT,"Franklin BSP Realty Trust, Inc.",Real Estate,Mortgage REITs,8.029999732971191,666854668.3044815,0.33783783783783783,0.5,23.76879920959473,16.059999465942383,-0.32432432432432434,83045416.0,2026-10-28,139671000.0,27549000.0,,136347000.0,,edgar,4 quarterly filings,2026-06-30,True,extrapolated,"extrapolated realized TTM growth (not consensus, not guidance)","projected from 8 filings, 91d cadence",2026-08-18
FCF,"First Commonwealth Financial, Corp.",Financials,Regional Banks,21.51000022888184,2173712969.879866,1.6988235294117648,1.52,12.661703735837646,14.151315940053841,0.11764705882352944,101055925.0,2026-11-09,,82137000.0,,524805000.0,182012000.0,edgar,4 quarterly filings,2026-06-30,True,extrapolated,"extrapolated realized TTM growth (not consensus, not guidance)","projected from 8 filings, 91d cadence",2026-08-18
FCFS,FirstCash,Financials,Consumer Finance,216.2400054931641,9378718270.248415,10.463850174216027,7.75,20.665434031729646,27.901936192666334,0.35017421602787446,43371800.0,2026-10-26,2126339000.0,201169000.0,,172298000.0,2346039000.0,edgar,4 quarterly filings,2026-06-30,True,extrapolated,"extrapolated realized TTM growth (not consensus, not guidance)","projected from 8 filings, 91d cadence",2026-08-18
FCN,FTI Consulting,Industrials,Research & Consulting Services,149.82000732421875,4136766368.7332153,9.105931372549017,8.62,16.453013008188282,17.38051129051262,0.05637254901960764,27611575.0,2026-10-31,3788857000.0,115441000.0,168938000.0,163747000.0,1019320000.0,edgar,4 quarterly filings,2026-06-30,True,extrapolated,"extrapolated realized TTM growth (not consensus, not guidance)","projected from 8 filings, 93d cadence",2026-08-18
FCPT,"Four Corners Property Trust, Inc.",Real Estate,Other Specialized REITs,25.06999969482422,2751593064.925003,1.162358490566038,1.11,21.568216602965396,22.585585310652448,0.04716981132075482,109756406.0,2026-10-29,156584000.0,60298000.0,24003000.0,24790000.0,1253360000.0,edgar,4 quarterly filings,2026-06-30,True,extrapolated,"extrapolated realized TTM growth (not consensus, not guidance)","projected from 8 filings, 91d cadence",2026-08-18
FCX,Freeport-McMoRan,Materials,Copper,68.37999725341797,98194874278.60007,3.4200000000000004,2.2800000000000002,19.994151243689462,29.991226865534195,0.5,1436017523.0,2026-11-05,13263000000.0,1865000000.0,4140000000.0,4080000000.0,9386000000.0,edgar,4 quarterly filings,2026-06-30,True,extrapolated_clamped,realized TTM growth clamped to +50% before extrapolating (raw rate was distorted),"projected from 8 filings, 91d cadence",2026-08-18
FDS,FactSet,Financials,Financial Exchanges & Data,276.760009765625,9843120027.999756,14.658895386614684,15.02,18.88000442504964,18.42609918546105,-0.02404158544509427,35565543.0,2026-09-30,1435351000.0,412354000.0,543333000.0,288114000.0,1389701000.0,edgar,4 quarterly filings,2026-05-31,True,extrapolated,"extrapolated realized TTM growth (not consensus, not guidance)","projected from 8 filings, 91d cadence",2026-08-18
FDX,FedEx,Industrials,Air Freight & Logistics,331.489990234375,78424295699.75684,18.46232330827068,15.67,17.954944494221667,21.154434603342374,0.17819548872180468,236581188.0,2026-10-19,34372000000.0,4433000000.0,5463000000.0,13311000000.0,23455000000.0,edgar,4 quarterly filings,2026-02-28,True,extrapolated,"extrapolated realized TTM growth (not consensus, not guidance)","projected from 8 filings, 91d cadence",2026-08-18
FDXF,FedEx Freight,Industrials,Cargo Ground Transportation,143.82000732421875,21503698983.163513,2.19,4.38,65.67123622110445,32.835618110552225,-0.5,149518133.0,2026-11-04,8795000000.0,655000000.0,540000000.0,,4264000000.0,edgar,annual 10-K only (no TTM),2026-05-31,True,extrapolated_clamped,realized TTM growth clamped to -50% before extrapolating (raw rate was distorted),"projected from 1 filings, 91d cadence",2026-08-18
FE,FirstEnergy,Utilities,Electric Utilities,47.41999816894531,27429205259.360886,3.3255670103092783,2.54,14.259221967845791,18.669290617695005,0.30927835051546393,578431175.0,2026-10-27,4202000000.0,405000000.0,828000000.0,52000000.0,,edgar,4 quarterly filings,2026-03-31,True,extrapolated,"extrapolated realized TTM growth (not consensus, not guidance)","projected from 8 filings, 91d cadence",2026-08-18
FELE,Franklin Electric,Industrials,Industrial Machinery & Supplies & Components,104.0199966430664,4595835624.323181,2.232660550458716,3.12,46.5901530000585,33.33974251380334,-0.2844036697247705,44182232.0,2026-10-28,500437000.0,34330000.0,48085000.0,80400000.0,177200000.0,edgar,4 quarterly filings,2026-03-31,True,extrapolated,"extrapolated realized TTM growth (not consensus, not guidance)","projected from 8 filings, 91d cadence",2026-08-18
FERG,Ferguson Enterprises,Industrials,Building Products,244.97999572753903,47392045784.140816,17.505,11.67,13.994858367754302,20.992287551631453,0.5,193452717.0,2026-11-26,16223000000.0,1080000000.0,1505000000.0,437000000.0,4175000000.0,edgar,4 quarterly filings,2026-06-30,True,extrapolated_clamped,realized TTM growth clamped to +50% before extrapolating (raw rate was distorted),"projected from 8 filings, 108d cadence",2026-08-18
FFBC,First Financial Bancorp,Financials,Regional Banks,34.16999816894531,3586788487.5961304,3.7727433628318576,2.92,9.057069321380233,11.702054167447026,0.2920353982300883,104968940.0,2026-11-05,,150901000.0,,,382550000.0,edgar,4 quarterly filings,2026-06-30,True,extrapolated,"extrapolated realized TTM growth (not consensus, not guidance)","projected from 8 filings, 91d cadence",2026-08-18
FFIN,First Financial Bankshares,Financials,Regional Banks,34.86000061035156,4996396981.500168,2.1467307692307696,1.83,16.23864580971317,19.049180661394296,0.17307692307692313,143327507.0,2026-11-04,,143437000.0,,,,edgar,4 quarterly filings,2026-06-30,True,extrapolated,"extrapolated realized TTM growth (not consensus, not guidance)","projected from 8 filings, 92d cadence",2026-08-18
FFIV,"F5, Inc.",Information Technology,Communications Equipment,395.5400085449219,22398316052.154846,16.17068788501027,12.55,24.46030814258528,31.517132154973854,0.2885010266940453,56627182.0,2026-11-05,2499242000.0,536017000.0,606472000.0,1605782000.0,0.0,edgar,4 quarterly filings,2026-06-30,True,extrapolated,"extrapolated realized TTM growth (not consensus, not guidance)","projected from 8 filings, 91d cadence",2026-08-18
FG,"F&G Annuities & Life, Inc.",Financials,Life & Health Insurance,26.5,3469783038.5,2.3966976744186046,2.27,11.056880591511577,11.674008810572687,0.05581395348837215,130935209.0,2026-11-05,2608000000.0,172000000.0,,2103000000.0,2239000000.0,edgar,4 quarterly filings,2026-06-30,True,extrapolated,"extrapolated realized TTM growth (not consensus, not guidance)","projected from 8 filings, 91d cadence",2026-08-18
FHB,"First Hawaiian, Inc.",Financials,Regional Banks,27.520000457763672,3348651103.380974,2.9094054054054053,2.32,9.458977565187054,11.86206916282917,0.2540540540540541,121680634.0,2026-11-02,451623000.0,141159000.0,,2399082000.0,500000000.0,edgar,4 quarterly filings,2026-06-30,True,extrapolated,"extrapolated realized TTM growth (not consensus, not guidance)","projected from 8 filings, 91d cadence",2026-08-18
FHI,Federated Hermes,Financials,Asset Management & Custody Banks,64.1500015258789,4637852660.316467,7.7250000000000005,5.15,8.304207317265877,12.456310975898816,0.5,72297000.0,2026-10-30,263852000.0,200696000.0,259212000.0,301727000.0,348499000.0,edgar,4 quarterly filings,2026-06-30,True,extrapolated_clamped,realized TTM growth clamped to +50% before extrapolating (raw rate was distorted),"projected from 8 filings, 91d cadence",2026-08-18
FHN,First Horizon,Financials,Regional Banks,26.020000457763672,12327681868.037971,2.757027027027027,2.02,9.43770235209544,12.88118834542756,0.3648648648648649,473777158.0,2026-11-05,1749000000.0,534000000.0,,964309000.0,3228070000.0,edgar,4 quarterly filings,2026-06-30,True,extrapolated,"extrapolated realized TTM growth (not consensus, not guidance)","projected from 8 filings, 91d cadence",2026-08-18
FIBK,"First Interstate BancSystem, Inc.",Financials,Regional Banks,38.88999938964844,3706396108.060684,3.7521100917431194,2.86,10.364834303564184,13.597901884492462,0.3119266055045873,95304607.0,2026-11-01,,144100000.0,,955200000.0,99000000.0,edgar,4 quarterly filings,2026-06-30,True,extrapolated,"extrapolated realized TTM growth (not consensus, not guidance)","projected from 8 filings, 90d cadence",2026-08-18
FICO,Fair Isaac,Information Technology,Application Software,1064.4100341796875,22988739408.550415,53.400000000000006,35.6,19.932772175649575,29.899158263474366,0.5,21597635.0,2026-10-28,374356000.0,660003000.0,999142000.0,248444000.0,5582389000.0,edgar,4 quarterly filings,2026-06-30,True,extrapolated_clamped,realized TTM growth clamped to +50% before extrapolating (raw rate was distorted),"projected from 8 filings, 91d cadence",2026-08-18
FIS,Fidelity National Information Services,Financials,Transaction & Payment Processing Services,41.16999816894531,21231611658.604263,6.945,4.63,5.928005495888454,8.89200824383268,0.5,515705917.0,2026-11-03,6671000000.0,2598000000.0,929000000.0,744000000.0,16948000000.0,edgar,4 quarterly filings,2026-06-30,True,extrapolated_clamped,realized TTM growth clamped to +50% before extrapolating (raw rate was distorted),"projected from 8 filings, 91d cadence",2026-08-18
FISV,Fiserv,Financials,Transaction & Payment Processing Services,52.209999084472656,27763540016.563026,5.877110266159697,5.5600000000000005,8.883617410600063,9.39028760512098,0.057034220532319546,531766721.0,2026-11-10,21193000000.0,1198000000.0,1933000000.0,627000000.0,3230000000.0,edgar,4 quarterly filings,2026-06-30,True,extrapolated,"extrapolated realized TTM growth (not consensus, not guidance)","projected from 8 filings, 95d cadence",2026-08-18
FITB,Fifth Third Bancorp,Financials,Regional Banks,57.59999847412109,52237010302.59176,2.5576333333333334,2.77,22.520819432335003,20.794223275855988,-0.07666666666666666,906892564.0,2026-11-03,,966000000.0,,,17636000000.0,edgar,4 quarterly filings,2026-06-30,True,extrapolated,"extrapolated realized TTM growth (not consensus, not guidance)","projected from 8 filings, 91d cadence",2026-08-18
FIVE,Five Below,Consumer Discretionary,Specialty Stores,238.55999755859372,13191258799.561583,4.19871459694989,4.39,56.81738828638007,54.34168509307374,-0.04357298474945537,55295351.0,2026-09-03,1285602000.0,123056000.0,154243000.0,638892000.0,,edgar,4 quarterly filings,2026-05-02,True,extrapolated,"extrapolated realized TTM growth (not consensus, not guidance)","projected from 8 filings, 91d cadence",2026-08-18
FIVN,"Five9, Inc.",Information Technology,Application Software,31.850000381469727,2379944490.854765,1.035,0.69,30.772947228473168,46.15942084270975,0.5,74723531.0,2026-11-07,617763000.0,21779000.0,20470000.0,187305000.0,196763000.0,edgar,4 quarterly filings,2026-06-30,True,extrapolated_clamped,realized TTM growth clamped to +50% before extrapolating (raw rate was distorted),"projected from 8 filings, 93d cadence",2026-08-18
FIX,Comfort Systems USA,Industrials,Construction & Engineering,1881.1800537109373,66206869718.5404,56.730000000000004,37.82,33.160233627903,49.7403504418545,0.5,35194329.0,2026-10-22,6130988000.0,811980000.0,1043684000.0,1854794000.0,54064000.0,edgar,4 quarterly filings,2026-06-30,True,extrapolated_clamped,realized TTM growth clamped to +50% before extrapolating (raw rate was distorted),"projected from 8 filings, 91d cadence",2026-08-18
FIZZ,National Beverage Corp.,Consumer Staples,Soft Drinks & Non-alcoholic Beverages,31.030000686645508,2904783589.3383293,1.9108040201005025,1.95,16.239237703201724,15.912820864946415,-0.02010050251256279,93612102.0,2026-09-30,1180552000.0,183648000.0,230110000.0,349543000.0,0.0,edgar,4 quarterly filings,2026-01-31,True,extrapolated,"extrapolated realized TTM growth (not consensus, not guidance)","projected from 8 filings, 91d cadence",2026-08-18
FLEX,Flex Ltd.,Information Technology,Electronic Manufacturing Services,130.0,48022387140.0,2.762452830188679,2.42,47.05962707465338,53.719008264462815,0.141509433962264,369402978.0,2026-11-01,28679925000.0,880000000.0,392000000.0,2840000000.0,5219000000.0,edgar,4 quarterly filings,2026-06-26,True,extrapolated,"extrapolated realized TTM growth (not consensus, not guidance)","projected from 8 filings, 93d cadence",2026-08-18
FLG,Flagstar Bank,Financials,Regional Banks,14.0,5811299704.0,-0.21000000000000002,-0.21000000000000002,-66.66666666666666,-66.66666666666666,,415092836.0,2026-11-05,704356000.0,55000000.0,,8484000000.0,6686000000.0,edgar,4 quarterly filings,2026-06-30,True,flat,no growth signal; forward EPS held flat at trailing,"projected from 8 filings, 91d cadence",2026-08-18
FLO,Flowers Foods,Consumer Staples,Packaged Foods & Meats,7.309999942779541,1549670499.16965,1.1285333333333336,0.92,6.477433786725726,7.945652111716892,0.2266666666666668,211993230.0,2026-08-21,1571577000.0,42055000.0,79812000.0,11519000.0,1723772000.0,edgar,4 quarterly filings,2026-04-25,True,extrapolated,"extrapolated realized TTM growth (not consensus, not guidance)","projected from 8 filings, 92d cadence",2026-08-18
FLR,Fluor,Industrials,Construction & Engineering,54.7400016784668,7320986232.05994,18.6,12.4,2.9430108429283224,4.414516264392484,0.5,133741067.0,2026-11-08,7991000000.0,274000000.0,226000000.0,2923000000.0,1072000000.0,edgar,4 quarterly filings,2026-06-30,True,extrapolated_clamped,realized TTM growth clamped to +50% before extrapolating (raw rate was distorted),"projected from 8 filings, 93d cadence",2026-08-18
FLS,Flowserve,Industrials,Industrial Machinery & Supplies & Components,80.97000122070312,10292321951.766968,5.550000000000001,3.7,14.589189409135697,21.883784113703545,0.5,127112780.0,2026-10-28,2237444000.0,180679000.0,270855000.0,760183000.0,1575078000.0,edgar,4 quarterly filings,2026-06-30,True,extrapolated_clamped,realized TTM growth clamped to +50% before extrapolating (raw rate was distorted),"projected from 8 filings, 91d cadence",2026-08-18
FMC,FMC Corporation,Materials,Fertilizers & Agricultural Chemicals,10.18000030517578,1274809259.2361982,-11.0,-22.0,-0.9254545731977981,-0.46272728659889906,-0.5,125226839.0,2026-10-29,3489900000.0,-467900000.0,-200700000.0,476600000.0,3963600000.0,edgar,4 quarterly filings,2026-06-30,True,extrapolated_clamped,realized TTM growth clamped to -50% before extrapolating (raw rate was distorted),"projected from 8 filings, 91d cadence",2026-08-18
FN,Fabrinet,Information Technology,Electronic Manufacturing Services,598.5800170898438,21446966381.52466,15.280011614401861,11.47,39.17405511169013,52.18657516040486,0.33217189314750306,35829740.0,2026-11-03,3325309000.0,333767000.0,328638000.0,356562000.0,21660000.0,edgar,4 quarterly filings,2026-03-27,True,extrapolated,"extrapolated realized TTM growth (not consensus, not guidance)","projected from 8 filings, 91d cadence",2026-08-18
FNB,FNB Corporation,Financials,Regional Banks,19.399999618530277,6848218722.140817,1.9257031249999994,1.5699999999999998,10.074242164679607,12.356687655114827,0.22656249999999978,353000972.0,2026-11-04,,286000000.0,,2375000000.0,2002000000.0,edgar,4 quarterly filings,2026-06-30,True,extrapolated,"extrapolated realized TTM growth (not consensus, not guidance)","projected from 8 filings, 91d cadence",2026-08-18
FND,Floor & Decor,Consumer Discretionary,Home Improvement Retail,56.619998931884766,6029461704.556446,2.940785340314136,2.37,19.25336003131619,23.890294907968254,0.24083769633507845,106489965.0,2026-10-29,2402548000.0,135579000.0,176380000.0,572000.0,195328000.0,edgar,4 quarterly filings,2026-06-25,True,extrapolated,"extrapolated realized TTM growth (not consensus, not guidance)","projected from 8 filings, 91d cadence",2026-08-18
FNF,Fidelity National Financial,Financials,Property & Casualty Insurance,49.130001068115234,13176313876.970844,5.681484848484848,4.33,8.647387501388364,11.346420570003518,0.312121212121212,268192827.0,2026-11-05,7277000000.0,531000000.0,,3582000000.0,4378000000.0,edgar,4 quarterly filings,2026-06-30,True,extrapolated,"extrapolated realized TTM growth (not consensus, not guidance)","projected from 8 filings, 91d cadence",2026-08-18
FORM,"FormFactor, Inc.",Information Technology,Semiconductor Materials & Equipment,138.16000366210938,10793159652.08664,1.935,1.29,71.40051868842862,107.10077803264292,0.5,78120725.0,2026-11-03,272805000.0,76591000.0,74447000.0,109761000.0,12208000.0,edgar,4 quarterly filings,2026-06-27,True,extrapolated_clamped,realized TTM growth clamped to +50% before extrapolating (raw rate was distorted),"projected from 8 filings, 91d cadence",2026-08-18
FOUR,Shift4,Financials,Transaction & Payment Processing Services,44.34999847412109,3501881201.516418,,,,,,78960120.0,2026-11-06,2416000000.0,37000000.0,145000000.0,356000000.0,4511000000.0,edgar,none,,False,flat,no growth signal; forward EPS held flat at trailing,"projected from 8 filings, 92d cadence",2026-08-18
FOX,Fox Corporation (Class B),Communication Services,Broadcasting,61.4900016784668,61.4900016784668,2.0902606635071095,2.97,29.417384516674016,20.70370426884404,-0.2962085308056871,1.0,2026-11-05,14913000000.0,,,2818000000.0,6606000000.0,edgar,4 quarterly filings,2026-03-31,True,extrapolated,"extrapolated realized TTM growth (not consensus, not guidance)","projected from 8 filings, 91d cadence",2026-08-18
FOXA,Fox Corporation (Class A),Communication Services,Broadcasting,69.19000244140625,69.19000244140625,2.0902606635071095,2.97,33.101135972829795,23.296297118318602,-0.2962085308056871,1.0,2026-11-05,14913000000.0,,,2818000000.0,6606000000.0,edgar,4 quarterly filings,2026-03-31,True,extrapolated,"extrapolated realized TTM growth (not consensus, not guidance)","projected from 8 filings, 91d cadence",2026-08-18
FOXF,Fox Factory,Consumer Discretionary,Automotive Parts & Equipment,20.549999237060547,863737038.4828911,-0.20999999999999996,-0.20999999999999996,-97.85713922409786,-97.85713922409786,,42031001.0,2026-11-06,726779000.0,-10943000.0,23458000.0,58008000.0,504702000.0,edgar,4 quarterly filings,2026-07-03,True,flat,no growth signal; forward EPS held flat at trailing,"projected from 8 filings, 91d cadence",2026-08-18
FR,First Industrial Realty Trust,Real Estate,Industrial REITs,62.900001525878906,8338838505.690262,3.2697524752475244,2.57,19.236930624578026,24.47470876493343,0.2722772277227723,132572946.0,2026-10-24,389767000.0,220197000.0,,46052000.0,1411794000.0,edgar,4 quarterly filings,2026-06-30,True,extrapolated,"extrapolated realized TTM growth (not consensus, not guidance)","projected from 8 filings, 93d cadence",2026-08-18
FRPT,Freshpet,Consumer Staples,Packaged Foods & Meats,72.6500015258789,3491419149.4308014,5.235,3.49,13.87774623225958,20.81661934838937,0.5,48058074.0,2026-11-05,603231000.0,67996000.0,26040000.0,350809000.0,1153850.0,edgar,4 quarterly filings,2026-06-30,True,extrapolated_clamped,realized TTM growth clamped to +50% before extrapolating (raw rate was distorted),"projected from 8 filings, 92d cadence",2026-08-18
FRT,Federal Realty Investment Trust,Real Estate,Retail REITs,118.0199966430664,10195652739.937202,7.462686567164178,5.0,15.814679550170899,23.60399932861328,0.4925373134328357,86389197.0,2026-10-29,341084000.0,159099000.0,208985000.0,115633000.0,4963602000.0,edgar,4 quarterly filings,2026-03-31,True,extrapolated,"extrapolated realized TTM growth (not consensus, not guidance)","projected from 8 filings, 90d cadence",2026-08-18
FSLR,First Solar,Information Technology,Semiconductors,217.8500061035156,23412293971.743526,20.561939864209506,14.56,10.594817781891745,14.962225693922774,0.41222114451988356,107469788.0,2026-10-29,2100433000.0,769188000.0,795689000.0,1688279000.0,438000000.0,edgar,4 quarterly filings,2026-06-30,True,extrapolated,"extrapolated realized TTM growth (not consensus, not guidance)","projected from 8 filings, 91d cadence",2026-08-18
FSS,Federal Signal Corporation,Industrials,Construction Machinery & Heavy Transportation Equipment,126.13999938964844,7699788774.283157,6.706115942028984,4.81,18.809695579388368,26.22453209764001,0.39420289855072443,61041611.0,2026-10-29,1295800000.0,156500000.0,217900000.0,62800000.0,211600000.0,edgar,4 quarterly filings,2026-06-30,True,extrapolated,"extrapolated realized TTM growth (not consensus, not guidance)","projected from 8 filings, 91d cadence",2026-08-18
FTDR,"Frontdoor, Inc.",Consumer Discretionary,Specialized Consumer Services,83.75,5769815215.0,7.844999999999999,5.2299999999999995,10.675589547482474,16.01338432122371,0.5,68893316.0,2026-11-06,1096000000.0,167000000.0,,627000000.0,1160000000.0,edgar,4 quarterly filings,2026-06-30,True,extrapolated_clamped,realized TTM growth clamped to +50% before extrapolating (raw rate was distorted),"projected from 8 filings, 92d cadence",2026-08-18
FTI,TechnipFMC,Energy,Oil & Gas Equipment & Services,79.80999755859375,31298638848.847412,4.3950000000000005,2.93,18.15927134438993,27.238907016584896,0.5,392164388.0,2026-10-31,5255800000.0,623200000.0,911600000.0,991800000.0,401900000.0,edgar,4 quarterly filings,2026-06-30,True,extrapolated_clamped,realized TTM growth clamped to +50% before extrapolating (raw rate was distorted),"projected from 8 filings, 93d cadence",2026-08-18
FTNT,Fortinet,Information Technology,Systems Software,155.85000610351562,114349277298.28275,3.482663551401869,2.73,44.75023320607058,57.0879143236321,0.2757009345794392,733713653.0,2026-10-27,3897500000.0,1140800000.0,1269300000.0,2934900000.0,987500000.0,edgar,4 quarterly filings,2026-06-30,True,extrapolated,"extrapolated realized TTM growth (not consensus, not guidance)","projected from 8 filings, 89d cadence",2026-08-18
FTRE,Fortrea,Health Care,Biotechnology,18.100000381469727,1721310036.277771,-4.699999999999999,-4.699999999999999,-3.851063910951006,-3.851063910951006,,95100000.0,2026-10-26,1314700000.0,-36800000.0,11400000.0,168600000.0,1037200000.0,edgar,4 quarterly filings,2026-06-30,True,flat,no growth signal; forward EPS held flat at trailing,"projected from 8 filings, 89d cadence",2026-08-18
FTV,Fortive,Industrials,Industrial Machinery & Supplies & Components,60.63999938964844,18486772127.3676,1.2232017543859646,1.67,49.57481394399171,36.31137688002901,-0.267543859649123,304861021.0,2026-10-28,6452700000.0,136400000.0,191700000.0,356100000.0,3489100000.0,edgar,4 quarterly filings,2026-04-03,True,extrapolated,"extrapolated realized TTM growth (not consensus, not guidance)","projected from 8 filings, 91d cadence",2026-08-18
FUL,H.B. Fuller Company,Materials,Specialty Chemicals,63.58000183105469,3419803689.867691,4.808992537313432,3.59,13.221064773490786,17.710306916728324,0.33955223880596996,53787411.0,2026-09-24,2897000000.0,88850000.0,256631000.0,114102000.0,2016937000.0,edgar,4 quarterly filings,2026-05-30,True,extrapolated,"extrapolated realized TTM growth (not consensus, not guidance)","projected from 8 filings, 91d cadence",2026-08-18
FULT,Fulton Financial Corporation,Financials,Regional Banks,24.46999931335449,4671679225.519372,2.5694705882352937,2.09,9.523362293148654,11.708133642753344,0.2294117647058822,190914563.0,2026-11-06,,197175000.0,,,557130000.0,edgar,4 quarterly filings,2026-06-30,True,extrapolated,"extrapolated realized TTM growth (not consensus, not guidance)","projected from 8 filings, 91d cadence",2026-08-18
FUN,Six Flags,Consumer Discretionary,Leisure Facilities,15.600000381469728,1596134506.2305758,-17.4,-17.4,-0.8965517460614787,-0.8965517460614787,,102316312.0,2026-11-05,1090546000.0,-471220000.0,-223639000.0,134528000.0,4971934000.0,edgar,4 quarters vs prior 10-K,2026-06-28,True,flat,no growth signal; forward EPS held flat at trailing,"projected from 8 filings, 91d cadence",2026-08-18
G,Genpact,Industrials,Data Processing & Outsourced Services,33.70000076293945,5662759644.100079,3.9172661870503585,3.3,8.60293867042899,10.212121443314986,0.18705035971222994,168034407.0,2026-11-05,1889009000.0,293729000.0,391525000.0,517387000.0,1180257000.0,edgar,4 quarterly filings,2026-06-30,True,extrapolated,"extrapolated realized TTM growth (not consensus, not guidance)","projected from 8 filings, 90d cadence",2026-08-18
GAP,Gap Inc.,Consumer Discretionary,Apparel Retail,20.18000030517578,7264374977.796852,3.0044444444444447,2.6,6.716716077906139,7.761538578913762,0.15555555555555567,359978933.0,2026-08-28,3497000000.0,339000000.0,445000000.0,2162000000.0,1249000000.0,edgar,4 quarterly filings,2026-05-02,True,extrapolated,"extrapolated realized TTM growth (not consensus, not guidance)","projected from 8 filings, 91d cadence",2026-08-18
GATX,GATX,Industrials,Construction Machinery & Heavy Transportation Equipment,180.63999938964844,6376591978.45459,11.540920716112531,9.5,15.652130695036576,19.01473677785773,0.21483375959079276,35300000.0,2026-10-31,1163800000.0,188900000.0,,747100000.0,12505600000.0,edgar,4 quarterly filings,2026-06-30,True,extrapolated,"extrapolated realized TTM growth (not consensus, not guidance)","projected from 8 filings, 92d cadence",2026-08-18
GBCI,Glacier Bancorp,Financials,Regional Banks,49.61000061035156,6459815067.805069,3.096774193548387,2.4,16.019896030426025,20.670833587646484,0.29032258064516125,130211953.0,2026-11-04,88222000.0,180006000.0,,231209000.0,,edgar,4 quarterly filings,2026-06-30,True,extrapolated,"extrapolated realized TTM growth (not consensus, not guidance)","projected from 8 filings, 92d cadence",2026-08-18
GBX,"The Greenbrier Companies, Inc.",Industrials,Construction Machinery & Heavy Transportation Equipment,45.77999877929688,1416418787.3118289,3.084711359404097,4.07,14.8409343518418,11.248156948230191,-0.24208566108007445,30939686.0,2026-09-30,1870100000.0,70300000.0,118100000.0,273700000.0,1805600000.0,edgar,4 quarterly filings,2026-05-31,True,extrapolated,"extrapolated realized TTM growth (not consensus, not guidance)","projected from 8 filings, 91d cadence",2026-08-18
GD,General Dynamics,Industrials,Aerospace & Defense,391.1400146484375,105776067304.5597,13.647468926553673,10.99,28.6602605034991,35.5905381845712,0.2418079096045198,270430187.0,2026-10-30,52550000000.0,1125000000.0,1420000000.0,3654000000.0,8074000000.0,edgar,4 quarterly filings,2019-09-29,True,extrapolated,"extrapolated realized TTM growth (not consensus, not guidance)","projected from 8 filings, 93d cadence",2026-08-18
GDDY,GoDaddy,Information Technology,Internet Services & Infrastructure,92.37000274658205,11698448766.32831,9.524999999999999,6.35,9.697638083630663,14.546457125445992,0.5,126647704.0,2026-10-28,633200000.0,454700000.0,653000000.0,966700000.0,3759400000.0,edgar,4 quarterly filings,2026-06-30,True,extrapolated_clamped,realized TTM growth clamped to +50% before extrapolating (raw rate was distorted),"projected from 8 filings, 89d cadence",2026-08-18
GE,GE Aerospace,Industrials,Aerospace & Defense,369.4299926757813,383306711578.25525,9.903639191290823,7.9799999999999995,37.302448679739356,46.29448529771696,0.24105754276827374,1037562513.0,2026-10-14,25741000000.0,4273000000.0,11081000000.0,43299000000.0,20469000000.0,edgar,4 quarterly filings,2026-06-30,True,extrapolated,"extrapolated realized TTM growth (not consensus, not guidance)","projected from 8 filings, 90d cadence",2026-08-18
GEF,"Greif, Inc.",Materials,"Metal, Glass & Plastic Containers",87.36000061035156,,,,,,,,2026-11-11,,187200000.0,292000000.0,286100000.0,701200000.0,edgar,none,,False,flat,no growth signal; forward EPS held flat at trailing,"projected from 8 filings, 105d cadence",2026-08-18
GEHC,GE HealthCare,Health Care,Health Care Equipment,72.37000274658203,32920519802.217606,4.741452513966481,4.12,15.263255834242369,17.56553464722865,0.15083798882681565,454891786.0,2026-10-28,5131000000.0,389000000.0,515000000.0,2261000000.0,10134000000.0,edgar,4 quarterly filings,2026-03-31,True,extrapolated,"extrapolated realized TTM growth (not consensus, not guidance)","projected from 8 filings, 91d cadence",2026-08-18
GEN,Gen Digital,Information Technology,Systems Software,27.40999984741211,16407270455.782867,1.1747572815533982,1.1,23.33247920895411,24.91818167946555,0.06796116504854366,598587032.0,2026-11-05,27000000.0,215000000.0,443000000.0,1006000000.0,8156000000.0,edgar,4 quarterly filings,2026-07-03,True,extrapolated,"extrapolated realized TTM growth (not consensus, not guidance)","projected from 8 filings, 90d cadence",2026-08-18
GEO,"GEO Group, Inc.",Industrials,Environmental & Facilities Services,31.149999618530277,4099949991.3911138,3.1500000000000004,2.1,9.888888767787389,14.833333151681083,0.5,131619584.0,2026-11-05,2263420000.0,85837000.0,191002000.0,54992000.0,1670869000.0,edgar,4 quarterly filings,2026-06-30,True,extrapolated_clamped,realized TTM growth clamped to +50% before extrapolating (raw rate was distorted),"projected from 8 filings, 91d cadence",2026-08-18
GEV,GE Vernova,Industrials,Heavy Electrical Equipment,1079.0,287373933899.0,35.115,23.41,30.72760928378186,46.09141392567279,0.5,266333581.0,2026-10-21,20442000000.0,5413000000.0,833000000.0,,,edgar,4 quarterly filings,2026-06-30,True,extrapolated_clamped,realized TTM growth clamped to +50% before extrapolating (raw rate was distorted),"projected from 8 filings, 91d cadence",2026-08-18
GFF,Griffon Corporation,Industrials,Building Products,102.18000030517578,4628214094.70285,0.15999999999999995,0.3199999999999999,638.6250019073489,319.31250095367443,-0.5,45294716.0,2026-11-04,1357490000.0,135337000.0,302261000.0,110350000.0,1450978000.0,edgar,4 quarterly filings,2026-06-30,True,extrapolated_clamped,realized TTM growth clamped to -50% before extrapolating (raw rate was distorted),"projected from 8 filings, 91d cadence",2026-08-18
GGG,Graco Inc.,Industrials,Industrial Machinery & Supplies & Components,81.55000305175781,13207334841.443848,3.4097938144329896,3.15,23.916403011399872,25.888889857700892,0.08247422680412364,161953824.0,2026-10-21,1130696000.0,263433000.0,312869000.0,507575000.0,0.0,edgar,4 quarterly filings,2026-06-26,True,extrapolated,"extrapolated realized TTM growth (not consensus, not guidance)","projected from 8 filings, 91d cadence",2026-08-18
GHC,Graham Holdings,Consumer Discretionary,Education Services,1165.2900390625,5059689349.609375,159.855,106.57,7.2896690066779275,10.93450351001689,0.5,4342000.0,2026-10-29,2102110000.0,310209000.0,141467000.0,156766000.0,453178000.0,edgar,4 quarterly filings,2026-06-30,True,extrapolated_clamped,realized TTM growth clamped to +50% before extrapolating (raw rate was distorted),"projected from 8 filings, 91d cadence",2026-08-18
GIII,"G-III Apparel Group, Ltd.",Consumer Discretionary,"Apparel, Accessories & Luxury Goods",33.77000045776367,1424775669.5233116,2.3800673400673404,3.7600000000000002,14.188674366166547,8.981383100469062,-0.367003367003367,42190573.0,2026-09-08,,66534000.0,85235000.0,394220000.0,4638000.0,edgar,4 quarterly filings,2026-04-30,True,extrapolated,"extrapolated realized TTM growth (not consensus, not guidance)","projected from 8 filings, 92d cadence",2026-08-18
GILD,Gilead Sciences,Health Care,Biotechnology,138.9199981689453,172254567862.17432,-2.8499999999999988,-2.8499999999999988,-48.7438590066475,-48.7438590066475,,1239955155.0,2026-11-05,24689000000.0,-8475000000.0,-7808000000.0,5412000000.0,26246000000.0,edgar,4 quarterly filings,2026-06-30,True,flat,no growth signal; forward EPS held flat at trailing,"projected from 8 filings, 91d cadence",2026-08-18
GIS,General Mills,Consumer Staples,Packaged Foods & Meats,37.97999954223633,20270244635.767685,-0.08999999999999997,-0.17999999999999994,-421.9999949137371,-210.99999745686856,-0.5,533708396.0,2026-10-01,2037800000.0,-87600000.0,885800000.0,453800000.0,13469600000.0,edgar,4 quarterly filings,2026-05-31,True,extrapolated_clamped,realized TTM growth clamped to -50% before extrapolating (raw rate was distorted),"projected from 8 filings, 92d cadence",2026-08-18
GKOS,Glaukos Corp.,Health Care,Health Care Equipment,185.6199951171875,10948598097.932495,-1.27,-1.27,-146.15747647022638,-146.15747647022638,,58983937.0,2026-10-27,336181000.0,-38160000.0,-37123000.0,114485000.0,3039000.0,edgar,4 quarterly filings,2026-06-30,True,flat,no growth signal; forward EPS held flat at trailing,"projected from 8 filings, 90d cadence",2026-08-18
GL,Globe Life,Financials,Life & Health Insurance,179.41000366210938,13787559567.70108,18.379280334728037,14.82,9.76153583789189,12.10593816883329,0.24016736401673655,76849447.0,2026-11-04,3159349000.0,558273000.0,1049152000.0,38792000.0,1629559000.0,edgar,4 quarterly filings,2026-06-30,True,extrapolated,"extrapolated realized TTM growth (not consensus, not guidance)","projected from 8 filings, 91d cadence",2026-08-18
GLPI,Gaming and Leisure Properties,Real Estate,Other Specialized REITs,42.25,12291371816.75,3.380634328358208,3.01,12.497654551274273,14.03654485049834,0.1231343283582087,290920043.0,2026-10-31,850504000.0,460245000.0,665741000.0,105894000.0,8077741000.0,edgar,4 quarterly filings,2026-06-30,True,extrapolated,"extrapolated realized TTM growth (not consensus, not guidance)","projected from 8 filings, 93d cadence",2026-08-18
GLW,Corning Inc.,Information Technology,Electronic Components,173.2100067138672,149071083446.45807,2.4749999999999996,1.65,69.98384109651201,104.975761644768,0.5,860637825.0,2026-10-27,4144000000.0,371000000.0,639000000.0,1755000000.0,3458000000.0,edgar,4 quarterly filings,2026-03-31,True,extrapolated_clamped,realized TTM growth clamped to +50% before extrapolating (raw rate was distorted),"projected from 8 filings, 90d cadence",2026-08-18
GM,General Motors,Consumer Discretionary,Automobile Manufacturers,84.37000274658203,74030588924.16263,5.035915619389587,7.49,16.753656955993375,11.264352836659818,-0.3276481149012568,877451541.0,2026-10-20,91650000000.0,3932000000.0,4385000000.0,20134000000.0,,edgar,4 quarterly filings,2026-06-30,True,extrapolated,"extrapolated realized TTM growth (not consensus, not guidance)","projected from 8 filings, 91d cadence",2026-08-18
GME,GameStop,Consumer Discretionary,Computer & Electronics Retail,18.399999618530277,8255918957.637871,1.19,1.19,15.462184553386788,15.462184553386788,,448691257.0,2026-09-11,835300000.0,389600000.0,143300000.0,7397600000.0,4164300000.0,edgar,4 quarterly filings,2026-05-02,True,flat,no growth signal; forward EPS held flat at trailing,"projected from 8 filings, 92d cadence",2026-08-18
GMED,Globus Medical,Health Care,Health Care Equipment,85.12000274658203,11428374488.44136,6.555,4.37,12.985507665382462,19.478261498073692,0.5,134261914.0,2026-11-05,1549466000.0,275871000.0,332820000.0,507745000.0,,edgar,4 quarterly filings,2026-06-30,True,extrapolated_clamped,realized TTM growth clamped to +50% before extrapolating (raw rate was distorted),"projected from 8 filings, 91d cadence",2026-08-18
GNL,"Global Net Lease, Inc.",Real Estate,Diversified REITs,8.8100004196167,1858294269.5097923,-0.6,-0.6,-14.6833340326945,-14.6833340326945,,210930100.0,2026-11-04,221761000.0,12629000.0,85671000.0,153640000.0,,edgar,4 quarterly filings,2026-06-30,True,flat,no growth signal; forward EPS held flat at trailing,"projected from 8 filings, 91d cadence",2026-08-18
GNRC,Generac,Industrials,Heavy Electrical Equipment,221.25,13055157371.25,9.015,6.01,24.542429284525788,36.813643926788686,0.5,59006361.0,2026-11-03,2232875000.0,216497000.0,327724000.0,264921000.0,1480000000.0,edgar,4 quarterly filings,2026-06-30,True,extrapolated_clamped,realized TTM growth clamped to +50% before extrapolating (raw rate was distorted),"projected from 8 filings, 91d cadence",2026-08-18
GNTX,Gentex,Consumer Discretionary,Automotive Parts & Equipment,23.809999465942383,5016369998.592962,2.088947368421053,1.8900000000000001,11.398084904331197,12.59788331531343,0.10526315789473695,210683331.0,2026-11-02,1326742831.0,213144560.0,264998313.0,233444229.0,23100000.0,edgar,4 quarterly filings,2026-06-30,True,extrapolated,"extrapolated realized TTM growth (not consensus, not guidance)","projected from 8 filings, 90d cadence",2026-08-18
GNW,"Genworth Financial, Inc.",Financials,Multi-line Insurance,10.09000015258789,3812517020.9854927,0.512,0.64,19.707031548023224,15.765625238418579,-0.20000000000000007,377851037.0,2026-11-07,3678000000.0,94000000.0,119000000.0,1032000000.0,1500000000.0,edgar,4 quarterly filings,2026-06-30,True,extrapolated,"extrapolated realized TTM growth (not consensus, not guidance)","projected from 8 filings, 93d cadence",2026-08-18
GO,Grocery Outlet,Consumer Staples,Food Retail,11.489999771118164,1138480790.4013596,-0.8,-1.6,-14.362499713897705,-7.1812498569488525,-0.5,99084492.0,2026-11-13,2359116000.0,-174696000.0,-162248000.0,74199000.0,505602000.0,edgar,4 quarterly filings,2026-07-04,True,extrapolated_clamped,realized TTM growth clamped to -50% before extrapolating (raw rate was distorted),"projected from 8 filings, 93d cadence",2026-08-18
GOLF,Acushnet Company,Consumer Discretionary,Leisure Products,90.66000366210938,5295001502.925659,6.086519114688128,5.5,14.895213824815988,16.483637029474433,0.10663983903420515,58405044.0,2026-11-05,895920000.0,206248000.0,296735000.0,76058000.0,933396000.0,edgar,4 quarterly filings,2026-06-30,True,extrapolated,"extrapolated realized TTM growth (not consensus, not guidance)","projected from 8 filings, 91d cadence",2026-08-18
GOOG,Alphabet Inc. (Class C),Communication Services,Interactive Media & Services,341.45001220703125,4175933649291.992,29.099999999999998,19.4,11.733677395430629,17.60051609314594,0.5,12230000000.0,2026-10-22,229692000000.0,174771000000.0,80466000000.0,55911000000.0,49085000000.0,edgar,4 quarterly filings,2026-06-30,True,extrapolated_clamped,realized TTM growth clamped to +50% before extrapolating (raw rate was distorted),"projected from 8 filings, 91d cadence",2026-08-18
GOOGL,Alphabet Inc. (Class A),Communication Services,Interactive Media & Services,344.0,4207120000000.0,29.099999999999998,19.4,11.8213058419244,17.7319587628866,0.5,12230000000.0,2026-10-22,229692000000.0,174771000000.0,80466000000.0,55911000000.0,49085000000.0,edgar,4 quarterly filings,2026-06-30,True,extrapolated_clamped,realized TTM growth clamped to +50% before extrapolating (raw rate was distorted),"projected from 8 filings, 91d cadence",2026-08-18
GPC,Genuine Parts Company,Consumer Discretionary,Distributors,132.52000427246094,18269175719.16043,6.058017366136036,6.470000000000001,21.875144335709575,20.482226317227344,-0.06367583212735162,137859758.0,2026-10-20,12801891000.0,416093000.0,1430505000.0,900123000.0,4795751000.0,edgar,4 quarterly filings,2026-06-30,True,extrapolated,"extrapolated realized TTM growth (not consensus, not guidance)","projected from 8 filings, 91d cadence",2026-08-18
GPI,"Group 1 Automotive, Inc.",Consumer Discretionary,Automotive Retail,259.67999267578125,3095963300.679016,24.925403000254263,31.310000000000002,10.418286624016963,8.29383560127056,-0.20391558606661575,11922225.0,2026-10-31,2860026000.0,233500000.0,445700000.0,164500000.0,,edgar,4 quarterly filings,2026-06-30,True,extrapolated,"extrapolated realized TTM growth (not consensus, not guidance)","projected from 8 filings, 93d cadence",2026-08-18
GPK,Graphic Packaging,Materials,Paper & Plastic Packaging Products & Materials,11.0,3256787303.0,0.38,0.76,28.94736842105263,14.473684210526315,-0.5,296071573.0,2026-11-05,4344000000.0,-19000000.0,114000000.0,205000000.0,5539000000.0,edgar,4 quarterly filings,2026-06-30,True,extrapolated_clamped,realized TTM growth clamped to -50% before extrapolating (raw rate was distorted),"projected from 8 filings, 93d cadence",2026-08-18
GPN,Global Payments,Financials,Transaction & Payment Processing Services,90.37999725341795,23916209361.40388,-1.4549999999999998,-2.9099999999999997,-62.11683660028726,-31.05841830014363,-0.5,264618390.0,2026-11-04,794977000.0,-1786907000.0,321475000.0,5408962000.0,22515505000.0,edgar,4 quarterly filings,2026-06-30,True,extrapolated_clamped,realized TTM growth clamped to -50% before extrapolating (raw rate was distorted),"projected from 8 filings, 91d cadence",2026-08-18
GPOR,Gulfport Energy Corporation,Energy,Oil & Gas Exploration & Production,169.60000610351562,2999183781.5337524,27.29,27.29,6.214730894229228,6.214730894229228,,17683866.0,2026-11-03,760760000.0,252924000.0,354654000.0,1054000.0,922257000.0,edgar,4 quarterly filings,2026-06-30,True,flat,no growth signal; forward EPS held flat at trailing,"projected from 8 filings, 91d cadence",2026-08-18
GRBK,"Green Brick Partners, Inc.",Consumer Discretionary,Homebuilding,70.87999725341797,3048598014.347595,5.779730423620026,6.71,12.263547269220838,10.563337891716538,-0.1386392811296534,43010696.0,2026-10-28,959498000.0,135115000.0,29364000.0,131642000.0,323269000.0,edgar,4 quarterly filings,2026-06-30,True,extrapolated,"extrapolated realized TTM growth (not consensus, not guidance)","projected from 8 filings, 91d cadence",2026-08-18
GRMN,Garmin,Consumer Discretionary,Consumer Electronics,307.5,59303283345.0,9.90025,7.96,31.059821721673696,38.630653266331656,0.2437499999999999,192856206.0,2026-10-28,1753489000.0,405078000.0,431665000.0,2289916000.0,,edgar,4 quarterly filings,2026-03-28,True,extrapolated,"extrapolated realized TTM growth (not consensus, not guidance)","projected from 8 filings, 91d cadence",2026-08-18
GS,Goldman Sachs,Financials,Investment Banking & Brokerage,1051.31005859375,306111430005.3047,89.08371020599252,61.69,11.801372620906287,17.0418229631018,0.44405430711610494,291171408.0,2026-11-03,,12258000000.0,,187266000000.0,228723000000.0,edgar,4 quarterly filings,2026-06-30,True,extrapolated,"extrapolated realized TTM growth (not consensus, not guidance)","projected from 4 filings, 92d cadence",2026-08-18
GSHD,"Goosehead Insurance, Inc.",Financials,Insurance Brokers,64.4000015258789,1361885443.8682022,1.0034722222222223,0.85,64.17716415035683,75.7647076775046,0.18055555555555558,21147289.0,2026-10-22,206465000.0,14954000.0,41587000.0,23655000.0,36500000.0,edgar,4 quarterly filings,2025-09-30,True,extrapolated,"extrapolated realized TTM growth (not consensus, not guidance)","projected from 8 filings, 91d cadence",2026-08-18
GT,Goodyear Tire and Rubber Company,Consumer Discretionary,Tires & Rubber,6.050000190734863,1741787413.7623262,-4.16,-8.32,-1.4543269689266498,-0.7271634844633249,-0.5,287898737.0,2026-11-05,8131000000.0,-453000000.0,1506000000.0,861000000.0,6575000000.0,edgar,4 quarterly filings,2026-06-30,True,extrapolated_clamped,realized TTM growth clamped to -50% before extrapolating (raw rate was distorted),"projected from 8 filings, 91d cadence",2026-08-18
GTES,Gates Corporation,Industrials,Industrial Machinery & Supplies & Components,28.13999938964844,7123673769.288789,2.1450000000000005,1.4300000000000002,13.118880834334934,19.678321251502403,0.5,253151170.0,2026-10-31,2555500000.0,230600000.0,241500000.0,823500000.0,2233500000.0,edgar,4 quarterly filings,2026-06-27,True,extrapolated_clamped,realized TTM growth clamped to +50% before extrapolating (raw rate was distorted),"projected from 8 filings, 92d cadence",2026-08-18
GTM,ZoomInfo,Communication Services,Interactive Media & Services,3.759999990463257,1094573770.1837583,-0.95,-1.9,-3.9578947268034286,-1.9789473634017143,-0.5,291110046.0,2026-11-05,620600000.0,-614400000.0,-564100000.0,147600000.0,1264000000.0,edgar,4 quarterly filings,2026-06-30,True,extrapolated_clamped,realized TTM growth clamped to -50% before extrapolating (raw rate was distorted),"projected from 8 filings, 92d cadence",2026-08-18
GTY,Getty Realty Corp.,Real Estate,Retail REITs,33.06999969482422,2048114337.0296402,1.8258035714285712,1.43,18.112572574797365,23.12587391246449,0.2767857142857142,61932699.0,2026-10-22,116895000.0,49214000.0,73160000.0,4848000.0,1066972000.0,edgar,4 quarterly filings,2026-06-30,True,extrapolated,"extrapolated realized TTM growth (not consensus, not guidance)","projected from 8 filings, 91d cadence",2026-08-18
GVA,"Granite Construction, Inc.",Industrials,Construction & Engineering,128.02000427246094,5602732757.182159,-1.9600000000000002,-3.9200000000000004,-65.31632871043925,-32.658164355219625,-0.5,43764510.0,2026-10-27,256731000.0,-319861000.0,95675000.0,877121000.0,1558652000.0,edgar,4 quarterly filings,2026-06-30,True,extrapolated_clamped,realized TTM growth clamped to -50% before extrapolating (raw rate was distorted),"projected from 8 filings, 89d cadence",2026-08-18
GWRE,Guidewire Software,Information Technology,Application Software,171.99000549316406,14319262501.700867,1.79,1.79,96.0838019514883,96.0838019514883,,83256364.0,2026-09-05,719514000.0,,87556000.0,294634000.0,398903000.0,edgar,4 quarterly filings,2026-04-30,True,flat,no growth signal; forward EPS held flat at trailing,"projected from 8 filings, 92d cadence",2026-08-18
GWW,W. W. Grainger,Industrials,Industrial Machinery & Supplies & Components,1317.6800537109375,62063971784.39575,40.66038342768914,39.75,32.406975602045506,33.14918374115566,0.02290272774060731,47100942.0,2026-11-04,2998511000.0,1125000000.0,1600000000.0,589000000.0,2408000000.0,edgar,4 quarterly filings,2026-06-30,True,extrapolated,"extrapolated realized TTM growth (not consensus, not guidance)","projected from 8 filings, 92d cadence",2026-08-18
GXO,GXO Logistics,Industrials,Air Freight & Logistics,47.31999969482422,5426874243.281044,0.99,0.99,47.797979489721435,47.797979489721435,,114684579.0,2026-11-04,6739000000.0,29000000.0,116000000.0,769000000.0,1625000000.0,edgar,4 quarterly filings,2026-06-30,True,flat,no growth signal; forward EPS held flat at trailing,"projected from 8 filings, 91d cadence",2026-08-18
H,Hyatt,Consumer Discretionary,"Hotels, Resorts & Cruise Lines",181.6000061035156,17566533243.20532,0.49999999999999994,0.9999999999999999,363.20001220703125,181.60000610351562,-0.5,96732008.0,2026-10-27,1109000000.0,148000000.0,,537000000.0,1745000000.0,edgar,4 quarterly filings,2026-06-30,True,extrapolated_clamped,realized TTM growth clamped to -50% before extrapolating (raw rate was distorted),"projected from 8 filings, 89d cadence",2026-08-18
HAE,Haemonetics,Health Care,Health Care Supplies,90.2699966430664,4107018641.039421,3.677236363636363,3.1799999999999997,24.54832589379699,28.386791397190695,0.15636363636363626,45497051.0,2026-11-05,910373000.0,33010000.0,57458000.0,223384000.0,1188202000.0,edgar,4 quarterly filings,2026-06-27,True,extrapolated,"extrapolated realized TTM growth (not consensus, not guidance)","projected from 8 filings, 91d cadence",2026-08-18
HAFC,Hanmi Financial Corporation,Financials,Regional Banks,32.20000076293945,954706033.6205864,3.7428780487804882,2.77,8.603005586417895,11.6245490118915,0.35121951219512204,29649255.0,2026-11-06,143947000.0,46062000.0,46062000.0,,,edgar,4 quarterly filings,2026-06-30,True,extrapolated,"extrapolated realized TTM growth (not consensus, not guidance)","projected from 8 filings, 91d cadence",2026-08-18
HAL,Halliburton,Energy,Oil & Gas Equipment & Services,34.72999954223633,28934617264.533184,1.3070042194092826,1.76,26.572216850174364,19.73295428536155,-0.2573839662447258,833130367.0,2026-10-23,11217000000.0,995000000.0,1457000000.0,2048000000.0,7071000000.0,edgar,4 quarterly filings,2026-06-30,True,extrapolated,"extrapolated realized TTM growth (not consensus, not guidance)","projected from 8 filings, 91d cadence",2026-08-18
HALO,Halozyme,Health Care,Biotechnology,103.0,11690294000.0,8.82,5.88,11.678004535147393,17.517006802721088,0.5,113498000.0,2026-11-06,121703000.0,379962000.0,472171000.0,163138000.0,2142630000.0,edgar,4 quarterly filings,2026-06-30,True,extrapolated_clamped,realized TTM growth clamped to +50% before extrapolating (raw rate was distorted),"projected from 8 filings, 92d cadence",2026-08-18
HAS,Hasbro,Consumer Discretionary,Leisure Products,95.0500030517578,13406277018.783552,-0.9749999999999999,-1.9499999999999997,-97.4871826171875,-48.74359130859375,-0.5,141044467.0,2026-10-29,2403600000.0,359300000.0,522800000.0,1181200000.0,4660015000.0,edgar,4 quarterly filings,2026-06-28,True,extrapolated_clamped,realized TTM growth clamped to -50% before extrapolating (raw rate was distorted),"projected from 8 filings, 91d cadence",2026-08-18
HASI,"Hannon Armstrong Sustainable Infrastructure Capital, Inc.",Financials,Specialized Finance,42.130001068115234,5413527769.948311,1.952702702702703,1.7000000000000002,21.575225460488074,24.782353569479547,0.14864864864864868,128495790.0,2026-11-06,245016000.0,56659000.0,,249921000.0,168000000.0,edgar,4 quarterly filings,2026-06-30,True,extrapolated,"extrapolated realized TTM growth (not consensus, not guidance)","projected from 8 filings, 91d cadence",2026-08-18
HAYW,"Hayward Holdings, Inc.",Industrials,Electrical Components & Equipment,14.760000228881836,3202373811.578888,0.698181818181818,0.48,21.14062532782555,30.750000476837158,0.45454545454545436,216962992.0,2026-10-28,255216000.0,23359000.0,42488000.0,135794000.0,959826000.0,edgar,4 quarterly filings,2026-03-28,True,extrapolated,"extrapolated realized TTM growth (not consensus, not guidance)","projected from 8 filings, 91d cadence",2026-08-18
HBAN,Huntington Bancshares,Financials,Regional Banks,17.950000762939453,36386995583.227905,1.4480645161290326,1.34,12.39585706507291,13.395522957417501,0.08064516129032273,2027130587.0,2026-10-27,472000000.0,523000000.0,,1636000000.0,21594000000.0,edgar,4 quarterly filings,2026-03-31,True,extrapolated,"extrapolated realized TTM growth (not consensus, not guidance)","projected from 8 filings, 91d cadence",2026-08-18
HCA,HCA Healthcare,Health Care,Health Care Facilities,404.9800109863281,89840684641.20483,37.04751111111111,27.39,10.931368905504382,14.785688608482223,0.35259259259259257,221839800.0,2026-10-26,19109000000.0,1620000000.0,,940000000.0,44373000000.0,edgar,4 quarterly filings,2026-03-31,True,extrapolated,"extrapolated realized TTM growth (not consensus, not guidance)","projected from 8 filings, 90d cadence",2026-08-18
HCC,"Warrior Met Coal, Inc.",Materials,Steel,98.62999725341795,5207869695.784736,3.1819739696312364,3.83,30.99648149065416,25.75195750741983,-0.16919739696312364,52802087.0,2026-11-04,,159770000.0,173889000.0,302346000.0,154591000.0,edgar,4 quarterly filings,2026-06-30,True,extrapolated,"extrapolated realized TTM growth (not consensus, not guidance)","projected from 8 filings, 91d cadence",2026-08-18
HCI,"HCI Group, Inc.",Financials,Property & Casualty Insurance,182.6499938964844,2271958981.6291814,34.8,23.2,5.2485630430024255,7.872844564503638,0.5,12438867.0,2026-11-06,489535000.0,147204000.0,,872336000.0,248544000.0,edgar,4 quarterly filings,2026-06-30,True,extrapolated_clamped,realized TTM growth clamped to +50% before extrapolating (raw rate was distorted),"projected from 8 filings, 91d cadence",2026-08-18
HCSG,"Healthcare Services Group, Inc.",Industrials,Environmental & Facilities Services,21.59000015258789,1481769251.652443,1.1567213114754098,0.84,18.664824394952685,25.702381134033203,0.3770491803278688,68632202.0,2026-10-23,933574000.0,48756000.0,,123406000.0,,edgar,4 quarterly filings,2026-06-30,True,extrapolated,"extrapolated realized TTM growth (not consensus, not guidance)","projected from 8 filings, 91d cadence",2026-08-18
HD,Home Depot (The),Consumer Discretionary,Home Improvement Retail,337.8800048828125,336905789382.8938,14.226766390833863,14.95,23.749599564698315,22.600669222930602,-0.04837683004455762,997116682.0,2026-08-26,52871000000.0,3289000000.0,4981000000.0,1601000000.0,49397000000.0,edgar,4 quarterly filings,2026-05-03,True,extrapolated,"extrapolated realized TTM growth (not consensus, not guidance)","projected from 8 filings, 91d cadence",2026-08-18
HE,"Hawaiian Electric Industries, Inc.",Utilities,Electric Utilities,11.8100004196167,2039917799.719555,1.22,1.22,9.680328212800573,9.680328212800573,,172728004.0,2026-11-06,1686150000.0,153650000.0,257591000.0,238732000.0,2265630000.0,edgar,4 quarterly filings,2026-06-30,True,flat,no growth signal; forward EPS held flat at trailing,"projected from 8 filings, 91d cadence",2026-08-18
HFWA,Heritage Financial Corporation,Financials,Regional Banks,29.600000381469727,1211100532.4080467,2.520076923076923,1.81,11.74567336037076,16.35359137097775,0.39230769230769225,40915558.0,2026-11-06,,36493000.0,,204375000.0,,edgar,4 quarterly filings,2026-06-30,True,extrapolated,"extrapolated realized TTM growth (not consensus, not guidance)","projected from 8 filings, 91d cadence",2026-08-18
HGV,Hilton Grand Vacations,Consumer Discretionary,"Hotels, Resorts & Cruise Lines",44.91999816894531,3491368451.08284,2.205,1.47,20.37188125575751,30.55782188363627,0.5,77724145.0,2026-10-29,2643000000.0,78000000.0,,272000000.0,4876000000.0,edgar,4 quarterly filings,2026-06-30,True,extrapolated_clamped,realized TTM growth clamped to +50% before extrapolating (raw rate was distorted),"projected from 8 filings, 91d cadence",2026-08-18
HIG,Hartford (The),Financials,Property & Casualty Insurance,136.7100067138672,37030913212.01865,22.395,14.93,6.1044879086343915,9.156731862951586,0.5,270872002.0,2026-10-21,14204000000.0,2154000000.0,1450000000.0,,4374000000.0,edgar,4 quarterly filings,2026-06-30,True,extrapolated_clamped,realized TTM growth clamped to +50% before extrapolating (raw rate was distorted),"projected from 8 filings, 90d cadence",2026-08-18
HII,Huntington Ingalls Industries,Industrials,Aerospace & Defense,318.3399963378906,12544059583.016052,18.87397260273973,16.6,16.866613247689077,19.17710821312594,0.13698630136986312,39404598.0,2026-10-29,6517000000.0,357000000.0,365000000.0,10000000.0,2905000000.0,edgar,4 quarterly filings,2026-06-30,True,extrapolated,"extrapolated realized TTM growth (not consensus, not guidance)","projected from 8 filings, 91d cadence",2026-08-18
HIMS,Hims & Hers Health,Health Care,Health Care Services,28.61000061035156,6582047524.778136,-0.27,-0.54,-105.96296522352428,-52.98148261176214,-0.5,230061076.0,2026-11-11,1361318000.0,-178405000.0,-175515000.0,609811000.0,,edgar,4 quarterly filings,2026-06-30,True,extrapolated_clamped,realized TTM growth clamped to -50% before extrapolating (raw rate was distorted),"projected from 8 filings, 93d cadence",2026-08-18
HIW,Highwoods Properties,Real Estate,Office REITs,30.65999984741211,3380960873.193722,1.8656302521008403,1.49,16.434124507193555,20.57718110564571,0.25210084033613445,110272697.0,2026-10-27,214034000.0,,142916000.0,32423000.0,,edgar,4 quarterly filings,2026-03-31,True,extrapolated,"extrapolated realized TTM growth (not consensus, not guidance)","projected from 8 filings, 91d cadence",2026-08-18
HL,Hecla Mining,Materials,Silver,18.81999969482422,12642681666.412544,0.5700000000000001,0.38,33.01754332425301,49.526314986379525,0.5,671768431.0,2026-11-03,645957000.0,98848000.0,368805000.0,483482000.0,504729000.0,edgar,4 quarterly filings,2026-06-30,True,extrapolated_clamped,realized TTM growth clamped to +50% before extrapolating (raw rate was distorted),"projected from 8 filings, 91d cadence",2026-08-18
HLI,Houlihan Lokey,Financials,Investment Banking & Brokerage,125.22000122070312,73612581.23760986,6.82549019607843,5.8999999999999995,18.345935254972307,21.22372902045816,0.1568627450980391,587866.0,2026-10-29,511000000.0,78000000.0,78000000.0,745000000.0,133549000.0,edgar,4 quarterly filings,2026-06-30,True,extrapolated,"extrapolated realized TTM growth (not consensus, not guidance)","projected from 8 filings, 90d cadence",2026-08-18
HLIT,Harmonic Inc.,Information Technology,Communications Equipment,13.43000030517578,1464762389.6344373,0.15000000000000002,0.1,89.53333536783852,134.30000305175778,0.5,109066445.0,2026-11-20,120222000.0,4985000.0,44080000.0,231862000.0,110611000.0,edgar,4 quarterly filings,2026-07-03,True,extrapolated_clamped,realized TTM growth clamped to +50% before extrapolating (raw rate was distorted),"projected from 8 filings, 95d cadence",2026-08-18
HLNE,Hamilton Lane,Financials,Asset Management & Custody Banks,100.83999633789062,,5.637153024911031,3.98,17.888461762927243,25.336682496957444,0.4163701067615657,,2026-11-03,275331000.0,80461000.0,,87025000.0,274199000.0,edgar,annual 10-K only (no TTM),2022-03-31,True,extrapolated,"extrapolated realized TTM growth (not consensus, not guidance)","projected from 8 filings, 91d cadence",2026-08-18
HLT,Hilton Worldwide,Consumer Discretionary,"Hotels, Resorts & Cruise Lines",326.1199951171875,73398167350.25024,10.23766917293233,7.38,31.854906581609963,44.18970123539126,0.3872180451127818,225064910.0,2026-10-28,12039000000.0,867000000.0,1536000000.0,1009000000.0,,edgar,4 quarterly filings,2026-06-30,True,extrapolated,"extrapolated realized TTM growth (not consensus, not guidance)","projected from 8 filings, 92d cadence",2026-08-18
HLX,"Helix Energy Solutions Group, Inc.",Energy,Oil & Gas Equipment & Services,10.539999961853027,1553410985.7578058,0.14440000000000003,0.19,72.99168948651679,55.47368400975277,-0.23999999999999988,147382447.0,2026-11-08,876561000.0,9314000.0,23963000.0,652234000.0,304305000.0,edgar,4 quarterly filings,2026-06-30,True,extrapolated,"extrapolated realized TTM growth (not consensus, not guidance)","projected from 8 filings, 94d cadence",2026-08-18
HMN,Horace Mann Educators Corporation,Financials,Multi-line Insurance,51.29999923706055,2077704039.300148,6.18,4.12,8.300970750333422,12.451456125500133,0.5,40501054.0,2026-11-07,872800000.0,82800000.0,,46200000.0,594200000.0,edgar,4 quarterly filings,2026-06-30,True,extrapolated_clamped,realized TTM growth clamped to +50% before extrapolating (raw rate was distorted),"projected from 8 filings, 92d cadence",2026-08-18
HNI,HNI Corporation,Industrials,Office Services & Supplies,48.31999969482422,3487824553.971863,1.819264069264069,2.05,26.560190195132414,23.57073155845084,-0.11255411255411263,72181800.0,2026-11-05,2819900000.0,12300000.0,55700000.0,105000000.0,1375200000.0,edgar,4 quarterly filings,2026-07-04,True,extrapolated,"extrapolated realized TTM growth (not consensus, not guidance)","projected from 8 filings, 93d cadence",2026-08-18
HOG,Harley-Davidson,Consumer Discretionary,Motorcycle Manufacturers,27.030000686645508,2813079935.6709194,4.597091932457786,4.95,5.879804250987473,5.460606199322324,-0.07129455909943716,104072507.0,2026-11-04,2402968000.0,104578000.0,99502000.0,1895789000.0,1629313000.0,edgar,4 quarterly filings,2026-06-30,True,extrapolated,"extrapolated realized TTM growth (not consensus, not guidance)","projected from 8 filings, 91d cadence",2026-08-18
HOMB,Home BancShares,Financials,Regional Banks,31.11000061035156,6223544111.400603,2.8021052631578947,2.42,11.102366859441766,12.855372153037834,0.1578947368421053,200049630.0,2026-11-07,,119327000.0,,1052519000.0,1270000000.0,edgar,4 quarterly filings,2026-06-30,True,extrapolated,"extrapolated realized TTM growth (not consensus, not guidance)","projected from 8 filings, 92d cadence",2026-08-18
HON,Honeywell Technologies,Industrials,Industrial Conglomerates,229.4499969482422,72721884327.27585,32.699999999999996,21.799999999999997,7.016819478539517,10.525229217809276,0.5,316940010.0,2026-10-22,18742000000.0,6503000000.0,4432000000.0,8751000000.0,31510000000.0,edgar,4 quarterly filings,2026-06-30,True,extrapolated_clamped,realized TTM growth clamped to +50% before extrapolating (raw rate was distorted),"projected from 8 filings, 91d cadence",2026-08-18
HONA,Honeywell Aerospace,Industrials,Aerospace & Defense,161.55999755859375,51206881477.18964,,,,,,316952725.0,2026-11-04,8874000000.0,880000000.0,2090000000.0,1057000000.0,15853000000.0,edgar,none,,False,flat,no growth signal; forward EPS held flat at trailing,"projected from 1 filings, 91d cadence",2026-08-18
HOOD,Robinhood Markets,Financials,Investment Banking & Brokerage,96.25,22388708361.25,3.045,2.03,31.60919540229885,47.41379310344828,0.5,232609957.0,2026-10-29,2375000000.0,911000000.0,,5362000000.0,,edgar,4 quarterly filings,2026-06-30,True,extrapolated_clamped,realized TTM growth clamped to +50% before extrapolating (raw rate was distorted),"projected from 8 filings, 91d cadence",2026-08-18
HOPE,"Hope Bancorp, Inc.",Financials,Regional Banks,14.359999656677246,1834372721.103321,1.5,1.0,9.573333104451498,14.359999656677246,0.5,127741836.0,2026-11-05,,62571000.0,,1468949000.0,,edgar,4 quarterly filings,2026-06-30,True,extrapolated_clamped,realized TTM growth clamped to +50% before extrapolating (raw rate was distorted),"projected from 8 filings, 91d cadence",2026-08-18
HP,"Helmerich & Payne, Inc.",Energy,Oil & Gas Drilling,44.720001220703125,4469269742.395782,-1.2349999999999999,-2.4699999999999998,-36.21052730421306,-18.10526365210653,-0.5,99938945.0,2026-11-04,2984244000.0,-79633000.0,91380000.0,204427000.0,1862116000.0,edgar,4 quarterly filings,2026-06-30,True,extrapolated_clamped,realized TTM growth clamped to -50% before extrapolating (raw rate was distorted),"projected from 8 filings, 90d cadence",2026-08-18
HPE,Hewlett Packard Enterprise,Information Technology,"Technology Hardware, Storage & Peripherals",57.61000061035156,76287365653.03969,0.07000000000000002,0.14000000000000004,823.0000087193077,411.5000043596539,-0.5,1324203521.0,2026-09-01,19979000000.0,1076000000.0,1217000000.0,5292000000.0,21748000000.0,edgar,4 quarterly filings,2026-04-30,True,extrapolated_clamped,realized TTM growth clamped to -50% before extrapolating (raw rate was distorted),"projected from 8 filings, 91d cadence",2026-08-18
HPQ,HP Inc.,Information Technology,"Technology Hardware, Storage & Peripherals",29.399999618530277,26886966737.137283,2.1231174089068827,2.29,13.847561842407616,12.838427781017588,-0.07287449392712542,914522690.0,2026-08-27,28846000000.0,995000000.0,1371000000.0,3703000000.0,9723000000.0,edgar,4 quarterly filings,2026-04-30,True,extrapolated,"extrapolated realized TTM growth (not consensus, not guidance)","projected from 8 filings, 91d cadence",2026-08-18
HQY,HealthEquity,Health Care,Managed Health Care,102.33000183105467,8555008878.8901205,4.050000000000001,2.7,25.266667118778926,37.9000006781684,0.5,83602157.0,2026-08-26,69904000.0,69418000.0,102953000.0,265369000.0,942656000.0,edgar,4 quarterly filings,2026-04-30,True,extrapolated_clamped,realized TTM growth clamped to +50% before extrapolating (raw rate was distorted),"projected from 8 filings, 90d cadence",2026-08-18
HR,Healthcare Realty Trust,Real Estate,Health Care REITs,19.149999618530277,6563083273.262788,-0.75,-0.75,-25.533332824707035,-25.533332824707035,,342719760.0,2026-10-29,560839000.0,-43570000.0,112599000.0,18987000.0,4166944000.0,edgar,4 quarterly filings,2026-06-30,True,flat,no growth signal; forward EPS held flat at trailing,"projected from 8 filings, 91d cadence",2026-08-18
HRB,H&R Block,Consumer Discretionary,Specialized Consumer Services,50.130001068115234,6179320801.522209,31.335,20.89,1.5998085549103314,2.399712832365497,0.5,123265922.0,2026-11-13,311163000.0,733596000.0,-175135000.0,958706000.0,1491493000.0,edgar,4 quarterly filings,2026-03-31,True,extrapolated_clamped,realized TTM growth clamped to +50% before extrapolating (raw rate was distorted),"projected from 8 filings, 91d cadence",2026-08-18
HRL,Hormel Foods,Consumer Staples,Packaged Foods & Meats,24.020000457763672,13230456452.140808,1.195912408759124,1.28,20.08508339058608,18.76562535762787,-0.06569343065693434,550810000.0,2026-08-27,,339274000.0,460809000.0,826750000.0,2351004000.0,edgar,4 quarterly filings,2026-04-26,True,extrapolated,"extrapolated realized TTM growth (not consensus, not guidance)","projected from 8 filings, 91d cadence",2026-08-18
HRMY,"Harmony Biosciences Holdings, Inc.",Health Care,Biotechnology,38.13999938964844,2221135993.4753265,4.682131147540984,3.38,8.14586310972499,11.284023488061669,0.38524590163934436,58236393.0,2026-11-03,476667000.0,107919000.0,126607000.0,549769000.0,153961000.0,edgar,4 quarterly filings,2026-06-30,True,extrapolated,"extrapolated realized TTM growth (not consensus, not guidance)","projected from 8 filings, 91d cadence",2026-08-18
HSIC,Henry Schein,Health Care,Health Care Distributors,89.5199966430664,9976694065.72136,3.38314465408805,3.28,26.46058794290519,27.292681903373907,0.03144654088050314,111446542.0,2026-11-03,13201995000.0,201000000.0,353000000.0,88115000.0,1046000000.0,edgar,4 quarterly filings,2026-06-27,True,extrapolated,"extrapolated realized TTM growth (not consensus, not guidance)","projected from 8 filings, 91d cadence",2026-08-18
HST,Host Hotels & Resorts,Real Estate,Hotel & Resort REITs,22.809999465942383,15627687175.294096,2.205378151260504,1.6199999999999999,10.342897182011674,14.080246583915052,0.3613445378151261,685124399.0,2026-11-08,1346000000.0,731000000.0,612000000.0,1953000000.0,1274000000.0,edgar,4 quarterly filings,2026-06-30,True,extrapolated,"extrapolated realized TTM growth (not consensus, not guidance)","projected from 8 filings, 93d cadence",2026-08-18
HSTM,"HealthStream, Inc.",Health Care,Health Care Technology,28.020000457763672,819303552.4849892,1.02515625,0.81,27.332419285122313,34.59259315773293,0.265625,29239955.0,2026-11-05,164935000.0,12579000.0,15832000.0,46169000.0,28000000.0,edgar,4 quarterly filings,2026-06-30,True,extrapolated,"extrapolated realized TTM growth (not consensus, not guidance)","projected from 8 filings, 91d cadence",2026-08-18
HSY,Hershey Company (The),Consumer Staples,Packaged Foods & Meats,181.05999755859372,40522173129.98052,,,,,,223805223.0,2026-10-29,8149719000.0,892770000.0,1283334000.0,365963000.0,5189135000.0,edgar,insufficient EPS filings,,False,flat,no growth signal; forward EPS held flat at trailing,"projected from 8 filings, 91d cadence",2026-08-18
HTH,Hilltop Holdings Inc.,Financials,Regional Banks,39.33000183105469,2253074885.5045624,3.2690582959641263,2.7,12.030988214437851,14.566667344835068,0.2107623318385652,57286417.0,2026-10-23,124277000.0,74358000.0,,487382000.0,225372000.0,edgar,4 quarterly filings,2026-06-30,True,extrapolated,"extrapolated realized TTM growth (not consensus, not guidance)","projected from 8 filings, 91d cadence",2026-08-18
HTLD,"Heartland Express, Inc.",Industrials,Cargo Ground Transportation,12.81999969482422,991404049.4199601,-0.16999999999999998,-0.16999999999999998,-75.41176291073072,-75.41176291073072,,77332611.0,2026-11-10,360383000.0,10583000.0,13254000.0,62385000.0,154059000.0,edgar,4 quarterly filings,2026-06-30,True,flat,no growth signal; forward EPS held flat at trailing,"projected from 8 filings, 92d cadence",2026-08-18
HTO,H2O America,Utilities,Water Utilities,63.209999084472656,2644721974.56411,2.655030303030303,2.96,23.80763752953339,21.35472942042995,-0.10303030303030303,41840247.0,2026-10-27,183293000.0,19013000.0,37426000.0,153008000.0,1901201000.0,edgar,4 quarterly filings,2026-03-31,True,extrapolated,"extrapolated realized TTM growth (not consensus, not guidance)","projected from 8 filings, 91d cadence",2026-08-18
HUBB,Hubbell Incorporated,Industrials,Industrial Machinery & Supplies & Components,504.2999877929688,26648107496.05878,19.26242607526882,16.93,26.180502176745197,29.787358995450017,0.13776881720430123,52841777.0,2026-10-28,1516700000.0,181800000.0,263800000.0,501600000.0,1444500000.0,edgar,4 quarterly filings,2026-03-31,True,extrapolated,"extrapolated realized TTM growth (not consensus, not guidance)","projected from 8 filings, 91d cadence",2026-08-18
HUBG,"Hub Group, Inc.",Industrials,Air Freight & Logistics,39.470001220703125,1472829173.930725,1.4020853080568723,1.72,28.150927046945505,22.94767512831577,-0.18483412322274873,37315154.0,2026-11-08,2755360000.0,80648000.0,111129000.0,119699000.0,254999000.0,edgar,4 quarterly filings,2025-09-30,True,extrapolated,"extrapolated realized TTM growth (not consensus, not guidance)","projected from 8 filings, 92d cadence",2026-08-18
HUM,Humana,Health Care,Managed Health Care,384.30999755859375,46140834771.8811,30.75769848349688,26.26,12.494757947015971,14.6348056953006,0.17127564674397866,120061500.0,2026-10-28,39648000000.0,1186000000.0,1754000000.0,4951000000.0,2600000000.0,edgar,4 quarterly filings,2026-03-31,True,extrapolated,"extrapolated realized TTM growth (not consensus, not guidance)","projected from 8 filings, 91d cadence",2026-08-18
HWC,Hancock Whitney,Financials,Regional Banks,78.83999633789062,6324785598.934387,4.620703422053231,4.93,17.062336431637437,15.991885666914936,-0.06273764258555137,80223058.0,2026-11-06,,174383000.0,,,193823000.0,edgar,4 quarterly filings,2026-06-30,True,extrapolated,"extrapolated realized TTM growth (not consensus, not guidance)","projected from 8 filings, 91d cadence",2026-08-18
HWKN,"Hawkins, Inc.",Materials,Commodity Chemicals,131.57000732421875,2746539296.5839233,5.146196473551636,4.52,25.566456313980567,29.1084087000484,0.1385390428211586,20875117.0,2026-10-28,315675000.0,28254000.0,38672000.0,3914000.0,244000000.0,edgar,4 quarterly filings,2026-06-28,True,extrapolated,"extrapolated realized TTM growth (not consensus, not guidance)","projected from 8 filings, 91d cadence",2026-08-18
HWM,Howmet Aerospace,Industrials,Aerospace & Defense,289.1199951171875,115301458531.60754,7.08,4.72,40.83615750242761,61.25423625364142,0.5,398801399.0,2026-11-07,10791000000.0,1114000000.0,1464000000.0,563000000.0,3050000000.0,edgar,4 quarterly filings,2026-06-30,True,extrapolated_clamped,realized TTM growth clamped to +50% before extrapolating (raw rate was distorted),"projected from 8 filings, 93d cadence",2026-08-18
HXL,Hexcel,Industrials,Aerospace & Defense,103.0999984741211,7796777785.80777,0.19,0.38,542.6315709164268,271.3157854582134,-0.5,75623452.0,2026-10-29,1030800000.0,49300000.0,130200000.0,62200000.0,1125500000.0,edgar,4 quarterly filings,2020-12-31,True,extrapolated_clamped,realized TTM growth clamped to -50% before extrapolating (raw rate was distorted),"projected from 8 filings, 92d cadence",2026-08-18
HZO,"MarineMax, Inc.",Consumer Discretionary,Specialty Stores,52.25,1154032478.5,-1.1199999999999999,-2.2399999999999998,-46.65178571428572,-23.32589285714286,-0.5,22086746.0,2026-10-22,1643848000.0,4837000.0,52977000.0,174779000.0,393196000.0,edgar,4 quarterly filings,2026-06-30,True,extrapolated_clamped,realized TTM growth clamped to -50% before extrapolating (raw rate was distorted),"projected from 8 filings, 91d cadence",2026-08-18
IART,Integra Lifesciences Holdings,Health Care,Health Care Equipment,17.65999984741211,1373462444.0928574,-6.38,-6.38,-2.7680250544533087,-2.7680250544533087,,77772506.0,2026-10-28,357082000.0,-134000.0,30755000.0,214415000.0,707187000.0,edgar,4 quarterly filings,2026-06-30,True,flat,no growth signal; forward EPS held flat at trailing,"projected from 8 filings, 91d cadence",2026-08-18
IBKR,Interactive Brokers,Financials,Investment Banking & Brokerage,94.33000183105467,3983711716.158462,1.9398630136986301,2.38,48.62714591954658,39.63445455086331,-0.18493150684931503,42231651.0,2026-11-05,2580000000.0,44533000.0,,7711000000.0,,edgar,4 quarterly filings,2026-06-30,True,extrapolated,"extrapolated realized TTM growth (not consensus, not guidance)","projected from 8 filings, 91d cadence",2026-08-18
IBM,IBM,Information Technology,IT Consulting & Other Services,228.8500061035156,215607460901.83194,11.55,7.7,19.813853342295722,29.720780013443584,0.5,942134390.0,2026-10-22,33079000000.0,3381000000.0,,7172000000.0,62944000000.0,edgar,4 quarterly filings,2026-06-30,True,extrapolated_clamped,realized TTM growth clamped to +50% before extrapolating (raw rate was distorted),"projected from 8 filings, 91d cadence",2026-08-18
IBOC,Intl Bancshares Corp,Financials,Regional Banks,73.13999938964844,4548687296.001312,6.789952229299364,6.53,10.771798816793082,11.200612463958413,0.039808917197452276,62191514.0,2026-11-05,,197998000.0,,451157000.0,,edgar,4 quarterly filings,2026-06-30,True,extrapolated,"extrapolated realized TTM growth (not consensus, not guidance)","projected from 8 filings, 91d cadence",2026-08-18
IBP,"Installed Building Products, Inc.",Consumer Discretionary,Homebuilding,243.5399932861328,6473092588.130936,9.657532934131737,8.98,25.217619753116413,27.120266512932382,0.07544910179640718,26579177.0,2026-11-05,1438300000.0,99700000.0,152200000.0,394500000.0,1062200000.0,edgar,4 quarterly filings,2026-06-30,True,extrapolated,"extrapolated realized TTM growth (not consensus, not guidance)","projected from 8 filings, 91d cadence",2026-08-18
ICE,Intercontinental Exchange,Financials,Financial Exchanges & Data,154.30999755859375,86628781918.37799,10.097959595959598,7.07,15.2813047123239,21.826025114369696,0.4282828282828284,561394487.0,2026-10-29,3136000000.0,2371000000.0,3056000000.0,1067000000.0,18122000000.0,edgar,4 quarterly filings,2026-06-30,True,extrapolated,"extrapolated realized TTM growth (not consensus, not guidance)","projected from 8 filings, 91d cadence",2026-08-18
ICHR,"Ichor Holdings, Ltd.",Information Technology,Semiconductor Materials & Equipment,71.87000274658203,2691835541.1011124,-0.9900000000000001,-0.9900000000000001,-72.59596237028487,-72.59596237028487,,37454229.0,2026-11-03,550852000.0,-1471000.0,9280000.0,256456000.0,120558000.0,edgar,4 quarterly filings,2026-06-26,True,flat,no growth signal; forward EPS held flat at trailing,"projected from 8 filings, 91d cadence",2026-08-18
ICUI,ICU Medical,Health Care,Health Care Supplies,182.50999450683597,4564034368.0122385,3.25,3.25,56.15692138671876,56.15692138671876,,25007038.0,2026-11-05,1081908000.0,19087000.0,52706000.0,208784000.0,75000000.0,edgar,4 quarterly filings,2026-06-30,True,flat,no growth signal; forward EPS held flat at trailing,"projected from 8 filings, 91d cadence",2026-08-18
IDA,Idacorp,Utilities,Electric Utilities,141.47000122070312,7766566406.995422,8.621315789473686,7.24,16.409328306177215,19.54005541722419,0.19078947368421062,54899034.0,2026-10-29,1746972000.0,323472000.0,353976000.0,215718000.0,3331038000.0,edgar,4 quarterly filings,2025-09-30,True,extrapolated,"extrapolated realized TTM growth (not consensus, not guidance)","projected from 8 filings, 91d cadence",2026-08-18
IDCC,InterDigital,Information Technology,Communications Equipment,348.3900146484375,8990555156.74768,14.416877192982456,12.82,24.16542847559383,27.17550816290464,0.12456140350877187,25806007.0,2026-10-29,307404000.0,191701000.0,221500000.0,615590000.0,217835000.0,edgar,4 quarterly filings,2026-06-30,True,extrapolated,"extrapolated realized TTM growth (not consensus, not guidance)","projected from 8 filings, 91d cadence",2026-08-18
IDXX,Idexx Laboratories,Health Care,Health Care Equipment,546.0900268554688,43021581752.1438,19.81406902815622,14.77,27.56072092407991,36.97291989542781,0.3415077202543142,78781116.0,2026-11-03,2357405000.0,616858000.0,788152000.0,196933000.0,450000000.0,edgar,4 quarterly filings,2026-06-30,True,extrapolated,"extrapolated realized TTM growth (not consensus, not guidance)","projected from 8 filings, 91d cadence",2026-08-18
IESC,IES Holdings,Industrials,Construction & Engineering,793.9600219726562,15819142127.551025,31.995000000000005,21.330000000000002,24.81512805040338,37.222692075605075,0.5,19924356.0,2026-10-30,3087939000.0,305975000.0,388535000.0,77278000.0,0.0,edgar,4 quarterly filings,2026-06-30,True,extrapolated_clamped,realized TTM growth clamped to +50% before extrapolating (raw rate was distorted),"projected from 8 filings, 91d cadence",2026-08-18
IEX,IDEX Corporation,Industrials,Industrial Machinery & Supplies & Components,240.38999938964844,17721525754.444946,7.7456915739268695,6.98,31.035317775734363,34.439827992786306,0.10969793322734511,73719896.0,2026-10-28,1807500000.0,263400000.0,372300000.0,621300000.0,1866900000.0,edgar,4 quarterly filings,2026-06-30,True,extrapolated,"extrapolated realized TTM growth (not consensus, not guidance)","projected from 8 filings, 91d cadence",2026-08-18
IFF,International Flavors & Fragrances,Materials,Specialty Chemicals,81.83000183105469,20878921939.483536,3.35,3.35,24.42686621822528,24.42686621822528,,255149963.0,2026-11-03,3856315000.0,219000000.0,411000000.0,569000000.0,5637000000.0,edgar,4 quarterly filings,2026-06-30,True,flat,no growth signal; forward EPS held flat at trailing,"projected from 8 filings, 91d cadence",2026-08-18
IIPR,"Innovative Industrial Properties, Inc.",Real Estate,Industrial REITs,55.79999923706055,1538481253.16473,3.4084807692307693,4.21,16.37092975286276,13.254156588375427,-0.19038461538461537,27571349.0,2026-11-02,132311000.0,76661000.0,74357000.0,204734000.0,393715000.0,edgar,4 quarterly filings,2026-06-30,True,extrapolated,"extrapolated realized TTM growth (not consensus, not guidance)","projected from 8 filings, 90d cadence",2026-08-18
ILMN,"Illumina, Inc.",Health Care,Life Sciences Tools & Services,193.13499450683597,29163384170.53223,4.69,4.69,41.18016940444263,41.18016940444263,,151000000.0,2026-10-30,2251000000.0,340000000.0,454000000.0,1144000000.0,838000000.0,edgar,4 quarterly filings,2026-06-28,True,flat,no growth signal; forward EPS held flat at trailing,"projected from 8 filings, 91d cadence",2026-08-18
INCY,Incyte,Health Care,Biotechnology,123.5,24673096142.5,9.629999999999999,6.42,12.824506749740396,19.23676012461059,0.5,199782155.0,2026-10-27,3394635000.0,303330000.0,301117000.0,3461114000.0,19094000000.0,edgar,4 quarterly filings,2026-03-31,True,extrapolated_clamped,realized TTM growth clamped to +50% before extrapolating (raw rate was distorted),"projected from 8 filings, 91d cadence",2026-08-18
INDB,Independent Bank Corp.,Financials,Regional Banks,86.04000091552734,4075637321.3277054,6.221095890410958,5.22,13.830360828893065,16.482758796078038,0.1917808219178081,47369099.0,2026-11-06,,161757000.0,,,14063000.0,edgar,4 quarterly filings,2026-06-30,True,extrapolated,"extrapolated realized TTM growth (not consensus, not guidance)","projected from 8 filings, 92d cadence",2026-08-18
INDV,Indivior,Health Care,Pharmaceuticals,39.08000183105469,4611973619.009445,3.21,2.14,12.174455399082458,18.261683098623685,0.5,118013649.0,2026-11-03,660000000.0,211000000.0,297000000.0,222000000.0,487000000.0,edgar,4 quarterly filings,2026-06-30,True,extrapolated_clamped,realized TTM growth clamped to +50% before extrapolating (raw rate was distorted),"projected from 7 filings, 92d cadence",2026-08-18
INGR,Ingredion,Consumer Staples,Agricultural Products & Services,103.58999633789062,6532797353.662811,8.20379512195122,9.17,12.62708231958533,11.296619011765609,-0.10536585365853657,63063979.0,2026-11-05,3642000000.0,256000000.0,391000000.0,948000000.0,1871000000.0,edgar,4 quarterly filings,2026-06-30,True,extrapolated,"extrapolated realized TTM growth (not consensus, not guidance)","projected from 8 filings, 90d cadence",2026-08-18
INSP,"Inspire Medical Systems, Inc.",Health Care,Health Care Equipment,57.220001220703125,1654251692.790985,-0.07999999999999999,-0.15999999999999998,-715.2500152587892,-357.6250076293946,-0.5,28910375.0,2026-11-02,82050000.0,-10980000.0,-1632000.0,127761000.0,21400000.0,edgar,4 quarterly filings,2026-06-30,True,extrapolated_clamped,realized TTM growth clamped to -50% before extrapolating (raw rate was distorted),"projected from 8 filings, 91d cadence",2026-08-18
INSW,"International Seaways, Inc.",Energy,Oil & Gas Storage & Transportation,98.36000061035156,4871899780.191513,21.495,14.33,4.575947923254318,6.863921884881477,0.5,49531311.0,2026-11-10,792763000.0,581068000.0,589913000.0,159397000.0,645622000.0,edgar,4 quarterly filings,2026-06-30,True,extrapolated_clamped,realized TTM growth clamped to +50% before extrapolating (raw rate was distorted),"projected from 8 filings, 92d cadence",2026-08-18
INTC,Intel,Information Technology,Semiconductors,103.48999786376952,522003549224.85345,-2.66,-2.66,-38.906014234499814,-38.906014234499814,,5044000000.0,2026-10-23,29705000000.0,-14761000000.0,-1340000000.0,12874000000.0,46585000000.0,edgar,4 quarterly filings,2026-06-27,True,flat,no growth signal; forward EPS held flat at trailing,"projected from 8 filings, 91d cadence",2026-08-18
INTU,Intuit,Information Technology,Application Software,335.6000061035156,91799018869.53735,37.769999999999996,25.18,8.88535891192787,13.328038367891804,0.5,273537000.0,2026-08-19,17094000000.0,4203000000.0,5409000000.0,4681000000.0,6162000000.0,edgar,4 quarterly filings,2026-04-30,True,extrapolated_clamped,realized TTM growth clamped to +50% before extrapolating (raw rate was distorted),"projected from 8 filings, 91d cadence",2026-08-18
INVA,"Innoviva, Inc.",Health Care,Pharmaceuticals,20.959999084472656,1514265299.457283,2.9300000000000006,2.9300000000000006,7.153583305280769,7.153583305280769,,72245485.0,2026-11-04,119466000.0,4435000.0,89009000.0,570388000.0,739126000.0,edgar,4 quarterly filings,2026-06-30,True,flat,no growth signal; forward EPS held flat at trailing,"projected from 8 filings, 91d cadence",2026-08-18
INVH,Invitation Homes,Real Estate,Single-Family Residential REITs,29.690000534057617,17535603895.366833,1.5148051948051948,1.08,19.59988032512377,27.490741235238534,0.4025974025974026,590623226.0,2026-10-29,1481662000.0,379355000.0,228710000.0,75786000.0,8526691000.0,edgar,4 quarterly filings,2026-06-30,True,extrapolated,"extrapolated realized TTM growth (not consensus, not guidance)","projected from 8 filings, 91d cadence",2026-08-18
INVX,"Innovex International, Inc.",Energy,Oil & Gas Equipment & Services,30.790000915527344,2153324177.358162,0.45499999999999996,0.9099999999999999,67.67033168247768,33.83516584123884,-0.5,69935827.0,2026-11-03,230640000.0,8360000.0,11950000.0,185629000.0,25429000.0,edgar,4 quarterly filings,2026-06-30,True,extrapolated_clamped,realized TTM growth clamped to -50% before extrapolating (raw rate was distorted),"projected from 8 filings, 91d cadence",2026-08-18
IOSP,"Innospec, Inc.",Materials,Specialty Chemicals,93.83000183105467,2311131185.1107936,2.792929475587703,3.9299999999999997,33.59554999551518,23.87531853207498,-0.2893309222423147,24631047.0,2026-11-04,944600000.0,61200000.0,76200000.0,250200000.0,0.0,edgar,4 quarterly filings,2026-06-30,True,extrapolated,"extrapolated realized TTM growth (not consensus, not guidance)","projected from 8 filings, 91d cadence",2026-08-18
IP,International Paper,Materials,Paper & Plastic Packaging Products & Materials,40.2599983215332,21320483083.834515,-6.52,-6.52,-6.174846368333314,-6.174846368333314,,529569895.0,2026-11-04,11975000000.0,48000000.0,728000000.0,726000000.0,8671000000.0,edgar,4 quarterly filings,2026-06-30,True,flat,no growth signal; forward EPS held flat at trailing,"projected from 8 filings, 91d cadence",2026-08-18
IPAR,"Inter Parfums, Inc.",Consumer Staples,Household Products,111.77999877929688,3579841761.086029,5.038091872791519,5.34,22.18697109970754,20.932584041066832,-0.0565371024734983,32025781.0,2026-11-03,1317700000.0,73853000.0,123075000.0,79764000.0,176028000.0,edgar,4 quarterly filings,2026-06-30,True,extrapolated,"extrapolated realized TTM growth (not consensus, not guidance)","projected from 8 filings, 91d cadence",2026-08-18
IPGP,IPG Photonics,Information Technology,Electronic Manufacturing Services,88.0999984741211,3747292820.997444,0.5,0.5,176.1999969482422,176.1999969482422,,42534539.0,2026-11-03,544077000.0,6826000.0,-3205000.0,399225000.0,15734000.0,edgar,4 quarterly filings,2026-06-30,True,flat,no growth signal; forward EPS held flat at trailing,"projected from 8 filings, 91d cadence",2026-08-18
IQV,IQVIA,Health Care,Life Sciences Tools & Services,241.2400054931641,40262956916.80909,6.257883755588675,6.48,38.54977415931096,37.2283959094389,-0.03427719821162434,166900000.0,2026-10-29,9739000000.0,274000000.0,514000000.0,1947000000.0,10782000000.0,edgar,4 quarterly filings,2026-03-31,True,extrapolated,"extrapolated realized TTM growth (not consensus, not guidance)","projected from 8 filings, 93d cadence",2026-08-18
IR,Ingersoll Rand,Industrials,Industrial Machinery & Supplies & Components,82.30999755859375,31936232053.72577,1.108153846153846,1.47,74.27668806481458,55.993195618090986,-0.24615384615384628,387999429.0,2026-10-30,2375400000.0,448900000.0,670000000.0,1173500000.0,2778100000.0,edgar,4 quarterly filings,2026-06-30,True,extrapolated,"extrapolated realized TTM growth (not consensus, not guidance)","projected from 8 filings, 91d cadence",2026-08-18
IRDM,Iridium Communications,Communication Services,Alternative Carriers,50.04999923706055,5303317088.308643,0.7753846153846153,0.84,64.54861012716142,59.58333242507208,-0.07692307692307698,105960383.0,2026-10-21,871659000.0,31273000.0,84721000.0,184214000.0,1757124000.0,edgar,4 quarterly filings,2026-06-30,True,extrapolated,"extrapolated realized TTM growth (not consensus, not guidance)","projected from 8 filings, 91d cadence",2026-08-18
IRM,Iron Mountain,Real Estate,Other Specialized REITs,129.89999389648438,38671593461.766235,1.425,0.9500000000000001,91.15789045367325,136.73683568050987,0.5,297702812.0,2026-11-04,3824525000.0,326144000.0,768758000.0,250710000.0,17349649000.0,edgar,4 quarterly filings,2026-06-30,True,extrapolated_clamped,realized TTM growth clamped to +50% before extrapolating (raw rate was distorted),"projected from 8 filings, 91d cadence",2026-08-18
IRT,Independence Realty Trust,Real Estate,Multi-Family Residential REITs,16.670000076293945,3929861949.875883,0.27,0.18000000000000002,61.7407410233109,92.61111153496635,0.5,235744567.0,2026-11-04,332563000.0,3322000.0,12287000.0,22513000.0,2443383000.0,edgar,4 quarterly filings,2026-06-30,True,extrapolated_clamped,realized TTM growth clamped to +50% before extrapolating (raw rate was distorted),"projected from 8 filings, 92d cadence",2026-08-18
ISRG,Intuitive Surgical,Health Care,Health Care Equipment,390.3299865722656,137895011828.81635,10.757968992248061,8.33,36.28286964328752,46.85834172536202,0.2914728682170542,353278038.0,2026-10-20,5663100000.0,1639600000.0,1827200000.0,2760400000.0,,edgar,4 quarterly filings,2026-06-30,True,extrapolated,"extrapolated realized TTM growth (not consensus, not guidance)","projected from 8 filings, 91d cadence",2026-08-18
IT,Gartner,Information Technology,IT Consulting & Other Services,179.19000244140625,11315665163.612305,8.716801173881144,10.9,20.556853238585703,16.439449765266627,-0.20029347028613353,63148976.0,2026-11-03,471186000.0,497842000.0,694612000.0,1488706000.0,1628697000.0,edgar,4 quarterly filings,2026-06-30,True,extrapolated,"extrapolated realized TTM growth (not consensus, not guidance)","projected from 8 filings, 91d cadence",2026-08-18
ITGR,Integer Holdings Corporation,Health Care,Health Care Equipment,125.08000183105467,4251725426.0812984,4.98,3.3200000000000003,25.116466231135476,37.674699346703214,0.5,33992048.0,2026-11-06,903690000.0,40111000.0,66397000.0,21375000.0,1237883000.0,edgar,4 quarterly filings,2026-07-03,True,extrapolated_clamped,realized TTM growth clamped to +50% before extrapolating (raw rate was distorted),"projected from 8 filings, 94d cadence",2026-08-18
ITRI,"Itron, Inc.",Information Technology,Electronic Equipment & Instruments,100.61000061035156,4405385246.055313,5.161516853932585,5.25,19.49233209103954,19.163809640066965,-0.016853932584269593,43786753.0,2026-10-26,1149884000.0,106731000.0,143643000.0,745229000.0,1265000000.0,edgar,4 quarterly filings,2026-06-30,True,extrapolated,"extrapolated realized TTM growth (not consensus, not guidance)","projected from 8 filings, 90d cadence",2026-08-18
ITT,ITT Inc.,Industrials,Industrial Machinery & Supplies & Components,219.80999755859372,19651013781.738277,4.065639344262296,4.98,54.06529673341645,44.13855372662524,-0.18360655737704912,89400000.0,2026-11-07,2685000000.0,162900000.0,321600000.0,590800000.0,2869800000.0,edgar,4 quarterly filings,2026-07-04,True,extrapolated,"extrapolated realized TTM growth (not consensus, not guidance)","projected from 8 filings, 93d cadence",2026-08-18
ITW,Illinois Tool Works,Industrials,Industrial Machinery & Supplies & Components,287.2799987792969,81817343652.34375,10.258832179930797,10.89,28.003187277134575,26.380165177162247,-0.05795847750865046,284800000.0,2026-11-06,14768000000.0,,2167000000.0,839000000.0,7682000000.0,edgar,4 quarterly filings,2026-06-30,True,extrapolated,"extrapolated realized TTM growth (not consensus, not guidance)","projected from 8 filings, 92d cadence",2026-08-18
IVT,InvenTrust Properties,Real Estate,Retail REITs,33.41999816894531,2606039021.2372284,2.0999999999999996,1.4,15.914284842354913,23.871427263532368,0.5,77978431.0,2026-11-03,165411000.0,6553000.0,-21069000.0,175120000.0,822605000.0,edgar,4 quarterly filings,2026-06-30,True,extrapolated_clamped,realized TTM growth clamped to +50% before extrapolating (raw rate was distorted),"projected from 8 filings, 92d cadence",2026-08-18
IVZ,Invesco,Financials,Asset Management & Custody Banks,32.56999969482422,14379647699.86496,2.85,1.9000000000000001,11.428070068359375,17.142105102539062,0.5,441499780.0,2026-11-04,5314100000.0,171100000.0,697400000.0,915400000.0,1624000000.0,edgar,4 quarterly filings,2026-06-30,True,extrapolated_clamped,realized TTM growth clamped to +50% before extrapolating (raw rate was distorted),"projected from 8 filings, 92d cadence",2026-08-18
J,Jacobs Solutions,Industrials,Construction & Engineering,143.6300048828125,16810256269.407593,3.336198347107438,3.48,43.05199809458064,41.272989908854164,-0.04132231404958675,117038611.0,2026-11-03,14984646000.0,216177000.0,438088000.0,1172914000.0,3579376000.0,edgar,4 quarterly filings,2026-06-26,True,extrapolated,"extrapolated realized TTM growth (not consensus, not guidance)","projected from 8 filings, 91d cadence",2026-08-18
JAZZ,Jazz Pharmaceuticals,Health Care,Pharmaceuticals,248.3600006103516,16122184383.340715,-0.2250000000000003,-0.4500000000000006,-1103.8222249348944,-551.9111124674472,-0.5,64914577.0,2026-11-01,476457000.0,485900000.0,584800000.0,1619800000.0,4351400000.0,edgar,4 quarterly filings,2026-06-30,True,extrapolated_clamped,realized TTM growth clamped to -50% before extrapolating (raw rate was distorted),"projected from 8 filings, 90d cadence",2026-08-18
JBGS,JBG Smith,Real Estate,Office REITs,11.390000343322754,674075004.5382862,-2.12,-2.12,-5.372641671378657,-5.372641671378657,,59181298.0,2026-11-12,256977000.0,-77852000.0,46204000.0,74803000.0,1376077000.0,edgar,4 quarterly filings,2026-06-30,True,flat,no growth signal; forward EPS held flat at trailing,"projected from 8 filings, 94d cadence",2026-08-18
JBHT,J.B. Hunt,Industrials,Cargo Ground Transportation,283.3699951171875,26612675805.860962,8.050173076923077,6.47,35.20048481063176,43.797526293228366,0.24423076923076925,93914939.0,2026-10-23,7189568000.0,322587000.0,466500000.0,4162000.0,977700000.0,edgar,4 quarterly filings,2026-06-30,True,extrapolated,"extrapolated realized TTM growth (not consensus, not guidance)","projected from 8 filings, 91d cadence",2026-08-18
JBL,Jabil,Information Technology,Electronic Manufacturing Services,369.8900146484375,38759697885.177124,6.285402521823474,8.05,58.849057536752284,45.94907014266304,-0.21920465567410274,104787089.0,2026-09-29,25282320000.0,644000000.0,1102000000.0,1360000000.0,3378000000.0,edgar,4 quarterly filings,2026-05-31,True,extrapolated,"extrapolated realized TTM growth (not consensus, not guidance)","projected from 8 filings, 91d cadence",2026-08-18
JBLU,JetBlue,Industrials,Passenger Airlines,5.239999771118164,1977115742.0800953,-2.12,-2.12,-2.471698005244417,-2.471698005244417,,377312181.0,2026-10-27,4937000000.0,-566000000.0,-365000000.0,1656000000.0,8478000000.0,edgar,4 quarterly filings,2026-06-30,True,flat,no growth signal; forward EPS held flat at trailing,"projected from 8 filings, 91d cadence",2026-08-18
JBSS,"John B. Sanfilippo & Son, Inc.",Consumer Staples,Packaged Foods & Meats,83.79000091552734,680473679.6351624,7.942,6.27,10.550239349726434,13.363636509653485,0.26666666666666683,8121180.0,2026-10-28,895239000.0,53531000.0,76777000.0,1291000.0,40686000.0,edgar,4 quarterly filings,2026-03-26,True,extrapolated,"extrapolated realized TTM growth (not consensus, not guidance)","projected from 8 filings, 91d cadence",2026-08-18
JBTM,JBT Marel Corporation,Industrials,Industrial Machinery & Supplies & Components,118.7300033569336,6159334656.55703,2.73,2.73,43.4908437204885,43.4908437204885,,51876817.0,2026-11-04,3798200000.0,73000000.0,114000000.0,167900000.0,1670000000.0,edgar,4 quarterly filings,2026-06-30,True,flat,no growth signal; forward EPS held flat at trailing,"projected from 8 filings, 91d cadence",2026-08-18
JCI,Johnson Controls,Industrials,Building Products,153.9199981689453,93908992496.60497,5.46,3.64,28.19047585511819,42.285713782677284,0.5,610115603.0,2026-10-26,7156000000.0,1137000000.0,754000000.0,698000000.0,9195000000.0,edgar,4 quarterly filings,2026-03-31,True,extrapolated_clamped,realized TTM growth clamped to +50% before extrapolating (raw rate was distorted),"projected from 8 filings, 89d cadence",2026-08-18
JEF,Jefferies,Financials,Multi-Sector Holdings,54.560001373291016,11153826950.66505,3.1640528634361225,2.6799999999999997,17.243707272968734,20.358209467645903,0.18061674008810558,204432307.0,2026-10-08,5989462000.0,203733000.0,123814000.0,14314804000.0,18040982000.0,edgar,4 quarterly filings,2026-02-28,True,extrapolated,"extrapolated realized TTM growth (not consensus, not guidance)","projected from 4 filings, 91d cadence",2026-08-18
JJSF,J&J Snack Foods Corp.,Consumer Staples,Packaged Foods & Meats,87.44499969482422,1633613205.8588257,5.966905537459281,4.279999999999999,14.654999839675433,20.43107469505239,0.3941368078175893,18681608.0,2026-11-05,1022038000.0,37892000.0,48714000.0,63099000.0,28000000.0,edgar,4 quarterly filings,2026-06-27,True,extrapolated,"extrapolated realized TTM growth (not consensus, not guidance)","projected from 8 filings, 91d cadence",2026-08-18
JKHY,Jack Henry & Associates,Financials,Transaction & Payment Processing Services,149.8699951171875,10648380051.672363,8.835129151291513,6.92,16.962965968106943,21.65751374525831,0.2767527675276753,71050780.0,2026-11-03,1536603000.0,391549000.0,498260000.0,20573000.0,90000000.0,edgar,4 quarterly filings,2026-03-31,True,extrapolated,"extrapolated realized TTM growth (not consensus, not guidance)","projected from 8 filings, 90d cadence",2026-08-18
JLL,Jones Lang LaSalle,Real Estate,Real Estate Services,370.30999755859375,17037112385.606506,22.275,14.85,16.624466781530586,24.936700172295875,0.5,46007703.0,2026-10-28,13314400000.0,792100000.0,495500000.0,458200000.0,272800000.0,edgar,4 quarterly filings,2026-06-30,True,extrapolated_clamped,realized TTM growth clamped to +50% before extrapolating (raw rate was distorted),"projected from 8 filings, 90d cadence",2026-08-18
JNJ,Johnson & Johnson,Health Care,Pharmaceuticals,262.3699951171875,632285083127.807,8.721121076233185,8.82,30.0844344234824,29.74716497927296,-0.011210762331838486,2409898597.0,2026-10-22,56077000000.0,10769000000.0,5827000000.0,20422000000.0,41438000000.0,edgar,4 quarterly filings,2026-06-28,True,extrapolated,"extrapolated realized TTM growth (not consensus, not guidance)","projected from 8 filings, 91d cadence",2026-08-18
JOE,St. Joe Company,Real Estate,Real Estate Development,67.77999877929688,3858745899.2848206,3.195,2.13,21.214397114020933,31.8215956710314,0.5,56930451.0,2026-10-30,257873000.0,54407000.0,72951000.0,117315000.0,370324000.0,edgar,4 quarterly filings,2026-06-30,True,extrapolated_clamped,realized TTM growth clamped to +50% before extrapolating (raw rate was distorted),"projected from 8 filings, 93d cadence",2026-08-18
JPM,JPMorgan Chase,Financials,Diversified Banks,360.9599914550781,959498866233.2067,28.680125000000007,23.950000000000003,12.585718906562578,15.071398390608689,0.19750000000000023,2658186195.0,2026-11-06,182447000000.0,37649000000.0,,278793000000.0,269929000000.0,edgar,4 quarterly filings,2026-06-30,True,extrapolated,"extrapolated realized TTM growth (not consensus, not guidance)","projected from 4 filings, 92d cadence",2026-08-18
JXN,"Jackson Financial, Inc.",Financials,Life & Health Insurance,133.14999389648438,9018081850.216553,5.8577300613496925,6.18,22.73064694036191,21.54530645574181,-0.05214723926380371,67728744.0,2026-11-02,3070000000.0,231000000.0,1394000000.0,5986000000.0,2769000000.0,edgar,4 quarterly filings,2026-06-30,True,extrapolated,"extrapolated realized TTM growth (not consensus, not guidance)","projected from 8 filings, 91d cadence",2026-08-18
KAI,Kadant Inc.,Industrials,Industrial Machinery & Supplies & Components,329.7200012207031,3893702071.655426,9.48,9.48,34.78059084606573,34.78059084606573,0.0,11809117.0,2026-11-13,594380000.0,57977000.0,90989000.0,134533000.0,372720000.0,edgar,4 quarterly filings,2026-07-04,True,extrapolated,"extrapolated realized TTM growth (not consensus, not guidance)","projected from 8 filings, 93d cadence",2026-08-18
KALU,Kaiser Aluminum Corporation,Materials,Aluminum,185.5,3032756566.0,19.83,13.219999999999999,9.35451336359052,14.03177004538578,0.5,16349092.0,2026-10-22,900700000.0,159300000.0,231500000.0,58500000.0,4700000.0,edgar,4 quarterly filings,2026-06-30,True,extrapolated_clamped,realized TTM growth clamped to +50% before extrapolating (raw rate was distorted),"projected from 8 filings, 91d cadence",2026-08-18
KBH,KB Home,Consumer Discretionary,Homebuilding,55.43999862670898,3399011236.123901,2.215537634408603,4.0600000000000005,25.02327099557831,13.655172075544082,-0.45430107526881713,61309728.0,2026-10-08,1194256000.0,60773000.0,345721000.0,330198000.0,,edgar,4 quarterly filings,2026-05-31,True,extrapolated,"extrapolated realized TTM growth (not consensus, not guidance)","projected from 8 filings, 91d cadence",2026-08-18
KBR,"KBR, Inc.",Industrials,Diversified Support Services,37.54999923706055,4733844104.067936,2.9132154340836016,3.0100000000000002,12.889537381183242,12.475082803010148,-0.03215434083601276,126067755.0,2026-10-29,5767000000.0,198000000.0,352000000.0,312000000.0,2552000000.0,edgar,4 quarterly filings,2026-07-03,True,extrapolated,"extrapolated realized TTM growth (not consensus, not guidance)","projected from 8 filings, 91d cadence",2026-08-18
KD,Kyndryl,Information Technology,IT Consulting & Other Services,12.720000267028809,2770648363.5237513,0.3862857142857143,0.52,32.92899477411304,24.4615389750554,-0.2571428571428571,217818263.0,2026-11-04,3618000000.0,-1579000000.0,,2104000000.0,3900000000.0,edgar,4 quarterly filings,2026-06-30,True,extrapolated,"extrapolated realized TTM growth (not consensus, not guidance)","projected from 8 filings, 91d cadence",2026-08-18
KDP,Keurig Dr Pepper,Consumer Staples,Soft Drinks & Non-alcoholic Beverages,30.280000686645508,41205813365.04509,0.8291558441558443,1.1300000000000001,36.51907044986614,26.79646078464204,-0.26623376623376616,1360826038.0,2026-11-14,11285000000.0,412000000.0,1384000000.0,1517000000.0,11568000000.0,edgar,4 quarterly filings,2026-06-30,True,extrapolated,"extrapolated realized TTM growth (not consensus, not guidance)","projected from 8 filings, 96d cadence",2026-08-18
KEX,Kirby Corporation,Industrials,Marine Transportation,141.1300048828125,7451664257.8125,7.6582,6.49,18.42861310527441,21.745763464223806,0.17999999999999994,52800000.0,2026-11-03,489756000.0,170926000.0,230030000.0,38955000.0,1037348000.0,edgar,4 quarterly filings,2026-06-30,True,extrapolated,"extrapolated realized TTM growth (not consensus, not guidance)","projected from 8 filings, 90d cadence",2026-08-18
KEY,KeyCorp,Financials,Regional Banks,23.040000915527344,24586642861.14537,2.46,1.64,9.365854030702172,14.048781046053259,0.5,1067128554.0,2026-11-03,3917000000.0,1031000000.0,,,10967000000.0,edgar,4 quarterly filings,2026-06-30,True,extrapolated_clamped,realized TTM growth clamped to +50% before extrapolating (raw rate was distorted),"projected from 8 filings, 91d cadence",2026-08-18
KEYS,Keysight Technologies,Information Technology,Electronic Equipment & Instruments,361.1499938964844,61718861110.13745,7.9626993865030675,6.24,45.355221435163145,57.87660158597506,0.2760736196319018,170895368.0,2026-09-04,3317000000.0,630000000.0,655000000.0,2412000000.0,2531000000.0,edgar,4 quarterly filings,2026-04-30,True,extrapolated,"extrapolated realized TTM growth (not consensus, not guidance)","projected from 8 filings, 92d cadence",2026-08-18
KFY,Korn/Ferry International,Industrials,Human Resource & Employment Services,83.05000305175781,4223674005.203247,7.206617647058825,4.95,11.524130614262893,16.777778394294508,0.4558823529411766,50857000.0,2026-09-25,1819519000.0,277434000.0,374743000.0,1095445000.0,398565000.0,edgar,4 quarterly filings,2026-01-31,True,extrapolated,"extrapolated realized TTM growth (not consensus, not guidance)","projected from 8 filings, 91d cadence",2026-08-18
KGS,"Kodiak Gas Services, Inc.",Energy,Oil & Gas Equipment & Services,66.12000274658203,6684998807.410515,1.3804225352112678,0.99,47.89837970622715,66.78788156220408,0.39436619718309873,101104031.0,2026-11-06,736879000.0,69776000.0,231049000.0,137553000.0,2725272000.0,edgar,4 quarterly filings,2026-06-30,True,extrapolated,"extrapolated realized TTM growth (not consensus, not guidance)","projected from 8 filings, 91d cadence",2026-08-18
KHC,Kraft Heinz,Consumer Staples,Packaged Foods & Meats,24.75,29349138010.5,-5.005,-10.01,-4.945054945054945,-2.4725274725274726,-0.5,1185823758.0,2026-11-06,,-4662000000.0,-5286000000.0,2419000000.0,13636000000.0,edgar,4 quarterly filings,2026-06-27,True,extrapolated_clamped,realized TTM growth clamped to -50% before extrapolating (raw rate was distorted),"projected from 8 filings, 93d cadence",2026-08-18
KIM,Kimco Realty,Real Estate,Retail REITs,24.36000061035156,16340429535.69734,3.375,2.25,7.217777958622684,10.826666937934027,0.5,670789373.0,2026-11-04,1108817000.0,318192000.0,403916000.0,699242000.0,7718700000.0,edgar,4 quarterly filings,2020-12-31,True,extrapolated_clamped,realized TTM growth clamped to +50% before extrapolating (raw rate was distorted),"projected from 8 filings, 92d cadence",2026-08-18
KKR,KKR & Co.,Financials,Asset Management & Custody Banks,108.83000183105467,97689684100.44986,,,,,,897635601.0,2026-11-05,10043874000.0,1105711000.0,,5363009000.0,36914472000.0,edgar,none,,False,flat,no growth signal; forward EPS held flat at trailing,"projected from 8 filings, 91d cadence",2026-08-18
KLAC,KLA Corporation,Information Technology,Semiconductor Materials & Equipment,205.75999450683597,268835058893.0042,51.644999999999996,34.43,3.984122267534824,5.976183401302236,0.5,1306546783.0,2026-11-05,1448669000.0,4830771000.0,458853000.0,1649842000.0,5887415000.0,edgar,4 quarterly filings,2026-03-31,True,extrapolated_clamped,realized TTM growth clamped to +50% before extrapolating (raw rate was distorted),"projected from 8 filings, 91d cadence",2026-08-18
KLIC,"Kulicke and Soffa Industries, Inc.",Information Technology,Semiconductor Materials & Equipment,101.7699966430664,5325533857.884636,1.9900000000000002,1.9900000000000002,51.14070183068663,51.14070183068663,,52329115.0,2026-11-05,772655000.0,109360000.0,124652000.0,368573000.0,108795000.0,edgar,4 quarterly filings,2026-07-04,True,flat,no growth signal; forward EPS held flat at trailing,"projected from 8 filings, 91d cadence",2026-08-18
KMB,Kimberly-Clark,Consumer Staples,Household Products,107.91000366210938,35888605208.52081,4.762314049586776,5.88,22.659153205461674,18.352041439134247,-0.1900826446280992,332579038.0,2026-11-04,8352000000.0,1010000000.0,1386000000.0,956000000.0,7402000000.0,edgar,4 quarterly filings,2026-06-30,True,extrapolated,"extrapolated realized TTM growth (not consensus, not guidance)","projected from 8 filings, 92d cadence",2026-08-18
KMI,Kinder Morgan,Energy,Oil & Gas Storage & Transportation,32.33000183105469,71992515614.7664,1.7184033613445382,1.4300000000000002,18.81397729911246,22.60839288884943,0.20168067226890773,2226802089.0,2026-10-25,9305000000.0,1843000000.0,2790000000.0,89000000.0,37317000000.0,edgar,4 quarterly filings,2026-06-30,True,extrapolated,"extrapolated realized TTM growth (not consensus, not guidance)","projected from 8 filings, 93d cadence",2026-08-18
KMPR,Kemper Corporation,Financials,Multi-line Insurance,26.209999084472656,1544375812.3942413,-3.575,-7.15,-7.331468275376967,-3.6657341376884833,-0.5,58923154.0,2026-11-04,2199900000.0,-466500000.0,332800000.0,77500000.0,944500000.0,edgar,4 quarterly filings,2026-06-30,True,extrapolated_clamped,realized TTM growth clamped to -50% before extrapolating (raw rate was distorted),"projected from 8 filings, 91d cadence",2026-08-18
KMT,Kennametal,Industrials,Industrial Machinery & Supplies & Components,31.809999465942383,2424527049.1146507,2.8499999999999996,1.9,11.161403321383293,16.742104982074938,0.5,76219022.0,2026-11-11,2356698000.0,342389000.0,472532000.0,95791000.0,,edgar,4 quarterly filings,2026-03-31,True,extrapolated_clamped,realized TTM growth clamped to +50% before extrapolating (raw rate was distorted),"projected from 8 filings, 91d cadence",2026-08-18
KMX,"CarMax, Inc.",Consumer Discretionary,Automotive Retail,58.52999877929688,8306056275.648683,4.488126984126984,3.76,13.041074592206966,15.566489037047043,0.19365079365079363,141911096.0,2026-09-23,8013519000.0,185627000.0,,132223000.0,17560976000.0,edgar,4 quarterly filings,2026-05-31,True,extrapolated,"extrapolated realized TTM growth (not consensus, not guidance)","projected from 8 filings, 91d cadence",2026-08-18
KN,Knowles Corporation,Information Technology,Electronic Components,38.9900016784668,3336010277.010727,0.38,0.38,102.60526757491262,102.60526757491262,,85560660.0,2026-10-27,153100000.0,9700000.0,15900000.0,41000000.0,114000000.0,edgar,4 quarterly filings,2026-03-31,True,flat,no growth signal; forward EPS held flat at trailing,"projected from 8 filings, 91d cadence",2026-08-18
KNF,Knife River Corporation,Materials,Construction Materials,66.6500015258789,3783282029.614105,4.0252083333333335,2.7800000000000002,16.558149543202667,23.974820692762194,0.4479166666666665,56763420.0,2026-11-03,1348718000.0,-35293000.0,-5120000.0,40687000.0,1617306000.0,edgar,4 quarterly filings,2026-06-30,True,extrapolated,"extrapolated realized TTM growth (not consensus, not guidance)","projected from 8 filings, 91d cadence",2026-08-18
KNSL,Kinsale Capital Group,Financials,Property & Casualty Insurance,367.1600036621094,8363326606.417084,35.28940377804014,24.45,10.404256358974967,15.016769065934945,0.44332939787485226,22778425.0,2026-10-22,1015228000.0,288428000.0,,210511000.0,224535000.0,edgar,4 quarterly filings,2026-06-30,True,extrapolated,"extrapolated realized TTM growth (not consensus, not guidance)","projected from 8 filings, 91d cadence",2026-08-18
KNTK,"Kinetik Holdings, Inc.",Energy,Oil & Gas Storage & Transportation,52.97999954223633,3507275969.696045,0.8159433962264152,0.93,64.93097411812984,56.96774144326486,-0.12264150943396224,66200000.0,2026-11-05,160617000.0,47872000.0,130139000.0,7830000.0,3723000000.0,edgar,4 quarterly filings,2026-06-30,True,extrapolated,"extrapolated realized TTM growth (not consensus, not guidance)","projected from 8 filings, 91d cadence",2026-08-18
KNX,Knight-Swift,Industrials,Cargo Ground Transportation,72.80000305175781,11829563695.892334,0.288955223880597,0.44,251.9421593216825,165.45455239035866,-0.34328358208955223,162494000.0,2026-10-28,1850223000.0,-1317000.0,28584000.0,222774000.0,1752657000.0,edgar,4 quarterly filings,2026-03-31,True,extrapolated,"extrapolated realized TTM growth (not consensus, not guidance)","projected from 8 filings, 91d cadence",2026-08-18
KO,Coca-Cola Company (The),Consumer Staples,Soft Drinks & Non-alcoholic Beverages,86.9800033569336,374229935160.7878,4.380674157303371,3.42,19.85539216878806,25.432749519571228,0.2808988764044944,4302482418.0,2026-10-29,12472000000.0,3924000000.0,4359000000.0,10574000000.0,36496000000.0,edgar,4 quarterly filings,2026-04-03,True,extrapolated,"extrapolated realized TTM growth (not consensus, not guidance)","projected from 8 filings, 92d cadence",2026-08-18
KOP,"Koppers Holdings, Inc.",Materials,Commodity Chemicals,47.45000076293945,897353916.0283813,-2.69,-5.38,-17.639405488081582,-8.819702744040791,-0.5,18911568.0,2026-11-05,975400000.0,-140400000.0,-144000000.0,45500000.0,905700000.0,edgar,4 quarterly filings,2026-06-30,True,extrapolated_clamped,realized TTM growth clamped to -50% before extrapolating (raw rate was distorted),"projected from 8 filings, 91d cadence",2026-08-18
KR,Kroger,Consumer Staples,Food Retail,56.06999969482422,34351132914.774887,0.8200000000000001,1.6400000000000001,68.37804840832221,34.18902420416111,-0.5,612647282.0,2026-09-25,46121000000.0,903000000.0,1407000000.0,2873000000.0,15378000000.0,edgar,4 quarterly filings,2026-05-23,True,extrapolated_clamped,realized TTM growth clamped to -50% before extrapolating (raw rate was distorted),"projected from 8 filings, 91d cadence",2026-08-18
KRC,Kilroy Realty Corp,Real Estate,Office REITs,36.02999877929688,4189525274.268098,2.4433139534883717,2.05,14.746364759164937,17.575609160632627,0.19186046511627897,116278807.0,2026-10-27,270053000.0,78642000.0,79276000.0,192904000.0,2238508000.0,edgar,4 quarterly filings,2026-03-31,True,extrapolated,"extrapolated realized TTM growth (not consensus, not guidance)","projected from 8 filings, 91d cadence",2026-08-18
KRG,Kite Realty Group Trust,Real Estate,Retail REITs,26.479999542236328,5305186694.128452,1.92,1.28,13.791666428248089,20.68749964237213,0.5,200346933.0,2026-10-29,396955000.0,161304000.0,53777000.0,144578000.0,2842758000.0,edgar,4 quarterly filings,2026-06-30,True,extrapolated_clamped,realized TTM growth clamped to +50% before extrapolating (raw rate was distorted),"projected from 8 filings, 91d cadence",2026-08-18
KRMN,Karman Holdings,Industrials,Aerospace & Defense,61.77999877929688,8187932318.455689,0.42000000000000004,0.28,147.0952351888021,220.64285278320312,0.5,132533708.0,2026-11-28,333273000.0,21826000.0,56281000.0,51741000.0,,edgar,4 quarterly filings,2026-06-30,True,extrapolated_clamped,realized TTM growth clamped to +50% before extrapolating (raw rate was distorted),"projected from 7 filings, 109d cadence",2026-08-18
KRYS,Krystal Biotech,Health Care,Biotechnology,335.7300109863281,9937217535.462524,11.355,7.57,29.5667116676643,44.35006750149645,0.5,29598836.0,2026-11-02,235579000.0,110700000.0,112107000.0,427740000.0,4254000.0,edgar,4 quarterly filings,2026-06-30,True,extrapolated_clamped,realized TTM growth clamped to +50% before extrapolating (raw rate was distorted),"projected from 8 filings, 91d cadence",2026-08-18
KSS,Kohl's Corp.,Consumer Discretionary,Broadline Retail,19.280000686645508,2186351942.905596,1.245925925925926,1.1600000000000001,15.474435747307629,16.620690247108193,0.07407407407407418,113399993.0,2026-09-03,13406000000.0,-14000000.0,46000000.0,429000000.0,1494000000.0,edgar,4 quarterly filings,2026-05-02,True,extrapolated,"extrapolated realized TTM growth (not consensus, not guidance)","projected from 8 filings, 91d cadence",2026-08-18
KTB,Kontoor Brands,Consumer Discretionary,"Apparel, Accessories & Luxury Goods",81.7699966430664,4469026323.931427,5.774436090225564,4.8,14.160689522822699,17.035415967305504,0.20300751879699241,54653620.0,2026-11-12,2097839000.0,157241000.0,180631000.0,58457000.0,1144166000.0,edgar,4 quarterly filings,2026-07-04,True,extrapolated,"extrapolated realized TTM growth (not consensus, not guidance)","projected from 8 filings, 92d cadence",2026-08-18
KTOS,Kratos Defense & Security Solutions,Industrials,Aerospace & Defense,63.290000915527344,11880882957.694008,0.23272727272727273,0.16,271.94922268390656,395.5625057220459,0.4545454545454546,187721327.0,2026-11-02,751900000.0,16300000.0,3100000.0,1437600000.0,296700000.0,edgar,4 quarterly filings,2026-06-28,True,extrapolated,"extrapolated realized TTM growth (not consensus, not guidance)","projected from 8 filings, 90d cadence",2026-08-18
KVUE,Kenvue,Consumer Staples,Personal Care Products,18.790000915527344,36091335203.45063,1.38,0.9199999999999999,13.615942692411119,20.42391403861668,0.5,1920773467.0,2026-11-05,7864000000.0,930000000.0,1466000000.0,1110000000.0,7687000000.0,edgar,4 quarterly filings,2026-06-28,True,extrapolated_clamped,realized TTM growth clamped to +50% before extrapolating (raw rate was distorted),"projected from 8 filings, 91d cadence",2026-08-18
KWR,Quaker Chemical Corporation,Materials,Specialty Chemicals,169.9600067138672,2924621147.450226,0.32500000000000007,0.6500000000000001,522.9538668118989,261.47693340594947,-0.5,17207702.0,2026-10-29,1013029000.0,46504000.0,74192000.0,155093000.0,869796000.0,edgar,4 quarterly filings,2026-06-30,True,extrapolated_clamped,realized TTM growth clamped to -50% before extrapolating (raw rate was distorted),"projected from 8 filings, 91d cadence",2026-08-18
L,Loews Corporation,Financials,Multi-line Insurance,112.37999725341795,22973586612.122494,8.990123626373627,8.09,12.500383968440376,13.891223393500365,0.11126373626373631,204427720.0,2026-11-02,9289000000.0,781000000.0,,,8925000000.0,edgar,4 quarterly filings,2026-06-30,True,extrapolated,"extrapolated realized TTM growth (not consensus, not guidance)","projected from 8 filings, 91d cadence",2026-08-18
LAD,Lithia Motors,Consumer Discretionary,Automotive Retail,369.5199890136719,8123200782.806274,39.97587495752632,34.3,9.24357476618787,10.773177522264486,0.16547740400951394,21983116.0,2026-10-28,9403800000.0,360400000.0,784100000.0,110300000.0,2398400000.0,edgar,4 quarterly filings,2026-06-30,True,extrapolated,"extrapolated realized TTM growth (not consensus, not guidance)","projected from 8 filings, 91d cadence",2026-08-18
LAMR,Lamar Advertising Company,Real Estate,Other Specialized REITs,152.3800048828125,15470507385.411621,6.186094069529651,5.5,24.63266855791581,27.705455433238637,0.12474437627811841,101525836.0,2026-11-05,1199324000.0,262036000.0,354023000.0,67950000.0,3551809000.0,edgar,4 quarterly filings,2026-06-30,True,extrapolated,"extrapolated realized TTM growth (not consensus, not guidance)","projected from 8 filings, 91d cadence",2026-08-18
LAUR,"Laureate Education, Inc.",Consumer Discretionary,Education Services,37.709999084472656,5194528239.486694,2.4572268907563024,1.71,15.346567802237429,22.052631043551262,0.4369747899159664,137749360.0,2026-10-29,1484288000.0,115509000.0,195895000.0,161674000.0,164513000.0,edgar,4 quarterly filings,2026-06-30,True,extrapolated,"extrapolated realized TTM growth (not consensus, not guidance)","projected from 8 filings, 91d cadence",2026-08-18
LAZ,Lazard,Financials,Diversified Capital Markets,43.75,4886317406.25,3.630000000000001,2.64,12.05234159779614,16.571969696969695,0.3750000000000002,111687255.0,2026-10-28,779399000.0,100916000.0,89574000.0,1020666000.0,1688808000.0,edgar,4 quarterly filings,2026-03-31,True,extrapolated,"extrapolated realized TTM growth (not consensus, not guidance)","projected from 8 filings, 92d cadence",2026-08-18
LBRT,"Liberty Energy, Inc.",Energy,Oil & Gas Equipment & Services,22.239999771118164,3687436442.050934,0.7072023809523811,1.09,31.44785760077309,20.403669514787303,-0.35119047619047616,165802000.0,2026-10-22,2209780000.0,65679000.0,34994000.0,555359000.0,1291847000.0,edgar,4 quarterly filings,2026-06-30,True,extrapolated,"extrapolated realized TTM growth (not consensus, not guidance)","projected from 8 filings, 91d cadence",2026-08-18
LCII,LCI Industries,Consumer Discretionary,Automotive Parts & Equipment,104.12000274658205,2531314175.6135488,14.283737796373778,10.12,7.289408712964128,10.288537820808504,0.411436541143654,24311507.0,2026-11-04,2059192000.0,130088000.0,191119000.0,216512000.0,852590000.0,edgar,4 quarterly filings,2026-06-30,True,extrapolated,"extrapolated realized TTM growth (not consensus, not guidance)","projected from 8 filings, 91d cadence",2026-08-18
LDOS,Leidos,Industrials,Diversified Support Services,142.25,17851266730.25,12.683518705763396,11.2,11.215341996173471,12.700892857142858,0.13245702730030318,125492209.0,2026-11-03,8958000000.0,682000000.0,1022000000.0,748000000.0,1145000000.0,edgar,4 quarterly filings,2026-07-03,True,extrapolated,"extrapolated realized TTM growth (not consensus, not guidance)","projected from 8 filings, 91d cadence",2026-08-18
LEA,Lear,Consumer Discretionary,Automotive Parts & Equipment,124.88999938964844,6160169745.854553,16.90295918367347,12.21,7.388647042955615,10.228501178513385,0.38435374149659873,49324764.0,2026-11-01,12032200000.0,365100000.0,522900000.0,1000600000.0,2318700000.0,edgar,4 quarterly filings,2026-07-04,True,extrapolated,"extrapolated realized TTM growth (not consensus, not guidance)","projected from 8 filings, 93d cadence",2026-08-18
LECO,Lincoln Electric,Industrials,Industrial Machinery & Supplies & Components,286.0199890136719,15589736018.321869,13.16380462724936,10.120000000000001,21.727760105281742,28.262844764196824,0.3007712082262213,54505757.0,2026-10-29,1039343000.0,294901000.0,406802000.0,242443000.0,1102775000.0,edgar,4 quarterly filings,2026-06-30,True,extrapolated,"extrapolated realized TTM growth (not consensus, not guidance)","projected from 8 filings, 91d cadence",2026-08-18
LEG,Leggett & Platt,Consumer Discretionary,Home Furnishings,9.5600004196167,1305790849.5150232,1.76,1.76,5.431818420236761,5.431818420236761,,136588995.0,2026-11-05,1226700000.0,67100000.0,,545800000.0,1900200000.0,edgar,4 quarterly filings,2026-06-30,True,flat,no growth signal; forward EPS held flat at trailing,"projected from 8 filings, 91d cadence",2026-08-18
LEN,Lennar,Consumer Discretionary,Homebuilding,86.54000091552734,20995210002.113342,3.211838235294118,6.2700000000000005,26.944072078275948,13.802233000881554,-0.4877450980392156,242607000.0,2026-09-28,14559348000.0,534155000.0,802934000.0,3756305000.0,5874995000.0,edgar,4 quarterly filings,2026-05-31,True,extrapolated,"extrapolated realized TTM growth (not consensus, not guidance)","projected from 8 filings, 91d cadence",2026-08-18
LEU,Centrus Energy Corp.,Energy,Coal & Consumable Fuels,184.1199951171875,2517644477.192749,3.202846975088968,3.0,57.48635403103299,61.373331705729164,0.06761565836298922,13673933.0,2026-11-05,193000000.0,26800000.0,11200000.0,1868500000.0,1177500000.0,edgar,4 quarterly filings,2026-06-30,True,extrapolated,"extrapolated realized TTM growth (not consensus, not guidance)","projected from 8 filings, 91d cadence",2026-08-18
LFST,Lifestance Health,Health Care,Health Care Services,12.550000190734863,4794797965.821324,0.09,0.09,139.4444465637207,139.4444465637207,,382055609.0,2026-11-05,838830000.0,37855000.0,52937000.0,225943000.0,275500000.0,edgar,4 quarterly filings,2026-06-30,True,flat,no growth signal; forward EPS held flat at trailing,"projected from 8 filings, 91d cadence",2026-08-18
LFUS,Littelfuse,Information Technology,Electronic Components,471.80999755859375,11931557734.499512,11.427526881720429,9.78,41.28714834294594,48.24233103871102,0.1684587813620071,25288904.0,2026-10-28,757853000.0,75147000.0,101165000.0,481697000.0,631532000.0,edgar,4 quarterly filings,2026-03-28,True,extrapolated,"extrapolated realized TTM growth (not consensus, not guidance)","projected from 8 filings, 91d cadence",2026-08-18
LGIH,LGI Homes,Consumer Discretionary,Homebuilding,58.619998931884766,1362813679.8081665,1.8942405063291137,3.46,30.946439343906558,16.942196223088082,-0.45253164556962033,23248272.0,2026-11-03,848924000.0,29144000.0,-582000.0,53197000.0,1656803000.0,edgar,4 quarterly filings,2026-06-30,True,extrapolated,"extrapolated realized TTM growth (not consensus, not guidance)","projected from 8 filings, 91d cadence",2026-08-18
LGND,"Ligand Pharmaceuticals, Inc.",Health Care,Biotechnology,291.7699890136719,5816612418.910858,7.47,7.47,39.05890080504309,39.05890080504309,,19935609.0,2026-11-06,56157000.0,35163000.0,25959000.0,1006702000.0,1126594000.0,edgar,4 quarterly filings,2026-06-30,True,flat,no growth signal; forward EPS held flat at trailing,"projected from 8 filings, 91d cadence",2026-08-18
LH,Labcorp,Health Care,Health Care Services,323.3399963378906,26222873703.00293,17.396524896265557,12.95,18.586470474186527,24.9683394855514,0.3433609958506223,81100000.0,2026-11-05,7268700000.0,576500000.0,832400000.0,141800000.0,6205000000.0,edgar,4 quarterly filings,2026-06-30,True,extrapolated,"extrapolated realized TTM growth (not consensus, not guidance)","projected from 8 filings, 92d cadence",2026-08-18
LHX,L3Harris,Industrials,Aerospace & Defense,278.3800048828125,51838425711.331055,15.32659151193634,10.75,18.16320377991482,25.895814407703487,0.42572944297082227,186214616.0,2026-10-31,6182000000.0,1112000000.0,1306000000.0,1521000000.0,6963000000.0,edgar,4 quarterly filings,2026-07-03,True,extrapolated,"extrapolated realized TTM growth (not consensus, not guidance)","projected from 8 filings, 93d cadence",2026-08-18
LIF,Life360,Information Technology,Application Software,50.18000030517578,4088684941.2858353,0.28,0.28,179.2142868041992,179.2142868041992,,81480369.0,2026-11-09,302082000.0,7840000.0,-8135000.0,267061000.0,5218000.0,edgar,4 quarterly filings,2026-06-30,True,flat,no growth signal; forward EPS held flat at trailing,"projected from 8 filings, 91d cadence",2026-08-18
LII,Lennox International,Industrials,Building Products,416.1300048828125,14481310853.761719,24.537535108958846,22.51,16.958916331040935,18.48645068337683,0.09007263922518183,34799968.0,2026-10-30,1135100000.0,117200000.0,163500000.0,48200000.0,,edgar,4 quarterly filings,2026-03-31,True,extrapolated,"extrapolated realized TTM growth (not consensus, not guidance)","projected from 8 filings, 93d cadence",2026-08-18
LIN,Linde plc,Materials,Industrial Gases,474.3299865722656,218656714525.87082,18.81675295857988,15.95,25.20785534126839,29.738557151866186,0.17973372781065078,460980163.0,2026-10-30,18070000000.0,3785000000.0,4993000000.0,4898000000.0,23152000000.0,edgar,4 quarterly filings,2026-06-30,True,extrapolated,"extrapolated realized TTM growth (not consensus, not guidance)","projected from 8 filings, 91d cadence",2026-08-18
LITE,Lumentum,Information Technology,Communications Equipment,968.9000244140624,86910332189.94139,1.8,1.8,538.2777913411458,538.2777913411458,,89700000.0,2026-11-16,404600000.0,-6935100000.0,524800000.0,2043500000.0,2405000000.0,edgar,4 quarterly filings,2026-03-28,True,flat,no growth signal; forward EPS held flat at trailing,"projected from 8 filings, 91d cadence",2026-08-18
LIVN,LivaNova,Health Care,Health Care Equipment,81.4800033569336,4489019135.305244,3.32,3.32,24.542169685823374,24.542169685823374,,55093507.0,2026-11-04,809978000.0,130863000.0,90955000.0,516619000.0,290083000.0,edgar,4 quarterly filings,2026-06-30,True,flat,no growth signal; forward EPS held flat at trailing,"projected from 8 filings, 91d cadence",2026-08-18
LKFN,Lakeland Financial,Financials,Regional Banks,61.81999969482422,1536711661.2139893,5.179727520435966,4.359999999999999,11.934990682602734,14.178899012574364,0.1880108991825611,24857840.0,2026-11-04,,54918000.0,,194126000.0,30000000.0,edgar,4 quarterly filings,2026-06-30,True,extrapolated,"extrapolated realized TTM growth (not consensus, not guidance)","projected from 8 filings, 91d cadence",2026-08-18
LKQ,LKQ Corporation,Consumer Discretionary,Distributors,25.450000762939453,6438903281.725273,2.4703214285714283,2.63,10.302303363678885,9.676806373741238,-0.06071428571428572,253002086.0,2026-10-31,6877000000.0,215000000.0,442000000.0,301000000.0,,edgar,4 quarterly filings,2026-06-30,True,extrapolated,"extrapolated realized TTM growth (not consensus, not guidance)","projected from 8 filings, 93d cadence",2026-08-18
LLY,Lilly (Eli),Health Care,Pharmaceuticals,1183.1600341796875,1113776057200.6904,43.05,28.7,27.483392199295878,41.22508829894382,0.5,941357065.0,2026-11-04,42773000000.0,14491000000.0,,8950000000.0,29474000000.0,edgar,4 quarterly filings,2026-06-30,True,extrapolated_clamped,realized TTM growth clamped to +50% before extrapolating (raw rate was distorted),"projected from 8 filings, 91d cadence",2026-08-18
LMAT,LeMaitre Vascular,Health Care,Health Care Equipment,82.51000213623047,1886942443.9240036,3.97559585492228,2.77,20.754122186256147,29.787004381310638,0.43523316062176165,22869257.0,2026-11-04,249602000.0,32729000.0,38174000.0,26625000.0,,edgar,4 quarterly filings,2026-06-30,True,extrapolated,"extrapolated realized TTM growth (not consensus, not guidance)","projected from 8 filings, 91d cadence",2026-08-18
LMT,Lockheed Martin,Industrials,Aerospace & Defense,593.739990234375,137029699432.40405,19.011131039531477,22.79,31.231176567020682,26.052654244597413,-0.16581259150805272,230790753.0,2026-10-23,38084000000.0,3324000000.0,4542000000.0,3791000000.0,21700000000.0,edgar,4 quarterly filings,2026-06-28,True,extrapolated,"extrapolated realized TTM growth (not consensus, not guidance)","projected from 8 filings, 92d cadence",2026-08-18
LNC,Lincoln Financial,Financials,Multi-line Insurance,44.66999816894531,8551952148.569458,17.31,11.54,2.580589148985865,3.870883723478797,0.5,191447336.0,2026-10-29,9848000000.0,1160000000.0,,1628000000.0,6465000000.0,edgar,4 quarterly filings,2026-06-30,True,extrapolated_clamped,realized TTM growth clamped to +50% before extrapolating (raw rate was distorted),"projected from 8 filings, 91d cadence",2026-08-18
LNN,Lindsay Corporation,Materials,Agricultural & Farm Machinery,114.04000091552734,1159659654.7098923,4.800000000000001,6.0,23.758333524068192,19.00666681925456,-0.19999999999999996,10168885.0,2026-10-03,474297000.0,44389000.0,51132000.0,154760000.0,115089000.0,edgar,4 quarterly filings,2026-05-31,True,extrapolated,"extrapolated realized TTM growth (not consensus, not guidance)","projected from 8 filings, 93d cadence",2026-08-18
LNT,Alliant Energy,Utilities,Electric Utilities,70.3499984741211,18169789158.850517,3.8469329073482434,3.47,18.287295403499655,20.273774776403773,0.10862619808306717,258277037.0,2026-10-28,1184000000.0,224000000.0,249000000.0,115000000.0,3870500000.0,edgar,4 quarterly filings,2026-03-31,True,extrapolated,"extrapolated realized TTM growth (not consensus, not guidance)","projected from 8 filings, 89d cadence",2026-08-18
LNTH,Lantheus Holdings,Health Care,Health Care Supplies,100.91000366210938,6586634994.824554,3.5456115107913675,4.44,28.460535892040422,22.727478302276886,-0.20143884892086328,65272369.0,2026-11-05,343374000.0,193446000.0,181541000.0,593298000.0,558066000.0,edgar,4 quarterly filings,2026-06-30,True,extrapolated,"extrapolated realized TTM growth (not consensus, not guidance)","projected from 8 filings, 91d cadence",2026-08-18
LOPE,Grand Canyon Education,Consumer Discretionary,Education Services,141.83999633789062,3697064752.6269836,5.888423180592991,6.609999999999999,24.087942049641665,21.45839581511205,-0.10916442048517527,26065037.0,2026-10-28,162443000.0,121200000.0,153613000.0,171060000.0,107774000.0,edgar,4 quarterly filings,2026-06-30,True,extrapolated,"extrapolated realized TTM growth (not consensus, not guidance)","projected from 8 filings, 90d cadence",2026-08-18
LOW,Lowe's,Consumer Discretionary,Home Improvement Retail,215.80999755859372,121006185149.29631,12.667236445783129,12.969999999999999,17.03686502437049,16.63916712094015,-0.023343373493976083,560707041.0,2026-08-27,23078000000.0,1628000000.0,2554000000.0,786000000.0,39819000000.0,edgar,4 quarterly filings,2026-05-01,True,extrapolated,"extrapolated realized TTM growth (not consensus, not guidance)","projected from 8 filings, 91d cadence",2026-08-18
LPG,Dorian LPG Ltd.,Energy,Oil & Gas Storage & Transportation,48.41999816894531,2071537335.6825714,11.325000000000001,7.550000000000001,4.275496527059189,6.413244790588783,0.5,42782681.0,2026-11-05,187884848.0,138285022.0,142664853.0,342141482.0,507543957.0,edgar,4 quarterly filings,2026-06-30,True,extrapolated_clamped,realized TTM growth clamped to +50% before extrapolating (raw rate was distorted),"projected from 8 filings, 92d cadence",2026-08-18
LPX,Louisiana-Pacific,Industrials,Building Products,72.29000091552734,5054763372.916794,0.835,1.67,86.57485139584114,43.28742569792057,-0.5,69923410.0,2026-11-04,1239000000.0,53000000.0,66000000.0,228000000.0,348000000.0,edgar,4 quarterly filings,2026-06-30,True,extrapolated_clamped,realized TTM growth clamped to -50% before extrapolating (raw rate was distorted),"projected from 8 filings, 91d cadence",2026-08-18
LQDA,Liquidia Corporation,Health Care,Pharmaceuticals,77.69999694824219,6954840557.540543,0.73,0.73,106.43835198389341,106.43835198389341,,89508891.0,2026-11-11,304544000.0,127584000.0,147021000.0,284181000.0,19879000.0,edgar,4 quarterly filings,2026-06-30,True,flat,no growth signal; forward EPS held flat at trailing,"projected from 8 filings, 91d cadence",2026-08-18
LQDT,"Liquidity Services, Inc.",Industrials,Diversified Support Services,42.709999084472656,1338173376.095047,1.3248051948051947,1.01,32.238701396964956,42.28712780640857,0.31168831168831157,31331618.0,2026-11-05,371530000.0,25437000.0,33129000.0,88286000.0,,edgar,4 quarterly filings,2026-06-30,True,extrapolated,"extrapolated realized TTM growth (not consensus, not guidance)","projected from 8 filings, 91d cadence",2026-08-18
LRCX,Lam Research,Information Technology,Semiconductor Materials & Equipment,343.8399963378906,430254208057.52563,7.470000000000001,4.98,46.02945064764265,69.04417597146397,0.5,1251321000.0,2026-11-05,1923378000.0,7265396000.0,8199795000.0,5579171000.0,3722061000.0,edgar,4 quarterly filings,2026-03-29,True,extrapolated_clamped,realized TTM growth clamped to +50% before extrapolating (raw rate was distorted),"projected from 8 filings, 90d cadence",2026-08-18
LRN,"Stride, Inc.",Consumer Discretionary,Education Services,83.43000030517578,3467337881.033058,9.132716857610475,7.47,9.135288173929524,11.168674739648699,0.2225859247135844,41559845.0,2026-11-04,917734000.0,338192000.0,450767000.0,754501000.0,417995000.0,edgar,4 quarterly filings,2026-03-31,True,extrapolated,"extrapolated realized TTM growth (not consensus, not guidance)","projected from 8 filings, 91d cadence",2026-08-18
LSCC,Lattice Semiconductor,Information Technology,Semiconductors,132.6699981689453,18843155926.174805,0.3211111111111112,0.34,413.1591638479265,390.2058769674862,-0.05555555555555547,142030272.0,2026-11-03,302822000.0,41176000.0,48421000.0,173305000.0,150000000.0,edgar,4 quarterly filings,2026-07-04,True,extrapolated,"extrapolated realized TTM growth (not consensus, not guidance)","projected from 8 filings, 91d cadence",2026-08-18
LSTR,Landstar System,Industrials,Cargo Ground Transportation,193.3800048828125,6561037415.465088,2.4008277027027027,3.77,80.54722322019082,51.29443100339854,-0.36317567567567566,33928210.0,2026-10-28,1171291000.0,39440000.0,53236000.0,353255000.0,,edgar,4 quarterly filings,2026-03-28,True,extrapolated,"extrapolated realized TTM growth (not consensus, not guidance)","projected from 8 filings, 91d cadence",2026-08-18
LTC,"LTC Properties, Inc.",Real Estate,Health Care REITs,40.5099983215332,2183714266.6513023,0.46,0.92,88.06521374246348,44.03260687123174,-0.5,53905563.0,2026-11-05,194270000.0,53230000.0,111074000.0,40435000.0,777090000.0,edgar,4 quarterly filings,2026-06-30,True,extrapolated_clamped,realized TTM growth clamped to -50% before extrapolating (raw rate was distorted),"projected from 8 filings, 92d cadence",2026-08-18
LTH,"Life Time Group Holdings, Inc.",Consumer Discretionary,Leisure Facilities,45.34000015258789,10131764756.417587,2.415,1.61,18.7743271853366,28.1614907780049,0.5,223461948.0,2026-10-28,1654696000.0,189456000.0,284543000.0,223647000.0,1497773000.0,edgar,4 quarterly filings,2026-06-30,True,extrapolated_clamped,realized TTM growth clamped to +50% before extrapolating (raw rate was distorted),"projected from 8 filings, 90d cadence",2026-08-18
LULU,Lululemon Athletica,Consumer Discretionary,"Apparel, Accessories & Luxury Goods",115.73999786376952,12550608911.53153,9.467718631178709,9.98,12.224697667146469,11.597194174726404,-0.05133079847908739,108437957.0,2026-09-03,2471603000.0,195048000.0,276946000.0,881320000.0,,edgar,4 quarterly filings,2026-05-03,True,extrapolated,"extrapolated realized TTM growth (not consensus, not guidance)","projected from 8 filings, 91d cadence",2026-08-18
LUMN,Lumen Technologies,Communication Services,Alternative Carriers,6.579999923706055,6786910679.626961,-1.94,-1.94,-3.391752537992812,-3.391752537992812,,1031445404.0,2026-11-04,5704000000.0,-401000000.0,514000000.0,1876000000.0,31500000000.0,edgar,4 quarterly filings,2026-06-30,True,flat,no growth signal; forward EPS held flat at trailing,"projected from 8 filings, 92d cadence",2026-08-18
LUV,Southwest Airlines,Industrials,Passenger Airlines,43.34999847412109,21207174766.87752,2.1149999999999998,1.41,20.49645317925347,30.744679768880204,0.5,489208201.0,2026-10-22,2013000000.0,460000000.0,615000000.0,3791000000.0,4929000000.0,edgar,4 quarterly filings,2026-06-30,True,extrapolated_clamped,realized TTM growth clamped to +50% before extrapolating (raw rate was distorted),"projected from 8 filings, 91d cadence",2026-08-18
LVS,Las Vegas Sands,Consumer Discretionary,Casinos & Gaming,45.43000030517578,29425064986.782715,3.3358080808080808,2.57,13.618889098131394,17.67704292030186,0.297979797979798,647701184.0,2026-10-23,6739000000.0,913000000.0,1522000000.0,3376000000.0,9496002000.0,edgar,4 quarterly filings,2026-06-30,True,extrapolated,"extrapolated realized TTM growth (not consensus, not guidance)","projected from 8 filings, 91d cadence",2026-08-18
LW,Lamb Weston,Consumer Staples,Packaged Foods & Meats,52.4900016784668,7216378498.147312,1.7251282051282053,2.3200000000000003,30.42672511088295,22.625000723477065,-0.2564102564102564,137481011.0,2026-10-24,2335500000.0,290000000.0,591100000.0,68200000.0,3675300000.0,edgar,4 quarterly filings,2026-02-22,True,extrapolated,"extrapolated realized TTM growth (not consensus, not guidance)","projected from 8 filings, 92d cadence",2026-08-18
LXP,Lexington Realty Trust,Real Estate,Diversified REITs,60.65999984741211,3576059368.9245605,0.72,0.48,84.24999978807237,126.37499968210857,0.5,58952512.0,2026-10-28,85948000.0,-239000.0,,130112000.0,1348931000.0,edgar,4 quarterly filings,2026-03-31,True,extrapolated_clamped,realized TTM growth clamped to +50% before extrapolating (raw rate was distorted),"projected from 8 filings, 91d cadence",2026-08-18
LYB,LyondellBasell,Materials,Specialty Chemicals,64.7300033569336,20910247717.376953,-0.17,-0.34,-380.7647256290211,-190.38236281451054,-0.5,323037952.0,2026-10-30,16374000000.0,3397000000.0,1782000000.0,2630000000.0,5772000000.0,edgar,4 quarterly filings,2026-06-30,True,extrapolated_clamped,realized TTM growth clamped to -50% before extrapolating (raw rate was distorted),"projected from 8 filings, 91d cadence",2026-08-18
LYFT,"Lyft, Inc.",Industrials,Passenger Ground Transportation,17.219999313354492,6518462827.8570385,0.38,0.38,45.31578766672235,45.31578766672235,,378540249.0,2026-11-06,3494033000.0,64544000.0,42232000.0,1137942000.0,1043888000.0,edgar,4 quarterly filings,2026-06-30,True,flat,no growth signal; forward EPS held flat at trailing,"projected from 8 filings, 91d cadence",2026-08-18
LYV,Live Nation Entertainment,Communication Services,Movies & Entertainment,184.44000244140625,43460309713.67798,0.16999999999999996,0.3399999999999999,1084.9411908318018,542.4705954159009,-0.5,235633860.0,2026-10-27,11459887000.0,-94658000.0,151401000.0,9071949000.0,1715688000.0,edgar,4 quarterly filings,2026-06-30,True,extrapolated_clamped,realized TTM growth clamped to -50% before extrapolating (raw rate was distorted),"projected from 8 filings, 89d cadence",2026-08-18
LZ,"LegalZoom.com, Inc.",Industrials,Research & Consulting Services,5.440000057220459,931680587.0798512,0.03,0.06,181.33333524068198,90.66666762034099,-0.5,171264812.0,2026-11-04,412070000.0,6287000.0,13414000.0,167227000.0,512362000.0,edgar,4 quarterly filings,2026-06-30,True,extrapolated,"extrapolated realized TTM growth (not consensus, not guidance)","projected from 8 filings, 91d cadence",2026-08-18
LZB,"La-Z-Boy, Inc.",Consumer Discretionary,Home Furnishings,41.52000045776367,1656539152.8235703,2.0979310344827584,2.34,19.79092723989393,17.743589939215244,-0.10344827586206895,39897378.0,2026-09-15,2349433000.0,101985000.0,129207000.0,303213000.0,7774000.0,edgar,4 quarterly filings,2026-01-24,True,extrapolated,"extrapolated realized TTM growth (not consensus, not guidance)","projected from 8 filings, 91d cadence",2026-08-18
M,Macy's,Consumer Discretionary,Broadline Retail,23.21999931335449,6107741111.26617,1.065,0.71,21.802816256670884,32.70422438500632,0.5,263037954.0,2026-09-03,4892000000.0,63000000.0,112000000.0,1294000000.0,2432000000.0,edgar,4 quarterly filings,2026-05-02,True,extrapolated_clamped,realized TTM growth clamped to +50% before extrapolating (raw rate was distorted),"projected from 8 filings, 91d cadence",2026-08-18
MA,Mastercard,Financials,Transaction & Payment Processing Services,562.260009765625,68893827512.76392,22.7133598265896,17.73,24.75459439106892,31.712352496651157,0.2810693641618498,122530193.0,2026-10-29,17675000000.0,870000000.0,10494000000.0,11291000000.0,21000000.0,edgar,4 quarterly filings,2026-06-30,True,extrapolated,"extrapolated realized TTM growth (not consensus, not guidance)","projected from 8 filings, 91d cadence",2026-08-18
MAA,Mid-America Apartment Communities,Real Estate,Multi-Family Residential REITs,131.1199951171875,15260374669.954834,4.752400000000001,4.36,27.590269151836438,30.073393375501716,0.09000000000000008,116384802.0,2026-10-29,553725000.0,124359000.0,101573000.0,71529000.0,,edgar,4 quarterly filings,2026-03-31,True,extrapolated,"extrapolated realized TTM growth (not consensus, not guidance)","projected from 8 filings, 91d cadence",2026-08-18
MAC,Macerich,Real Estate,Retail REITs,24.65999984741211,6992574144.232273,-0.74,-0.74,-33.32432411812447,-33.32432411812447,,283559375.0,2026-11-03,491245000.0,-63421000.0,,227028000.0,4848075000.0,edgar,4 quarterly filings,2026-06-30,True,flat,no growth signal; forward EPS held flat at trailing,"projected from 8 filings, 90d cadence",2026-08-18
MAN,ManpowerGroup,Industrials,Human Resource & Employment Services,56.77000045776367,2640121230.1885605,0.05999999999999998,0.11999999999999995,946.1666742960616,473.0833371480308,-0.5,46505570.0,2026-11-07,9370600000.0,-67100000.0,140300000.0,180600000.0,1642500000.0,edgar,4 quarterly filings,2026-06-30,True,extrapolated_clamped,realized TTM growth clamped to -50% before extrapolating (raw rate was distorted),"projected from 8 filings, 92d cadence",2026-08-18
MANH,Manhattan Associates,Information Technology,Application Software,196.47000122070312,11455177920.013062,3.5302506963788303,3.56,55.6532717130353,55.18820259008515,-0.00835654596100277,58304972.0,2026-11-01,131300000.0,99647000.0,131168000.0,186110000.0,,edgar,4 quarterly filings,2026-06-30,True,extrapolated,"extrapolated realized TTM growth (not consensus, not guidance)","projected from 8 filings, 93d cadence",2026-08-18
MAR,Marriott International,Consumer Discretionary,"Hotels, Resorts & Cruise Lines",356.57000732421875,92981437222.06934,12.79828193832599,10.78,27.86077139435623,33.076995113563896,0.18722466960352424,260766288.0,2026-11-02,13725000000.0,1414000000.0,2293000000.0,462000000.0,23000000.0,edgar,4 quarterly filings,2026-06-30,True,extrapolated,"extrapolated realized TTM growth (not consensus, not guidance)","projected from 8 filings, 91d cadence",2026-08-18
MARA,"MARA Holdings, Inc.",Information Technology,Internet Services & Infrastructure,9.71500015258789,3752897729.299595,-2.8,-2.8,-3.4696429116385326,-3.4696429116385326,,386299297.0,2026-11-07,349495000.0,-1311480000.0,-1582566000.0,421274000.0,2417749000.0,edgar,4 quarterly filings,2026-06-30,True,flat,no growth signal; forward EPS held flat at trailing,"projected from 8 filings, 93d cadence",2026-08-18
MAS,Masco,Industrials,Building Products,73.93000030517578,14914226988.974464,4.192019950124688,4.1,17.635889424375662,18.03170739150629,0.02244389027431426,201734437.0,2026-10-28,1918000000.0,213000000.0,316000000.0,388000000.0,2947000000.0,edgar,4 quarterly filings,2026-03-31,True,extrapolated,"extrapolated realized TTM growth (not consensus, not guidance)","projected from 8 filings, 91d cadence",2026-08-18
MAT,Mattel,Consumer Discretionary,Leisure Products,14.579999923706056,4165505978.2028203,1.3135849056603772,1.18,11.099396666998292,12.355932138733946,0.1132075471698113,285700000.0,2026-11-07,1987497000.0,42815000.0,-91808000.0,523856000.0,2333889000.0,edgar,4 quarterly filings,2026-06-30,True,extrapolated,"extrapolated realized TTM growth (not consensus, not guidance)","projected from 8 filings, 93d cadence",2026-08-18
MATW,Matthews International Corporation,Consumer Discretionary,Specialized Consumer Services,23.0,717902979.0,0.43999999999999995,0.43999999999999995,52.27272727272728,52.27272727272728,,31213173.0,2026-11-07,1795737000.0,-1894000.0,81128000.0,37602000.0,688268000.0,edgar,4 quarterly filings,2026-06-30,True,flat,no growth signal; forward EPS held flat at trailing,"projected from 8 filings, 92d cadence",2026-08-18
MATX,"Matson, Inc.",Industrials,Marine Transportation,219.9499969482422,6577265495.841888,14.19954911433172,13.28,15.489928248936078,16.56249977019896,0.0692431561996778,29903458.0,2026-11-04,1727200000.0,186000000.0,220300000.0,119300000.0,341300000.0,edgar,4 quarterly filings,2026-06-30,True,extrapolated,"extrapolated realized TTM growth (not consensus, not guidance)","projected from 8 filings, 92d cadence",2026-08-18
MBC,"MasterBrand, Inc.",Industrials,Building Products,8.989999771118164,1829379458.524723,-0.035,-0.07,-256.8571363176618,-128.4285681588309,-0.5,203490490.0,2026-11-04,1433200000.0,-73000000.0,-46300000.0,241600000.0,1020000000.0,edgar,4 quarterly filings,2026-06-28,True,extrapolated_clamped,realized TTM growth clamped to -50% before extrapolating (raw rate was distorted),"projected from 8 filings, 91d cadence",2026-08-18
MBGL,"Mobility Global, Inc.",Industrials,Data Processing & Outsourced Services,19.71999931335449,5813876227.962264,,,,,,294821320.0,2026-11-06,923000000.0,108000000.0,163000000.0,186000000.0,1981000000.0,edgar,insufficient EPS filings,,False,flat,no growth signal; forward EPS held flat at trailing,"projected from 1 filings, 91d cadence",2026-08-18
MBIN,Merchants Bancorp,Financials,Regional Banks,54.540000915527344,2505462652.557564,3.430426716141002,4.3,15.898896967803807,12.683721143145894,-0.2022263450834879,45938075.0,2026-11-05,,146035000.0,,377310000.0,97279000.0,edgar,4 quarterly filings,2026-06-30,True,extrapolated,"extrapolated realized TTM growth (not consensus, not guidance)","projected from 8 filings, 90d cadence",2026-08-18
MC,Moelis & Company,Financials,Investment Banking & Brokerage,66.7300033569336,,,,,,,,2026-10-30,,2787000.0,113326000.0,207740000.0,,edgar,insufficient EPS filings,,False,flat,no growth signal; forward EPS held flat at trailing,"projected from 8 filings, 92d cadence",2026-08-18
MCD,McDonald's,Consumer Discretionary,Restaurants,265.5299987792969,187900054862.60977,13.78520107238606,12.42,19.261960517296732,21.379226954854822,0.10991957104557648,707641531.0,2026-11-07,13616000000.0,4345000000.0,6292000000.0,822000000.0,39973000000.0,edgar,4 quarterly filings,2026-06-30,True,extrapolated,"extrapolated realized TTM growth (not consensus, not guidance)","projected from 8 filings, 92d cadence",2026-08-18
MCHP,Microchip Technology,Information Technology,Semiconductors,80.26000213623047,43581878699.65171,0.185,0.37,433.8378493850296,216.9189246925148,-0.5,543008691.0,2026-11-05,1322600000.0,229800000.0,336800000.0,272300000.0,5361300000.0,edgar,4 quarterly filings,2026-06-30,True,extrapolated_clamped,realized TTM growth clamped to -50% before extrapolating (raw rate was distorted),"projected from 8 filings, 91d cadence",2026-08-18
MCK,McKesson Corporation,Health Care,Health Care Distributors,859.9199829101562,100258382958.44891,44.20000494071146,29.91,19.455201058543473,28.750250180881185,0.4777667984189722,116590363.0,2026-11-04,29980000000.0,614000000.0,1319000000.0,5164000000.0,9729000000.0,edgar,4 quarterly filings,2026-06-30,True,extrapolated,"extrapolated realized TTM growth (not consensus, not guidance)","projected from 8 filings, 91d cadence",2026-08-18
MCO,Moody's Corporation,Financials,Financial Exchanges & Data,477.1700134277344,82645846325.6836,19.301345541401275,15.57,24.722111336963916,30.646757445583454,0.2396496815286624,173200000.0,2026-10-22,1142100000.0,1539000000.0,1968000000.0,1467000000.0,6946000000.0,edgar,4 quarterly filings,2026-06-30,True,extrapolated,"extrapolated realized TTM growth (not consensus, not guidance)","projected from 8 filings, 91d cadence",2026-08-18
MCRI,"Monarch Casino & Resort, Inc.",Consumer Discretionary,Casinos & Gaming,123.6500015258789,2194727680.483612,6.740663900414938,5.7,18.343890654193178,21.692982723838405,0.18257261410788383,17749516.0,2026-10-27,395377000.0,27592000.0,40666000.0,23817000.0,37900000.0,edgar,4 quarterly filings,2026-03-31,True,extrapolated,"extrapolated realized TTM growth (not consensus, not guidance)","projected from 8 filings, 91d cadence",2026-08-18
MCY,Mercury General,Financials,Property & Casualty Insurance,106.37999725341795,5892241988.130591,24.405,16.27,4.358942727040277,6.538414090560416,0.5,55388627.0,2026-11-05,3221575000.0,453922000.0,,,943752000.0,edgar,4 quarterly filings,2026-06-30,True,extrapolated_clamped,realized TTM growth clamped to +50% before extrapolating (raw rate was distorted),"projected from 8 filings, 93d cadence",2026-08-18
MD,Pediatrix Medical Group,Health Care,Health Care Services,26.34000015258789,2140211170.5382652,2.15,2.15,12.251162861668787,12.251162861668787,,81253271.0,2026-11-03,,69415000.0,98579000.0,288879000.0,611200000.0,edgar,4 quarterly filings,2026-06-30,True,flat,no growth signal; forward EPS held flat at trailing,"projected from 8 filings, 91d cadence",2026-08-18
MDLZ,Mondelez International,Consumer Staples,Packaged Foods & Meats,62.18000030517578,79817342841.61882,1.153556338028169,1.81,53.90287258224694,34.3535913288264,-0.36267605633802813,1283649766.0,2026-10-27,10080000000.0,560000000.0,808000000.0,2476000000.0,15875000000.0,edgar,4 quarterly filings,2026-03-31,True,extrapolated,"extrapolated realized TTM growth (not consensus, not guidance)","projected from 8 filings, 91d cadence",2026-08-18
MDT,Medtronic,Health Care,Health Care Equipment,90.5999984741211,115972092260.80605,4.129595375722544,3.7800000000000002,21.939195061760515,23.968253564582298,0.09248554913294815,1280045190.0,2026-09-17,36364000000.0,4801000000.0,6467000000.0,1949000000.0,22140000000.0,edgar,4 quarterly filings,2026-01-23,True,extrapolated,"extrapolated realized TTM growth (not consensus, not guidance)","projected from 8 filings, 91d cadence",2026-08-18
MDU,"MDU Resources Group, Inc.",Utilities,Multi-Utilities,20.56999969482422,4326888245.72644,0.325,0.65,63.29230675330528,31.64615337665264,-0.5,210349456.0,2026-11-05,981280000.0,102057000.0,163650000.0,46269000.0,2577157000.0,edgar,4 quarterly filings,2026-06-30,True,extrapolated_clamped,realized TTM growth clamped to -50% before extrapolating (raw rate was distorted),"projected from 8 filings, 91d cadence",2026-08-18
MEDP,Medpace,Health Care,Life Sciences Tools & Services,597.1199951171875,16666607297.312622,18.99763262074426,15.49,31.431284467790412,38.548740808081824,0.2264449722882027,27911655.0,2026-10-23,163077000.0,245232000.0,288327000.0,502688000.0,161906000.0,edgar,4 quarterly filings,2026-06-30,True,extrapolated,"extrapolated realized TTM growth (not consensus, not guidance)","projected from 8 filings, 92d cadence",2026-08-18
MET,MetLife,Financials,Life & Health Insurance,96.68000030517578,61437909496.29217,4.71780621572212,5.08,20.492575549836925,19.0314961230661,-0.07129798903107876,635476927.0,2026-11-05,38228000000.0,1921000000.0,3235000000.0,19301000000.0,18879000000.0,edgar,4 quarterly filings,2026-06-30,True,extrapolated,"extrapolated realized TTM growth (not consensus, not guidance)","projected from 8 filings, 91d cadence",2026-08-18
META,Meta Platforms,Communication Services,Interactive Media & Services,568.969970703125,1459407974853.5156,27.56543215405284,24.81,20.640705631726203,22.93309031451532,0.11106135244066273,2565000000.0,2026-10-29,38924000000.0,42621000000.0,41647000000.0,15462000000.0,83664000000.0,edgar,4 quarterly filings,2026-06-30,True,extrapolated,"extrapolated realized TTM growth (not consensus, not guidance)","projected from 8 filings, 91d cadence",2026-08-18
MFP,"Midera Food Processing, Inc.",Industrials,Industrial Machinery & Supplies & Components,45.0,,,,,,,,,,,,,,edgar,none,,False,flat,no growth signal; forward EPS held flat at trailing,no filing history,2026-08-18
MGEE,"MGE Energy, Inc.",Utilities,Electric Utilities,81.02999877929688,2978372829.791321,5.13527851458886,4.4,15.779085506092416,18.415908813476562,0.1671087533156499,36756422.0,2026-11-04,,48481000.0,53152000.0,9468000.0,395508000.0,edgar,4 quarterly filings,2026-03-31,True,extrapolated,"extrapolated realized TTM growth (not consensus, not guidance)","projected from 8 filings, 91d cadence",2026-08-18
MGM,MGM Resorts,Consumer Discretionary,Casinos & Gaming,43.77999877929688,11014730550.559938,0.36,0.72,121.61110772026912,60.80555386013456,-0.5,251592756.0,2026-10-28,7696438000.0,417569000.0,804878000.0,2547380000.0,6068442000.0,edgar,4 quarterly filings,2026-06-30,True,extrapolated_clamped,realized TTM growth clamped to -50% before extrapolating (raw rate was distorted),"projected from 8 filings, 91d cadence",2026-08-18
MGY,"Magnolia Oil & Gas, Corp.",Energy,Oil & Gas Exploration & Production,26.790000915527344,6348388796.631226,,,,,,236968592.0,2026-11-07,837322000.0,281601000.0,367265000.0,295938000.0,393636000.0,edgar,insufficient EPS filings,,False,flat,no growth signal; forward EPS held flat at trailing,"projected from 8 filings, 93d cadence",2026-08-18
MHK,Mohawk Industries,Consumer Discretionary,Home Furnishings,135.33999633789062,9167680296.235504,10.87488461538462,9.21,12.445189178966196,14.694896453625473,0.18076923076923102,67738145.0,2026-11-01,-116348000.0,313200000.0,365500000.0,849600000.0,2036800000.0,edgar,4 quarterly filings,2026-07-04,True,extrapolated,"extrapolated realized TTM growth (not consensus, not guidance)","projected from 8 filings, 93d cadence",2026-08-18
MHO,"M/I Homes, Inc.",Consumer Discretionary,Homebuilding,151.1999969482422,3822794210.0423126,10.194315068493152,13.91,14.831795557854134,10.869877566372551,-0.26712328767123283,25283031.0,2026-11-01,1983965000.0,146900000.0,187343000.0,20393000.0,,edgar,4 quarterly filings,2026-06-30,True,extrapolated,"extrapolated realized TTM growth (not consensus, not guidance)","projected from 8 filings, 93d cadence",2026-08-18
MIDD,Middleby,Industrials,Industrial Machinery & Supplies & Components,114.87999725341795,5195143328.913108,-4.595,-9.19,-25.001087541549065,-12.500543770774533,-0.5,45222349.0,2026-11-14,1715457000.0,4739000.0,281102000.0,159178000.0,2395067000.0,edgar,4 quarterly filings,2026-07-04,True,extrapolated_clamped,realized TTM growth clamped to -50% before extrapolating (raw rate was distorted),"projected from 8 filings, 93d cadence",2026-08-18
MIR,"Mirion Technologies, Inc.",Information Technology,Electronic Equipment & Instruments,15.739999771118164,295124995.7084656,0.06,0.06,262.3333295186361,262.3333295186361,,18750000.0,2026-10-27,524400000.0,4300000.0,21600000.0,418700000.0,444800000.0,edgar,4 quarterly filings,2026-06-30,True,flat,no growth signal; forward EPS held flat at trailing,"projected from 8 filings, 90d cadence",2026-08-18
MKC,McCormick & Company,Consumer Staples,Packaged Foods & Meats,53.93999862670898,14526041630.172728,8.73,5.82,6.1786940007684965,9.268041001152746,0.5,269300000.0,2026-09-24,3810500000.0,1166300000.0,503900000.0,331200000.0,3606900000.0,edgar,4 quarterly filings,2026-05-31,True,extrapolated_clamped,realized TTM growth clamped to +50% before extrapolating (raw rate was distorted),"projected from 8 filings, 91d cadence",2026-08-18
MKSI,MKS Instruments,Information Technology,Semiconductor Materials & Equipment,320.739990234375,21687654892.592285,8.415000000000001,5.61,38.115269190062385,57.17290378509358,0.5,67617558.0,2026-11-05,2326000000.0,258000000.0,400000000.0,454000000.0,2544000000.0,edgar,4 quarterly filings,2026-06-30,True,extrapolated_clamped,realized TTM growth clamped to +50% before extrapolating (raw rate was distorted),"projected from 8 filings, 91d cadence",2026-08-18
MKTX,MarketAxess,Financials,Financial Exchanges & Data,162.55999755859375,5720956275.039856,10.453602693602695,7.88,15.550619468068726,20.629441314542355,0.3265993265993268,35192891.0,2026-11-07,114714000.0,145987000.0,190798000.0,245794000.0,,edgar,4 quarterly filings,2026-06-30,True,extrapolated,"extrapolated realized TTM growth (not consensus, not guidance)","projected from 8 filings, 92d cadence",2026-08-18
MLI,Mueller Industries,Industrials,Industrial Machinery & Supplies & Components,66.62999725341797,14737315274.947174,7.183679417122041,6.28,9.275190801890153,10.60987217411114,0.14389799635701284,221181388.0,2026-10-21,2620928000.0,488673000.0,622202000.0,1388748000.0,2737000.0,edgar,4 quarterly filings,2026-06-27,True,extrapolated,"extrapolated realized TTM growth (not consensus, not guidance)","projected from 8 filings, 91d cadence",2026-08-18
MLKN,"MillerKnoll, Inc.",Industrials,Office Services & Supplies,23.34000015258789,1589996385.3147812,0.5115573770491804,0.79,45.62538084627019,29.544303990617582,-0.35245901639344257,68123238.0,2026-10-19,3841700000.0,91500000.0,198300000.0,167700000.0,200000000.0,edgar,4 quarterly filings,2026-02-28,True,extrapolated,"extrapolated realized TTM growth (not consensus, not guidance)","projected from 8 filings, 91d cadence",2026-08-18
MLM,Martin Marietta Materials,Materials,Construction Materials,538.6599731445312,32355063222.643738,58.52853600543477,41.51,9.203373429578232,12.976631489870664,0.40998641304347805,60065839.0,2026-10-27,3309000000.0,1764000000.0,533000000.0,112000000.0,5951000000.0,edgar,4 quarterly filings,2026-06-30,True,extrapolated,"extrapolated realized TTM growth (not consensus, not guidance)","projected from 8 filings, 89d cadence",2026-08-18
MMI,"Marcus & Millichap, Inc.",Real Estate,Real Estate Services,31.030000686645508,1175137249.093954,-0.25,-0.25,-124.12000274658203,-124.12000274658203,,37871003.0,2026-11-05,237908000.0,809000.0,-3563000.0,235873000.0,,edgar,4 quarterly filings,2026-06-30,True,flat,no growth signal; forward EPS held flat at trailing,"projected from 8 filings, 91d cadence",2026-08-18
MMM,3M,Industrials,Industrial Conglomerates,180.2100067138672,92938340230.06181,4.395202020202021,5.9,41.00152982401114,30.54406893455376,-0.25505050505050497,515722417.0,2026-10-21,12530000000.0,1586000000.0,2381000000.0,2173000000.0,12602000000.0,edgar,4 quarterly filings,2026-06-30,True,extrapolated,"extrapolated realized TTM growth (not consensus, not guidance)","projected from 8 filings, 92d cadence",2026-08-18
MMS,Maximus Inc.,Industrials,Data Processing & Outsourced Services,54.43000030517578,2849833056.068321,10.375941747572815,7.3100000000000005,5.245788924933804,7.445964474032254,0.41941747572815524,52357763.0,2026-11-05,2392236000.0,295599000.0,456125000.0,56953000.0,1482974000.0,edgar,4 quarterly filings,2026-06-30,True,extrapolated,"extrapolated realized TTM growth (not consensus, not guidance)","projected from 8 filings, 91d cadence",2026-08-18
MMSI,"Merit Medical Systems, Inc.",Health Care,Health Care Supplies,89.7300033569336,5357816187.043915,2.635388349514563,2.33,34.04811415116934,38.51073105447794,0.13106796116504849,59710420.0,2026-10-29,800720000.0,79798000.0,104560000.0,448699000.0,736258000.0,edgar,4 quarterly filings,2026-06-30,True,extrapolated,"extrapolated realized TTM growth (not consensus, not guidance)","projected from 8 filings, 91d cadence",2026-08-18
MNST,Monster Beverage,Consumer Staples,Soft Drinks & Non-alcoholic Beverages,45.52000045776367,44588018597.031364,3.6885964912280707,2.9,12.340737341700494,15.696551881987473,0.2719298245614037,979525882.0,2026-11-06,4890764000.0,,1470401000.0,2192424000.0,199059000.0,edgar,4 quarters vs prior 10-K,2011-06-30,True,extrapolated,"extrapolated realized TTM growth (not consensus, not guidance)","projected from 8 filings, 91d cadence",2026-08-18
MO,Altria,Consumer Staples,Tobacco,63.959999084472656,106796819978.26378,5.591855287569574,5.49,11.438064076274053,11.650273057280993,0.01855287569573294,1669743926.0,2026-10-29,11539000000.0,4481000000.0,6092000000.0,2367000000.0,24577000000.0,edgar,4 quarterly filings,2026-06-30,True,extrapolated,"extrapolated realized TTM growth (not consensus, not guidance)","projected from 8 filings, 91d cadence",2026-08-18
MOG-A,Moog Inc.,Industrials,Aerospace & Defense,445.3800048828125,14269085932.575562,17.37,11.58,25.640760212021444,38.461140318032164,0.5,32038003.0,2026-11-01,3268838000.0,312715000.0,449653000.0,66821000.0,770376000.0,edgar,4 quarterly filings,2026-06-27,True,extrapolated_clamped,realized TTM growth clamped to +50% before extrapolating (raw rate was distorted),"projected from 8 filings, 93d cadence",2026-08-18
MOH,Molina Healthcare,Health Care,Managed Health Care,203.05999755859372,10599731872.558592,3.86,7.72,52.60621698409164,26.30310849204582,-0.5,52200000.0,2026-10-22,21670000000.0,74000000.0,228000000.0,4985000000.0,1654000000.0,edgar,4 quarterly filings,2026-06-30,True,extrapolated_clamped,realized TTM growth clamped to -50% before extrapolating (raw rate was distorted),"projected from 8 filings, 91d cadence",2026-08-18
MORN,"Morningstar, Inc.",Financials,Financial Exchanges & Data,206.7400054931641,7755555874.608201,12.556302083333335,9.82,16.46503915890821,21.052953716208155,0.2786458333333335,37513571.0,2026-10-28,1308000000.0,183000000.0,316500000.0,474500000.0,1695100000.0,edgar,4 quarterly filings,2026-06-30,True,extrapolated,"extrapolated realized TTM growth (not consensus, not guidance)","projected from 8 filings, 91d cadence",2026-08-18
MOS,Mosaic Company (The),Materials,Fertilizers & Agricultural Chemicals,21.229999542236328,6748924419.058922,1.0754545454545454,0.91,19.740489853305125,23.329669826633328,0.18181818181818188,317895646.0,2026-11-04,5822100000.0,-530400000.0,-408400000.0,294000000.0,3834100000.0,edgar,4 quarterly filings,2026-06-30,True,extrapolated,"extrapolated realized TTM growth (not consensus, not guidance)","projected from 8 filings, 91d cadence",2026-08-18
MP,MP Materials,Materials,Diversified Metals & Mining,58.5099983215332,10420723614.942398,-0.58,-0.58,-100.87930745091933,-100.87930745091933,,178101588.0,2026-11-06,309820000.0,-28264000.0,-56151000.0,429075000.0,934583000.0,edgar,4 quarterly filings,2026-06-30,True,flat,no growth signal; forward EPS held flat at trailing,"projected from 8 filings, 91d cadence",2026-08-18
MPC,Marathon Petroleum,Energy,Oil & Gas Refining & Marketing,358.17999267578125,100585811554.518,41.894999999999996,27.93,8.549468735547949,12.82420310332192,0.5,280824763.0,2026-11-03,31092000000.0,5649000000.0,8726000000.0,7768000000.0,3311000000.0,edgar,4 quarterly filings,2026-06-30,True,extrapolated_clamped,realized TTM growth clamped to +50% before extrapolating (raw rate was distorted),"projected from 8 filings, 91d cadence",2026-08-18
MPT,Medical Properties Trust,Real Estate,Health Care REITs,4.050000190734863,2422305114.0785217,-0.44,-0.44,-9.20454588803378,-9.20454588803378,,598100000.0,2026-11-10,252065000.0,32827000.0,485584000.0,425001000.0,9662659000.0,edgar,4 quarterly filings,2026-03-31,True,flat,no growth signal; forward EPS held flat at trailing,"projected from 8 filings, 92d cadence",2026-08-18
MPWR,Monolithic Power Systems,Information Technology,Semiconductors,1415.989990234375,69585996090.08789,23.535,15.69,60.16528532969514,90.2479279945427,0.5,49143000.0,2026-11-05,285047000.0,450524000.0,545046000.0,1005587000.0,,edgar,4 quarterly filings,2026-06-30,True,extrapolated_clamped,realized TTM growth clamped to +50% before extrapolating (raw rate was distorted),"projected from 8 filings, 92d cadence",2026-08-18
MRCY,Mercury Systems,Industrials,Electrical Components & Equipment,113.36000061035156,6806506597.527512,-0.84,-0.84,-134.95238167898995,-134.95238167898995,,60043283.0,2026-11-03,693840000.0,-30471000.0,-14185000.0,331800000.0,192500000.0,edgar,4 quarterly filings,2026-03-27,True,flat,no growth signal; forward EPS held flat at trailing,"projected from 8 filings, 91d cadence",2026-08-18
MRK,Merck & Co.,Health Care,Pharmaceuticals,135.97000122070312,335461330630.5441,0.9099999999999999,1.8199999999999998,149.41758375901443,74.70879187950722,-0.5,2467171638.0,2026-11-07,32893000000.0,-5575000000.0,,6849000000.0,18100000000.0,edgar,4 quarterly filings,2026-06-30,True,extrapolated_clamped,realized TTM growth clamped to -50% before extrapolating (raw rate was distorted),"projected from 8 filings, 92d cadence",2026-08-18
MRNA,Moderna,Health Care,Biotechnology,64.45999908447266,25734745039.428627,-8.01,-8.01,-8.047440584828047,-8.047440584828047,,399235889.0,2026-10-30,2206000000.0,-2125000000.0,-2203000000.0,1723000000.0,591000000.0,edgar,4 quarterly filings,2026-06-30,True,flat,no growth signal; forward EPS held flat at trailing,"projected from 8 filings, 91d cadence",2026-08-18
MRP,"Millrose Properties, Inc.",Real Estate,Single-Family Residential REITs,30.15999984741211,5008066074.58279,3.2361065573770498,2.81,9.319841393559546,10.733096031107513,0.1516393442622952,166049937.0,2026-11-04,391781000.0,248765000.0,333718000.0,34171000.0,,edgar,4 quarters vs prior 10-K,2026-06-30,True,extrapolated,"extrapolated realized TTM growth (not consensus, not guidance)","projected from 7 filings, 92d cadence",2026-08-18
MRSH,Marsh McLennan,Financials,Insurance Brokers,184.2100067138672,87907090882.21307,8.530617678381255,8.95,21.59398224828455,20.58212365518069,-0.04685835995740162,477211268.0,2026-10-21,15001000000.0,2412000000.0,3653000000.0,1700000000.0,19537000000.0,edgar,4 quarterly filings,2026-06-30,True,extrapolated,"extrapolated realized TTM growth (not consensus, not guidance)","projected from 8 filings, 92d cadence",2026-08-18
MRTN,"Marten Transport, Ltd.",Industrials,Cargo Ground Transportation,15.270000457763672,1246973723.0117455,0.1378125,0.21,110.80272441007652,72.71428789411273,-0.34375,81661669.0,2026-11-05,223152000.0,6721000.0,8508000.0,103980000.0,7886000.0,edgar,4 quarterly filings,2026-06-30,True,extrapolated,"extrapolated realized TTM growth (not consensus, not guidance)","projected from 8 filings, 91d cadence",2026-08-18
MRVL,Marvell Technology,Information Technology,Semiconductors,234.3300018310547,204991885601.80664,2.66,2.66,88.09398565077244,88.09398565077244,,874800000.0,2026-08-27,2417800000.0,34500000.0,339400000.0,3843600000.0,4961300000.0,edgar,4 quarterly filings,2026-05-02,True,flat,no growth signal; forward EPS held flat at trailing,"projected from 8 filings, 91d cadence",2026-08-18
MS,Morgan Stanley,Financials,Investment Banking & Brokerage,218.2100067138672,342713281121.8935,16.79235576923077,11.82,12.994603598960255,18.461083478330558,0.42067307692307687,1570566292.0,2026-11-03,19650000000.0,11148000000.0,,160135000000.0,383156000000.0,edgar,4 quarterly filings,2026-06-30,True,extrapolated,"extrapolated realized TTM growth (not consensus, not guidance)","projected from 4 filings, 91d cadence",2026-08-18
MSA,MSA Safety,Industrials,Office Services & Supplies,189.13999938964844,7296697557.913681,9.221340941512125,8.04,20.51111661409117,23.524875545976176,0.14693295292439368,38578289.0,2026-10-29,966959000.0,157463000.0,204973000.0,200057000.0,599744000.0,edgar,4 quarterly filings,2026-06-30,True,extrapolated,"extrapolated realized TTM growth (not consensus, not guidance)","projected from 8 filings, 90d cadence",2026-08-18
MSCI,MSCI,Financials,Financial Exchanges & Data,550.6799926757812,40034435467.5293,24.382992069214133,18.39,22.584594667980372,29.944534675137643,0.32588320115356884,72700000.0,2026-10-20,1072296000.0,748000000.0,944400000.0,356400000.0,6380400000.0,edgar,4 quarterly filings,2026-06-30,True,extrapolated,"extrapolated realized TTM growth (not consensus, not guidance)","projected from 8 filings, 91d cadence",2026-08-18
MSEX,Middlesex Water Company,Utilities,Water Utilities,58.02000045776367,1093325755.546074,3.0924896265560164,2.73,18.76158288762904,21.252747420426253,0.13278008298755184,18843946.0,2026-10-29,105071000.0,25377000.0,31331000.0,1801000.0,260000000.0,edgar,4 quarterly filings,2026-06-30,True,extrapolated,"extrapolated realized TTM growth (not consensus, not guidance)","projected from 8 filings, 91d cadence",2026-08-18
MSFT,Microsoft,Information Technology,Systems Software,480.3500061035156,3566860821923.7827,22.249362903225805,16.61,21.5893825002006,28.91932607486548,0.3395161290322579,7425545491.0,2026-10-28,36148000000.0,133749000000.0,155237000000.0,20935000000.0,40294000000.0,edgar,4 quarterly filings,2026-03-31,True,extrapolated,"extrapolated realized TTM growth (not consensus, not guidance)","projected from 8 filings, 91d cadence",2026-08-18
MSGS,Madison Square Garden Sports Corp.,Communication Services,Movies & Entertainment,411.9400024414063,10268840380.859377,-0.725,-1.45,-568.1931068157329,-284.09655340786645,-0.5,24928000.0,2026-11-13,799898000.0,7759000.0,28868000.0,164511000.0,242000000.0,edgar,4 quarterly filings,2026-03-31,True,extrapolated_clamped,realized TTM growth clamped to -50% before extrapolating (raw rate was distorted),"projected from 8 filings, 92d cadence",2026-08-18
MSI,Motorola Solutions,Information Technology,Communications Equipment,457.0799865722656,75643898396.83337,17.232527472527476,11.88,26.524256949594534,38.4747463444668,0.4505494505494507,165493788.0,2026-11-04,1468000000.0,923000000.0,1334000000.0,710000000.0,1900000000.0,edgar,4 quarterly filings,2026-07-04,True,extrapolated,"extrapolated realized TTM growth (not consensus, not guidance)","projected from 8 filings, 91d cadence",2026-08-18
MSM,MSC Industrial Direct,Industrials,Trading Companies & Distributors,124.5999984741211,6958448645.585312,4.416025641025643,4.15,28.21541553485685,30.0240960178605,0.06410256410256432,55846298.0,2026-09-30,3363817000.0,174650000.0,247776000.0,74094000.0,485249000.0,edgar,4 quarterly filings,2026-05-30,True,extrapolated,"extrapolated realized TTM growth (not consensus, not guidance)","projected from 8 filings, 91d cadence",2026-08-18
MTB,M&T Bank,Financials,Regional Banks,252.8600006103516,36517096097.4647,24.316543647977294,18.51,10.398681830400065,13.660723965983337,0.31369765791341386,144416262.0,2026-11-03,9643000000.0,1482000000.0,,1420888000.0,13568000000.0,edgar,4 quarterly filings,2026-06-30,True,extrapolated,"extrapolated realized TTM growth (not consensus, not guidance)","projected from 8 filings, 91d cadence",2026-08-18
MTCH,Match Group,Communication Services,Interactive Media & Services,37.220001220703125,8543887941.913605,3.3155614973262035,2.49,11.225851564122326,14.947791654900852,0.3315508021390374,229550985.0,2026-11-04,1717039000.0,337383000.0,481866000.0,580580000.0,3551878000.0,edgar,4 quarterly filings,2026-06-30,True,extrapolated,"extrapolated realized TTM growth (not consensus, not guidance)","projected from 8 filings, 91d cadence",2026-08-18
MTD,Mettler Toledo,Health Care,Life Sciences Tools & Services,1417.4200439453125,28400220338.292847,44.44321330401319,40.21,31.89283444132336,35.25043630801573,0.10527762506871907,20036559.0,2026-10-30,1974441000.0,402353000.0,,51383000.0,2044673000.0,edgar,4 quarterly filings,2026-06-30,True,extrapolated,"extrapolated realized TTM growth (not consensus, not guidance)","projected from 8 filings, 91d cadence",2026-08-18
MTDR,Matador Resources,Energy,Oil & Gas Exploration & Production,55.93999862670898,6922810673.089446,4.100693877551021,5.49,13.641593422261735,10.189435086832235,-0.25306122448979584,123754216.0,2026-11-09,1858029000.0,354780000.0,624143000.0,26318000.0,4216410000.0,edgar,4 quarterly filings,2026-06-30,True,extrapolated,"extrapolated realized TTM growth (not consensus, not guidance)","projected from 8 filings, 94d cadence",2026-08-18
MTG,MGIC Investment Corporation,Financials,Reinsurance,31.11000061035156,6381433897.598266,3.62716723549488,3.26,8.576941340314848,9.542944972500479,0.11262798634812277,205124840.0,2026-10-28,592465000.0,347448000.0,,207277000.0,643196000.0,edgar,4 quarterly filings,2026-06-30,True,extrapolated,"extrapolated realized TTM growth (not consensus, not guidance)","projected from 8 filings, 91d cadence",2026-08-18
MTH,Meritage Homes Corporation,Consumer Discretionary,Homebuilding,72.2300033569336,4707524956.175102,3.1458565737051796,5.62,22.96036124490613,12.85231376457893,-0.44023904382470114,65174093.0,2026-11-01,2699315000.0,145939000.0,224522000.0,807267000.0,905055000.0,edgar,4 quarterly filings,2026-06-30,True,extrapolated,"extrapolated realized TTM growth (not consensus, not guidance)","projected from 8 filings, 93d cadence",2026-08-18
MTN,Vail Resorts,Consumer Discretionary,"Hotels, Resorts & Cruise Lines",146.60000610351562,5223875129.089783,23.1030563625799,19.94,6.345481039511472,7.352056474599579,0.15862870424172004,35633526.0,2026-09-08,2560136000.0,337690000.0,629355000.0,371374000.0,3022352000.0,edgar,4 quarterly filings,2026-04-30,True,extrapolated,"extrapolated realized TTM growth (not consensus, not guidance)","projected from 8 filings, 92d cadence",2026-08-18
MTRN,Materion Corp.,Materials,Diversified Metals & Mining,287.7900085449219,5995737895.7725525,7.76256484149856,5.19,37.074087549826395,55.450868698443514,0.49567723342939485,20833725.0,2026-11-06,8955000.0,58132000.0,79886000.0,19987000.0,442332000.0,edgar,4 quarterly filings,2026-07-03,True,extrapolated,"extrapolated realized TTM growth (not consensus, not guidance)","projected from 8 filings, 93d cadence",2026-08-18
MTSI,MACOM Technology Solutions,Information Technology,Semiconductors,327.5299987792969,25013770937.203766,3.0,3.0,109.17666625976562,109.17666625976562,,76370931.0,2026-11-05,902804000.0,195806000.0,171243000.0,89604000.0,492173000.0,edgar,4 quarterly filings,2026-07-03,True,flat,no growth signal; forward EPS held flat at trailing,"projected from 8 filings, 91d cadence",2026-08-18
MTUS,Metallus Inc,Materials,Steel,22.030000686645508,913127754.9809647,0.7392307692307692,0.62,29.801249628136482,35.532259172008885,0.1923076923076923,41449284.0,2026-11-02,649300000.0,14300000.0,5800000.0,108600000.0,0.0,edgar,4 quarterly filings,2026-06-30,True,extrapolated,"extrapolated realized TTM growth (not consensus, not guidance)","projected from 8 filings, 90d cadence",2026-08-18
MTX,Minerals Technologies,Materials,Specialty Chemicals,72.37000274658203,2252788591.4376984,-1.9200000000000004,-1.9200000000000004,-37.6927097638448,-37.6927097638448,,31128762.0,2026-11-01,1095300000.0,-147400000.0,-161600000.0,342200000.0,958900000.0,edgar,4 quarterly filings,2026-07-05,True,flat,no growth signal; forward EPS held flat at trailing,"projected from 8 filings, 93d cadence",2026-08-18
MTZ,MasTec,Industrials,Construction & Engineering,302.4800109863281,24290641553.29651,8.325,5.55,36.33393525361299,54.50090288041948,0.5,80304948.0,2026-10-29,8202355000.0,190957000.0,368004000.0,315641000.0,461200000.0,edgar,4 quarterly filings,2026-06-30,True,extrapolated_clamped,realized TTM growth clamped to +50% before extrapolating (raw rate was distorted),"projected from 8 filings, 91d cadence",2026-08-18
MU,Micron Technology,Information Technology,Semiconductors,1011.75,1142663520524.25,64.53,43.02,15.678754067875406,23.518131101813108,0.5,1129393151.0,2026-09-24,30391000000.0,47268000000.0,55589000000.0,24995000000.0,8844000000.0,edgar,4 quarterly filings,2026-05-28,True,extrapolated_clamped,realized TTM growth clamped to +50% before extrapolating (raw rate was distorted),"projected from 8 filings, 91d cadence",2026-08-18
MUR,Murphy Oil,Energy,Oil & Gas Exploration & Production,34.81999969482422,4992530728.743553,2.11419689119171,2.02,16.469610678122425,17.237623611299117,0.04663212435233155,143381125.0,2026-11-04,1661859000.0,285161000.0,492933000.0,483875000.0,1272426000.0,edgar,4 quarterly filings,2026-06-30,True,extrapolated,"extrapolated realized TTM growth (not consensus, not guidance)","projected from 8 filings, 91d cadence",2026-08-18
MUSA,Murphy USA,Consumer Discretionary,Automotive Retail,586.0599975585938,10771986117.946106,49.005,32.67,11.959187788156182,17.938781682234275,0.5,18380347.0,2026-11-07,21529400000.0,345400000.0,510100000.0,175400000.0,678231000.0,edgar,4 quarterly filings,2026-06-30,True,extrapolated_clamped,realized TTM growth clamped to +50% before extrapolating (raw rate was distorted),"projected from 8 filings, 93d cadence",2026-08-18
MWA,Mueller Water Products,Industrials,Industrial Machinery & Supplies & Components,25.18000030517578,3931244644.865776,1.7593805309734514,1.4100000000000001,14.311855713922153,17.858156244805517,0.24778761061946897,156125679.0,2026-11-06,1098500000.0,169600000.0,217700000.0,154900000.0,451400000.0,edgar,4 quarterly filings,2026-06-30,True,extrapolated,"extrapolated realized TTM growth (not consensus, not guidance)","projected from 8 filings, 92d cadence",2026-08-18
MXL,"MaxLinear, Inc.",Information Technology,Semiconductors,84.76000213623047,7687155062.901558,-1.33,-1.33,-63.72932491445899,-63.72932491445899,,90693191.0,2026-10-22,829666000.0,-43377000.0,-21394000.0,64814000.0,123926000.0,edgar,4 quarterly filings,2026-06-30,True,flat,no growth signal; forward EPS held flat at trailing,"projected from 8 filings, 91d cadence",2026-08-18
MYRG,"MYR Group, Inc.",Industrials,Construction & Engineering,340.7799987792969,5305688995.994568,14.865,9.91,22.924991508866253,34.387487263299384,0.5,15569250.0,2026-10-28,1531169000.0,96651000.0,132667000.0,137872000.0,9372000.0,edgar,4 quarterly filings,2026-06-30,True,extrapolated_clamped,realized TTM growth clamped to +50% before extrapolating (raw rate was distorted),"projected from 8 filings, 91d cadence",2026-08-18
MZTI,The Marzetti Company,Consumer Staples,Packaged Foods & Meats,114.76000213623048,3146948778.5797124,7.125396825396826,6.7,16.105769958971976,17.128358527795594,0.06349206349206349,27422000.0,2026-11-04,1464793000.0,143316000.0,181021000.0,218447000.0,,edgar,4 quarterly filings,2026-03-31,True,extrapolated,"extrapolated realized TTM growth (not consensus, not guidance)","projected from 8 filings, 92d cadence",2026-08-18
NABL,"N-able, Inc.",Information Technology,Systems Software,3.2699999809265137,617722779.896903,-0.005,-0.01,-653.9999961853027,-326.99999809265137,-0.5,188906050.0,2026-11-10,270592000.0,77000.0,27535000.0,115812000.0,392327000.0,edgar,4 quarterly filings,2026-06-30,True,extrapolated_clamped,realized TTM growth clamped to -50% before extrapolating (raw rate was distorted),"projected from 8 filings, 92d cadence",2026-08-18
NATL,NCR Atleos,Financials,Transaction & Payment Processing Services,46.310001373291016,3422167115.0219955,3.87,2.58,11.966408623589409,17.949612935384113,0.5,73896934.0,2026-11-04,2146000000.0,87000000.0,240000000.0,429000000.0,2711000000.0,edgar,4 quarterly filings,2026-06-30,True,extrapolated_clamped,realized TTM growth clamped to +50% before extrapolating (raw rate was distorted),"projected from 8 filings, 91d cadence",2026-08-18
NAVI,Navient,Financials,Consumer Finance,9.15999984741211,859059850.1697235,-0.15499999999999997,-0.30999999999999994,-59.096773209110395,-29.548386604555198,-0.5,93783828.0,2026-11-08,271000000.0,42000000.0,,770000000.0,40123000000.0,edgar,4 quarterly filings,2026-06-30,True,extrapolated_clamped,realized TTM growth clamped to -50% before extrapolating (raw rate was distorted),"projected from 8 filings, 93d cadence",2026-08-18
NBHC,National Bank Holdings Corporation,Financials,Regional Banks,43.209999084472656,1924553785.0928268,2.6975250836120397,2.84,16.018386389428347,15.214788410025584,-0.050167224080267636,44539547.0,2026-11-04,23285000.0,47283000.0,,380696000.0,202003000.0,edgar,4 quarterly filings,2026-06-30,True,extrapolated,"extrapolated realized TTM growth (not consensus, not guidance)","projected from 8 filings, 91d cadence",2026-08-18
NBIX,Neurocrine Biosciences,Health Care,Biotechnology,154.49000549316406,15703782531.065628,9.600000000000001,6.4,16.092708905537922,24.139063358306885,0.5,101649181.0,2026-10-31,167991000.0,342300000.0,344900000.0,332400000.0,,edgar,4 quarterly filings,2026-06-30,True,extrapolated_clamped,realized TTM growth clamped to +50% before extrapolating (raw rate was distorted),"projected from 8 filings, 92d cadence",2026-08-18
NBTB,"NBT Bancorp, Inc.",Financials,Regional Banks,53.290000915527344,2768951698.2608566,4.0541750841750845,3.47,13.14447447608702,15.357348967010761,0.16835016835016847,51960061.0,2026-11-06,182952000.0,104172000.0,,1346106000.0,73724000.0,edgar,4 quarterly filings,2026-06-30,True,extrapolated,"extrapolated realized TTM growth (not consensus, not guidance)","projected from 8 filings, 91d cadence",2026-08-18
NCLH,Norwegian Cruise Line Holdings,Consumer Discretionary,"Hotels, Resorts & Cruise Lines",18.18000030517578,8348035180.41301,2.15168,1.64,8.449211920534552,11.08536603974133,0.31199999999999983,459187846.0,2026-11-02,1293403000.0,327219000.0,596270000.0,218100000.0,1552480000.0,edgar,4 quarterly filings,2026-06-30,True,extrapolated,"extrapolated realized TTM growth (not consensus, not guidance)","projected from 8 filings, 91d cadence",2026-08-18
NDAQ,"Nasdaq, Inc.",Financials,Financial Exchanges & Data,96.68000030517578,54041932495.54636,4.965,3.31,19.47230620446642,29.20845930669963,0.5,558977372.0,2026-10-22,4277000000.0,1026000000.0,1369000000.0,520000000.0,8492000000.0,edgar,4 quarterly filings,2026-06-30,True,extrapolated_clamped,realized TTM growth clamped to +50% before extrapolating (raw rate was distorted),"projected from 8 filings, 91d cadence",2026-08-18
NDSN,Nordson Corporation,Industrials,Industrial Machinery & Supplies & Components,309.8299865722656,17263091080.674194,9.816178010471205,8.66,31.56319967320895,35.77713470811381,0.13350785340314153,55717948.0,2026-11-15,2254668000.0,250698000.0,363608000.0,102017000.0,1879952000.0,edgar,4 quarterly filings,2026-04-30,True,extrapolated,"extrapolated realized TTM growth (not consensus, not guidance)","projected from 8 filings, 89d cadence",2026-08-18
NE,Noble Corporation,Energy,Oil & Gas Drilling,45.18000030517578,7212635457.958939,0.33,0.66,136.909091833866,68.454545916933,-0.5,159642218.0,2026-10-25,1505378000.0,84041000.0,255783000.0,456208000.0,1888430000.0,edgar,4 quarterly filings,2026-06-30,True,extrapolated_clamped,realized TTM growth clamped to -50% before extrapolating (raw rate was distorted),"projected from 8 filings, 89d cadence",2026-08-18
NEE,NextEra Energy,Utilities,Multi-Utilities,86.22000122070312,179798142881.90283,3.8230088495575227,3.6,22.552916985970953,23.950000339084202,0.06194690265486735,2085341456.0,2026-10-24,11506000000.0,2182000000.0,2208000000.0,1998000000.0,93948000000.0,edgar,4 quarterly filings,2026-03-31,True,extrapolated,"extrapolated realized TTM growth (not consensus, not guidance)","projected from 8 filings, 92d cadence",2026-08-18
NEM,Newmont,Materials,Gold,120.33000183105467,126790792898.79816,12.870000000000001,8.58,9.34965049192344,14.02447573788516,0.5,1053692271.0,2026-10-22,6711000000.0,5464000000.0,,9009000000.0,5083000000.0,edgar,4 quarterly filings,2026-06-30,True,extrapolated_clamped,realized TTM growth clamped to +50% before extrapolating (raw rate was distorted),"projected from 8 filings, 91d cadence",2026-08-18
NEO,"NeoGenomics Laboratories, Inc.",Health Care,Health Care Services,16.15999984741211,2104222344.9312592,-0.12000000000000001,-0.24000000000000002,-134.6666653951009,-67.33333269755045,-0.5,130211780.0,2026-10-27,131169000.0,-17106000.0,-18241000.0,146143000.0,341858000.0,edgar,4 quarterly filings,2016-09-30,True,extrapolated_clamped,realized TTM growth clamped to -50% before extrapolating (raw rate was distorted),"projected from 8 filings, 91d cadence",2026-08-18
NEOG,Neogen,Health Care,Health Care Supplies,11.869999885559082,2588324884.9654694,-0.03,-0.03,-395.6666628519694,-395.6666628519694,,218056016.0,2026-10-29,870400000.0,-7900000.0,-21600000.0,185500000.0,793700000.0,edgar,4 quarterly filings,2026-02-28,True,flat,no growth signal; forward EPS held flat at trailing,"projected from 8 filings, 91d cadence",2026-08-18
NEU,NewMarket Corporation,Materials,Specialty Chemicals,951.0599975585938,8746333867.907837,49.431154077339215,49.67,19.240092919347585,19.1475739391704,-0.004808655580043952,9196406.0,2026-10-29,1416811000.0,251819000.0,306894000.0,93599000.0,854833000.0,edgar,4 quarterly filings,2026-06-30,True,extrapolated,"extrapolated realized TTM growth (not consensus, not guidance)","projected from 8 filings, 91d cadence",2026-08-18
NFG,National Fuel Gas,Utilities,Gas Utilities,81.81999969482422,7776589971.174538,11.49,7.66,7.120974734101324,10.681462101151986,0.5,95045099.0,2026-10-29,2047377000.0,567934000.0,832199000.0,1235178000.0,3567401000.0,edgar,4 quarterly filings,2026-06-30,True,extrapolated_clamped,realized TTM growth clamped to +50% before extrapolating (raw rate was distorted),"projected from 8 filings, 91d cadence",2026-08-18
NFLX,Netflix,Communication Services,Movies & Entertainment,76.0199966430664,316542680191.45105,4.581035758323059,8.620000000000001,16.594499727479622,8.81902513260631,-0.46855733662145493,4163939676.0,2026-10-16,24809695000.0,8684205000.0,8149607000.0,9099232000.0,20535734000.0,edgar,4 quarterly filings,2026-06-30,True,extrapolated,"extrapolated realized TTM growth (not consensus, not guidance)","projected from 8 filings, 91d cadence",2026-08-18
NGVT,"Ingevity, Corp.",Materials,Specialty Chemicals,75.79000091552734,2605502739.8539276,-0.17999999999999972,-0.17999999999999972,-421.0555606418192,-421.0555606418192,,34377922.0,2026-10-28,572100000.0,95100000.0,418700000.0,97400000.0,,edgar,4 quarterly filings,2026-06-30,True,flat,no growth signal; forward EPS held flat at trailing,"projected from 8 filings, 90d cadence",2026-08-18
NHC,"National Healthcare, Corp.",Health Care,Health Care Facilities,228.1999969482422,3573930291.2052155,9.485267639902679,8.83,24.05836140967168,25.843714263674087,0.07420924574209264,15661395.0,2026-11-05,789846000.0,76176000.0,81188000.0,39209000.0,40000000.0,edgar,4 quarterly filings,2026-06-30,True,extrapolated,"extrapolated realized TTM growth (not consensus, not guidance)","projected from 8 filings, 91d cadence",2026-08-18
NHI,"National Health Investors, Inc.",Real Estate,Health Care REITs,73.41000366210938,3605197139.787781,4.090206185567009,3.4499999999999997,17.947751367925928,21.2782619310462,0.18556701030927814,49110434.0,2026-11-10,236449000.0,95773000.0,118413000.0,30388000.0,1131925000.0,edgar,4 quarterly filings,2026-06-30,True,extrapolated,"extrapolated realized TTM growth (not consensus, not guidance)","projected from 8 filings, 92d cadence",2026-08-18
NI,NiSource,Utilities,Multi-Utilities,42.369998931884766,20318960924.77455,1.1464651162790698,1.57,36.957076434562154,26.98726046616864,-0.2697674418604651,479560100.0,2026-11-04,3867300000.0,552600000.0,1047300000.0,70000000.0,6427700000.0,edgar,4 quarterly filings,2026-06-30,True,extrapolated,"extrapolated realized TTM growth (not consensus, not guidance)","projected from 8 filings, 91d cadence",2026-08-18
NIC,Nicolet Bankshares,Financials,Regional Banks,177.89999389648438,3728341434.785492,9.122474747474747,8.5,19.501286528168254,20.92941104664522,0.07323232323232332,20957513.0,2026-10-30,,72097000.0,,433015000.0,92750000.0,edgar,4 quarterly filings,2026-06-30,True,extrapolated,"extrapolated realized TTM growth (not consensus, not guidance)","projected from 8 filings, 91d cadence",2026-08-18
NJR,New Jersey Resources,Utilities,Gas Utilities,54.970001220703125,5577693115.482239,2.488126410835215,3.3200000000000003,22.092929435305813,16.557229283344313,-0.2505643340857787,101467946.0,2026-11-03,1340234000.0,351091000.0,512127000.0,33955000.0,379845000.0,edgar,4 quarterly filings,2026-06-30,True,extrapolated,"extrapolated realized TTM growth (not consensus, not guidance)","projected from 8 filings, 91d cadence",2026-08-18
NKE,"Nike, Inc.",Consumer Discretionary,"Apparel, Accessories & Luxury Goods",39.09000015258789,33435693744.526295,1.1122256097560976,1.9100000000000001,35.14574723842227,20.465968666276382,-0.41768292682926833,855351589.0,2026-10-14,46398000000.0,3108000000.0,,7563000000.0,7942000000.0,edgar,4 quarterly filings,2026-02-28,True,extrapolated,"extrapolated realized TTM growth (not consensus, not guidance)","projected from 8 filings, 91d cadence",2026-08-18
NLY,Annaly Capital Management,Financials,Mortgage REITs,23.3700008392334,17614307142.082333,3.93,2.62,5.946565099041577,8.919847648562365,0.5,753714442.0,2026-10-28,,1105325000.0,,1412148000.0,429650000.0,edgar,4 quarterly filings,2026-06-30,True,extrapolated_clamped,realized TTM growth clamped to +50% before extrapolating (raw rate was distorted),"projected from 8 filings, 91d cadence",2026-08-18
NMIH,"NMI Holdings, Inc.",Financials,Commercial & Residential Mortgage Finance,45.560001373291016,3426925394.855999,5.5836422413793105,5.09,8.159548804121888,8.95088435624578,0.09698275862068972,75217851.0,2026-10-31,371366000.0,205118000.0,,16454000.0,396051000.0,edgar,4 quarterly filings,2026-06-30,True,extrapolated,"extrapolated realized TTM growth (not consensus, not guidance)","projected from 8 filings, 92d cadence",2026-08-18
NNN,NNN Reit,Real Estate,Retail REITs,46.15999984741211,8859553394.713593,1.9488288288288291,2.08,23.68602063176194,22.192307618948128,-0.06306306306306297,191931400.0,2026-11-04,484690000.0,191875000.0,298025000.0,4223000.0,200000000.0,edgar,4 quarterly filings,2026-06-30,True,extrapolated,"extrapolated realized TTM growth (not consensus, not guidance)","projected from 8 filings, 91d cadence",2026-08-18
NOC,Northrop Grumman,Industrials,Aerospace & Defense,570.2000122070312,81004339159.3678,38.196939130434785,29.64,14.927898025020122,19.237517280938977,0.288695652173913,142063026.0,2026-10-20,20757000000.0,1969000000.0,2085000000.0,2307000000.0,15696000000.0,edgar,4 quarterly filings,2026-06-30,True,extrapolated,"extrapolated realized TTM growth (not consensus, not guidance)","projected from 8 filings, 91d cadence",2026-08-18
NOG,"Northern Oil and Gas, Inc.",Energy,Oil & Gas Exploration & Production,25.530000686645508,2720199311.00148,-1.7249999999999999,-3.4499999999999997,-14.800000398055367,-7.400000199027684,-0.5,106549128.0,2026-11-08,750264000.0,-286219000.0,-302347000.0,47603000.0,2724814000.0,edgar,4 quarterly filings,2026-06-30,True,extrapolated_clamped,realized TTM growth clamped to -50% before extrapolating (raw rate was distorted),"projected from 8 filings, 93d cadence",2026-08-18
NOV,NOV Inc.,Energy,Oil & Gas Equipment & Services,21.600000381469727,7751991304.90509,0.32,0.64,67.5000011920929,33.75000059604645,-0.5,358888480.0,2026-10-28,2052000000.0,19000000.0,47000000.0,1342000000.0,1715000000.0,edgar,4 quarterly filings,2026-03-31,True,extrapolated_clamped,realized TTM growth clamped to -50% before extrapolating (raw rate was distorted),"projected from 8 filings, 91d cadence",2026-08-18
NOVT,Novanta,Information Technology,Electronic Equipment & Instruments,168.75,6381748687.5,0.7920942408376964,1.23,213.04283164782865,137.1951219512195,-0.3560209424083769,37817770.0,2026-11-04,146965000.0,33640000.0,45600000.0,718650000.0,42500000.0,edgar,4 quarterly filings,2026-07-03,True,extrapolated,"extrapolated realized TTM growth (not consensus, not guidance)","projected from 8 filings, 91d cadence",2026-08-18
NOW,ServiceNow,Information Technology,Systems Software,117.6999969482422,121701796844.48244,2.2647242647058823,3.51,51.97100538132301,33.532762663316866,-0.35477941176470584,1034000000.0,2026-10-22,1220278000.0,767000000.0,665000000.0,2503000000.0,5435000000.0,edgar,4 quarterly filings,2026-06-30,True,extrapolated,"extrapolated realized TTM growth (not consensus, not guidance)","projected from 8 filings, 91d cadence",2026-08-18
NPK,"National Presto Industries, Inc.",Industrials,Aerospace & Defense,144.1699981689453,1028806766.3234711,4.151405082212256,5.27,34.72800059591344,27.356735895435545,-0.21225710014947696,7136067.0,2026-11-15,265245000.0,22488000.0,27446000.0,15792000.0,,edgar,4 quarterly filings,2013-03-31,True,extrapolated,"extrapolated realized TTM growth (not consensus, not guidance)","projected from 8 filings, 93d cadence",2026-08-18
NPO,"EnPro Industries, Inc.",Industrials,Industrial Machinery & Supplies & Components,346.3299865722656,7331002676.496002,5.881620253164558,4.82,58.883432058696,71.85269430959868,0.2202531645569621,21167681.0,2026-11-03,1120300000.0,54500000.0,101200000.0,77000000.0,655300000.0,edgar,4 quarterly filings,2026-06-30,True,extrapolated,"extrapolated realized TTM growth (not consensus, not guidance)","projected from 8 filings, 91d cadence",2026-08-18
NRG,NRG Energy,Utilities,Independent Power Producers & Energy Traders,122.37000274658205,25723457382.07034,1.5290909090909088,2.9,80.02794472130813,42.19655267123519,-0.4727272727272728,210210483.0,2026-11-03,17737000000.0,631000000.0,1304000000.0,162000000.0,23392000000.0,edgar,4 quarterly filings,2026-06-30,True,extrapolated,"extrapolated realized TTM growth (not consensus, not guidance)","projected from 8 filings, 91d cadence",2026-08-18
NSC,Norfolk Southern,Industrials,Rail Transportation,341.1199951171875,76618407101.03943,12.913024054982818,12.26,26.41673969356215,27.82381689373471,0.053264604810996596,224608373.0,2026-10-21,2717000000.0,1281000000.0,2001000000.0,1069000000.0,10237000000.0,edgar,4 quarterly filings,2026-06-30,True,extrapolated,"extrapolated realized TTM growth (not consensus, not guidance)","projected from 8 filings, 90d cadence",2026-08-18
NSIT,"Insight Enterprises, Inc.",Industrials,Technology Distributors,149.30999755859375,4382076721.847534,7.621634782608695,6.62,19.590285000180586,22.55438029586008,0.15130434782608693,29348850.0,2026-11-07,4527483000.0,107578000.0,202649000.0,363482000.0,94500000.0,edgar,4 quarterly filings,2026-06-30,True,extrapolated,"extrapolated realized TTM growth (not consensus, not guidance)","projected from 8 filings, 93d cadence",2026-08-18
NSP,Insperity,Industrials,Human Resource & Employment Services,50.459999084472656,1927333289.231186,0.15499999999999997,0.30999999999999994,325.54838119014624,162.77419059507312,-0.5,38195270.0,2026-10-29,3581000000.0,37000000.0,68000000.0,619000000.0,419000000.0,edgar,4 quarterly filings,2026-06-30,True,extrapolated_clamped,realized TTM growth clamped to -50% before extrapolating (raw rate was distorted),"projected from 8 filings, 91d cadence",2026-08-18
NSSC,Napco Security Technologies,Information Technology,Electronic Equipment & Instruments,38.060001373291016,1359782495.284031,0.7657031250000002,0.9900000000000001,49.70595016611824,38.444445831607084,-0.2265624999999999,35727337.0,2026-11-03,146507000.0,25260000.0,27208000.0,114408000.0,3904000.0,edgar,4 quarterly filings,2026-03-31,True,extrapolated,"extrapolated realized TTM growth (not consensus, not guidance)","projected from 8 filings, 91d cadence",2026-08-18
NTAP,NetApp,Information Technology,"Technology Hardware, Storage & Peripherals",204.1999969482422,40006848495.49983,6.4396324951644095,5.77,31.709883615497965,35.38994747803158,0.11605415860735002,195919927.0,2026-09-03,6237000000.0,1276000000.0,1674000000.0,2070000000.0,2487000000.0,edgar,4 quarterly filings,2026-01-23,True,extrapolated,"extrapolated realized TTM growth (not consensus, not guidance)","projected from 8 filings, 90d cadence",2026-08-18
NTCT,"NETSCOUT Systems, Inc.",Information Technology,Communications Equipment,39.13999938964844,2845764147.3029785,1.3399999999999999,1.3399999999999999,29.20895476839436,29.20895476839436,,72707312.0,2026-11-05,891820000.0,21835000.0,14477000.0,552828000.0,600000000.0,edgar,4 quarterly filings,2026-06-30,True,flat,no growth signal; forward EPS held flat at trailing,"projected from 8 filings, 91d cadence",2026-08-18
NTNX,Nutanix,Information Technology,Systems Software,65.66000366210938,17749245610.88327,1.56,1.04,42.089745937249596,63.1346189058744,0.5,270320509.0,2026-08-27,2096467000.0,237205000.0,203981000.0,718812000.0,,edgar,4 quarterly filings,2026-04-30,True,extrapolated_clamped,realized TTM growth clamped to +50% before extrapolating (raw rate was distorted),"projected from 8 filings, 90d cadence",2026-08-18
NTRS,Northern Trust,Financials,Asset Management & Custody Banks,191.47000122070312,35030519103.24454,9.050044395116537,9.03,21.156802426739652,21.203765362204113,0.002219755826859071,182955653.0,2026-10-29,8086400000.0,1317800000.0,,,1421600000.0,edgar,4 quarterly filings,2026-03-31,True,extrapolated,"extrapolated realized TTM growth (not consensus, not guidance)","projected from 8 filings, 91d cadence",2026-08-18
NTST,NETSTREIT Corp.,Real Estate,Retail REITs,20.43000030517578,2074217030.123886,0.16999999999999998,0.16999999999999998,120.17647238338697,120.17647238338697,,101527998.0,2026-10-21,118346000.0,11972000.0,,,1395590000.0,edgar,4 quarterly filings,2026-06-30,True,flat,no growth signal; forward EPS held flat at trailing,"projected from 8 filings, 91d cadence",2026-08-18
NUE,Nucor,Materials,Steel,272.67999267578125,61864457669.99292,20.25,13.5,13.465678650655864,20.198517975983798,0.5,226875676.0,2026-11-11,23658415000.0,1899000000.0,,2478000000.0,4360600000.0,edgar,4 quarterly filings,2026-07-04,True,extrapolated_clamped,realized TTM growth clamped to +50% before extrapolating (raw rate was distorted),"projected from 8 filings, 91d cadence",2026-08-18
NVDA,Nvidia,Information Technology,Semiconductors,225.00999450683597,5445241867065.431,8.295,5.53,27.12597884350042,40.68896826525062,0.5,24200000000.0,2026-11-14,81615000000.0,58321000000.0,53536000000.0,13237000000.0,8470000000.0,edgar,4 quarterly filings,2026-04-26,True,extrapolated_clamped,realized TTM growth clamped to +50% before extrapolating (raw rate was distorted),"projected from 8 filings, 89d cadence",2026-08-18
NVR,"NVR, Inc.",Consumer Discretionary,Homebuilding,6298.830078125,16785500321.992188,300.2039402720412,372.59000000000003,20.981836788741266,16.90552639127459,-0.19427805289449207,2664860.0,2026-11-04,4207419000.0,434817000.0,,2809782000.0,600115000.0,edgar,4 quarterly filings,2026-06-30,True,extrapolated,"extrapolated realized TTM growth (not consensus, not guidance)","projected from 8 filings, 91d cadence",2026-08-18
NVST,Envista Holdings,Health Care,Health Care Supplies,27.63999938964844,4439473378.726731,0.54,0.54,51.18518405490452,51.18518405490452,,160617709.0,2026-11-05,2566500000.0,92400000.0,142800000.0,1125600000.0,1448300000.0,edgar,4 quarterly filings,2026-07-03,True,flat,no growth signal; forward EPS held flat at trailing,"projected from 8 filings, 92d cadence",2026-08-18
NVT,nVent Electric plc,Industrials,Electrical Components & Equipment,177.2100067138672,28682846456.882706,3.192118226600985,3.6,55.51486321437507,49.225001864963104,-0.11330049261083752,161857939.0,2026-10-30,2713300000.0,358300000.0,496400000.0,185100000.0,1492400000.0,edgar,4 quarterly filings,2026-06-30,True,extrapolated,"extrapolated realized TTM growth (not consensus, not guidance)","projected from 8 filings, 91d cadence",2026-08-18
NWBI,"Northwest Bancshares, Inc.",Financials,Regional Banks,15.6899995803833,2297943562.7233067,1.1039080459770114,0.98,14.21313997806484,16.010203653452347,0.12643678160919536,146459122.0,2026-11-04,,104082000.0,,68789000.0,,edgar,4 quarterly filings,2026-06-30,True,extrapolated,"extrapolated realized TTM growth (not consensus, not guidance)","projected from 8 filings, 91d cadence",2026-08-18
NWE,NorthWestern Energy,Utilities,Multi-Utilities,70.81999969482422,4356694118.226242,2.090708446866485,2.77,33.873685162064525,25.566786893438344,-0.24523160762942775,61517850.0,2026-10-29,890169000.0,88450000.0,178357000.0,4180000.0,3286007000.0,edgar,4 quarterly filings,2026-06-30,True,extrapolated,"extrapolated realized TTM growth (not consensus, not guidance)","projected from 8 filings, 91d cadence",2026-08-18
NWL,Newell Brands,Consumer Discretionary,Housewares & Specialties,6.039999961853027,2572435983.7532043,0.33,0.33,18.303030187433414,18.303030187433414,,425900000.0,2026-10-30,6290300000.0,73000000.0,317000000.0,209000000.0,657200000.0,edgar,4 quarterly filings,2026-06-30,True,flat,no growth signal; forward EPS held flat at trailing,"projected from 8 filings, 91d cadence",2026-08-18
NWN,NW Natural,Utilities,Gas Utilities,50.43000030517578,2122777134.1859283,0.7775080906148867,1.55,64.86106178688581,32.53548406785534,-0.4983818770226538,42093538.0,2026-11-04,733955000.0,98089000.0,196025000.0,24234000.0,2502400000.0,edgar,4 quarterly filings,2026-06-30,True,extrapolated,"extrapolated realized TTM growth (not consensus, not guidance)","projected from 8 filings, 91d cadence",2026-08-18
NWS,News Corp (Class B),Communication Services,Publishing,32.68000030517578,18921720176.696777,3.0150000000000006,2.0100000000000002,10.839137746326957,16.258706619490436,0.5,579000000.0,2026-11-07,9028000000.0,573000000.0,,2095000000.0,1989000000.0,edgar,4 quarterly filings,2026-03-31,True,extrapolated_clamped,realized TTM growth clamped to +50% before extrapolating (raw rate was distorted),"projected from 8 filings, 92d cadence",2026-08-18
NWSA,News Corp (Class A),Communication Services,Publishing,28.700000762939453,16617300441.741943,3.0150000000000006,2.0100000000000002,9.519071563163996,14.278607344745994,0.5,579000000.0,2026-11-07,9028000000.0,573000000.0,,2095000000.0,1989000000.0,edgar,4 quarterly filings,2026-03-31,True,extrapolated_clamped,realized TTM growth clamped to +50% before extrapolating (raw rate was distorted),"projected from 8 filings, 92d cadence",2026-08-18
NX,Quanex Building Products Corporation,Industrials,Building Products,20.739999771118164,952545983.587923,-2.81,-5.62,-7.380782836696856,-3.690391418348428,-0.5,45927965.0,2026-09-04,1837641000.0,-721000.0,21562000.0,63671000.0,142500000.0,edgar,4 quarterly filings,2026-04-30,True,extrapolated_clamped,realized TTM growth clamped to -50% before extrapolating (raw rate was distorted),"projected from 8 filings, 91d cadence",2026-08-18
NXPI,NXP Semiconductors,Information Technology,Semiconductors,232.72000122070312,58755069813.072235,10.354893617021276,10.58,22.474398079586276,21.996219397041884,-0.021276595744680882,252471079.0,2026-10-28,3181000000.0,1122000000.0,1505000000.0,3708000000.0,11040000000.0,edgar,4 quarterly filings,2026-03-29,True,extrapolated,"extrapolated realized TTM growth (not consensus, not guidance)","projected from 8 filings, 92d cadence",2026-08-18
NXRT,"NexPoint Residential Trust, Inc.",Real Estate,Multi-Family Residential REITs,23.96999931335449,612429000.0663356,-0.6000000000000001,-1.2000000000000002,-39.949998855590806,-19.974999427795403,-0.5,25549813.0,2026-11-06,128153000.0,-15365000.0,15574000.0,14626000.0,1622674000.0,edgar,4 quarterly filings,2026-06-30,True,extrapolated_clamped,realized TTM growth clamped to -50% before extrapolating (raw rate was distorted),"projected from 8 filings, 93d cadence",2026-08-18
NXST,Nexstar Media Group,Communication Services,Broadcasting,184.8000030517578,5693374118.819473,11.142445213379471,13.9,16.585228781727032,13.2949642483279,-0.19838523644752015,30808301.0,2026-11-06,3389000000.0,284000000.0,627000000.0,218000000.0,11744000000.0,edgar,4 quarterly filings,2026-06-30,True,extrapolated,"extrapolated realized TTM growth (not consensus, not guidance)","projected from 8 filings, 91d cadence",2026-08-18
NXT,Nextpower,Industrials,Electrical Components & Equipment,99.08999633789062,13529988195.036713,4.694498480243161,3.93,21.107685252197175,25.21373952618082,0.19452887537993924,136542423.0,2026-11-03,935170000.0,165355000.0,190907000.0,1213898000.0,0.0,edgar,4 quarterly filings,2026-07-03,True,extrapolated,"extrapolated realized TTM growth (not consensus, not guidance)","projected from 8 filings, 92d cadence",2026-08-18
NYT,New York Times Company,Communication Services,Publishing,65.2699966430664,10663420431.564331,3.165,2.11,20.62243179875716,30.93364769813574,0.5,163374000.0,2026-11-04,1783639000.0,181340000.0,208635000.0,232657000.0,246000000.0,edgar,4 quarterly filings,2026-06-30,True,extrapolated_clamped,realized TTM growth clamped to +50% before extrapolating (raw rate was distorted),"projected from 8 filings, 91d cadence",2026-08-18
O,Realty Income,Real Estate,Retail REITs,62.400001525878906,59044006703.01414,1.5659223300970873,1.27,39.84872067186762,49.13385946919599,0.23300970873786397,946218033.0,2026-11-05,3096438000.0,1058590000.0,,552648000.0,4675000000.0,edgar,4 quarterly filings,2026-06-30,True,extrapolated,"extrapolated realized TTM growth (not consensus, not guidance)","projected from 8 filings, 91d cadence",2026-08-18
OC,Owens Corning,Industrials,Building Products,153.80999755859375,12158477739.240051,-0.08000000000000007,-0.16000000000000014,-1922.62496948242,-961.31248474121,-0.5,79048683.0,2026-11-04,7961000000.0,121000000.0,602000000.0,271000000.0,5125000000.0,edgar,4 quarterly filings,2026-06-30,True,extrapolated_clamped,realized TTM growth clamped to -50% before extrapolating (raw rate was distorted),"projected from 8 filings, 91d cadence",2026-08-18
ODFL,Old Dominion,Industrials,Cargo Ground Transportation,211.9600067138672,43951310991.28482,5.300900735294118,5.37,39.98565853206958,39.47113719066428,-0.012867647058823373,207356622.0,2026-11-04,,588859000.0,782642000.0,283939000.0,45000000.0,edgar,4 quarterly filings,2026-06-30,True,extrapolated,"extrapolated realized TTM growth (not consensus, not guidance)","projected from 8 filings, 91d cadence",2026-08-18
OFG,OFG Bancorp,Financials,Regional Banks,53.52000045776367,2262049258.2276077,5.95680387409201,4.96,8.984683999844073,10.790322672936224,0.2009685230024214,42265494.0,2026-11-05,,112714000.0,,745706000.0,,edgar,4 quarterly filings,2026-06-30,True,extrapolated,"extrapolated realized TTM growth (not consensus, not guidance)","projected from 8 filings, 91d cadence",2026-08-18
OGE,OGE Energy,Utilities,Multi-Utilities,47.34999847412109,9771823784.447775,1.705328719723183,2.2199999999999998,27.765906904920456,21.328828141495986,-0.2318339100346022,206374321.0,2026-10-28,752600000.0,50200000.0,113100000.0,200000.0,5369200000.0,edgar,4 quarterly filings,2026-03-31,True,extrapolated,"extrapolated realized TTM growth (not consensus, not guidance)","projected from 8 filings, 91d cadence",2026-08-18
OGN,Organon & Co.,Health Care,Pharmaceuticals,13.699999809265137,3597749182.0112257,1.387160493827161,2.12,9.876290357337805,6.462264060974121,-0.3456790123456789,262609433.0,2026-10-29,3018000000.0,254000000.0,,1132000000.0,8553000000.0,edgar,4 quarterly filings,2026-06-30,True,extrapolated,"extrapolated realized TTM growth (not consensus, not guidance)","projected from 8 filings, 90d cadence",2026-08-18
OGS,One Gas,Utilities,Gas Utilities,79.9800033569336,5027244685.604324,3.090659340659341,3.75,25.877974419487845,21.328000895182292,-0.17582417582417575,62856270.0,2026-11-04,2578005000.0,175481000.0,272263000.0,7858000.0,2622125000.0,edgar,4 quarterly filings,2026-06-30,True,extrapolated,"extrapolated realized TTM growth (not consensus, not guidance)","projected from 8 filings, 91d cadence",2026-08-18
OHI,Omega Healthcare Investors,Real Estate,Health Care REITs,46.56999969482422,14111315317.527771,4.0649999999999995,2.71,11.456334488271642,17.184501732407462,0.5,303013000.0,2026-10-29,651201000.0,513872000.0,663375000.0,39036000.0,4256011000.0,edgar,4 quarterly filings,2026-06-30,True,extrapolated_clamped,realized TTM growth clamped to +50% before extrapolating (raw rate was distorted),"projected from 8 filings, 91d cadence",2026-08-18
OI,"O-I Glass, Inc.",Materials,"Metal, Glass & Plastic Containers",6.619999885559082,1017227507.5550375,-3.325,-6.65,-1.9909774091907013,-0.9954887045953507,-0.5,153659747.0,2026-10-28,3207000000.0,-1046000000.0,-880000000.0,339000000.0,3668000000.0,edgar,4 quarterly filings,2026-06-30,True,extrapolated_clamped,realized TTM growth clamped to -50% before extrapolating (raw rate was distorted),"projected from 8 filings, 91d cadence",2026-08-18
OII,"Oceaneering International, Inc.",Energy,Oil & Gas Equipment & Services,54.11000061035156,5385549151.698074,3.3899999999999997,2.26,15.96165209744884,23.94247814617326,0.5,99529645.0,2026-10-22,1460613000.0,101122000.0,146025000.0,688874000.0,487417000.0,edgar,4 quarterly filings,2026-06-30,True,extrapolated_clamped,realized TTM growth clamped to +50% before extrapolating (raw rate was distorted),"projected from 8 filings, 91d cadence",2026-08-18
OKE,Oneok,Energy,Oil & Gas Storage & Transportation,95.31999969482422,60086836466.066444,6.7345043103448265,5.59,14.153974116313774,17.051878299610774,0.20474137931034475,630369667.0,2026-11-03,8253000000.0,1740000000.0,3021000000.0,161000000.0,31500000000.0,edgar,4 quarterly filings,2026-06-30,True,extrapolated,"extrapolated realized TTM growth (not consensus, not guidance)","projected from 8 filings, 91d cadence",2026-08-18
OKTA,"Okta, Inc.",Information Technology,Application Software,143.24000549316406,25453605736.12976,1.38,1.38,103.79710542982905,103.79710542982905,,177699000.0,2026-08-29,765000000.0,74000000.0,56000000.0,762000000.0,,edgar,4 quarterly filings,2026-04-30,True,flat,no growth signal; forward EPS held flat at trailing,"projected from 8 filings, 92d cadence",2026-08-18
OLED,Universal Display,Information Technology,Semiconductors,86.63999938964844,3982566556.3440704,3.417162698412699,4.15,25.354367654163337,20.87710828666227,-0.17658730158730152,45966835.0,2026-10-29,294368000.0,85317000.0,96399000.0,120563000.0,,edgar,4 quarterly filings,2026-06-30,True,extrapolated,"extrapolated realized TTM growth (not consensus, not guidance)","projected from 8 filings, 91d cadence",2026-08-18
OLLI,Ollie's Bargain Outlet,Consumer Discretionary,Broadline Retail,74.93000030517578,4529765188.008881,4.4733460076045635,3.43,16.750325187856443,21.845481138535213,0.3041825095057036,60453292.0,2026-09-02,658928000.0,56400000.0,69557000.0,197673000.0,197224000.0,edgar,4 quarterly filings,2026-05-02,True,extrapolated,"extrapolated realized TTM growth (not consensus, not guidance)","projected from 8 filings, 91d cadence",2026-08-18
OLN,Olin Corporation,Materials,Diversified Chemicals,19.01000022888184,2166807160.988522,-0.245,-0.49,-77.59183766890547,-38.795918834452735,-0.5,113982490.0,2026-10-31,3324900000.0,-96300000.0,-31800000.0,167600000.0,3029100000.0,edgar,4 quarterly filings,2026-06-30,True,extrapolated_clamped,realized TTM growth clamped to -50% before extrapolating (raw rate was distorted),"projected from 8 filings, 92d cadence",2026-08-18
OMC,Omnicom Group,Communication Services,Advertising,85.45999908447266,24356629249.229034,4.870865248226951,5.86,17.54513720443838,14.583617591206938,-0.16879432624113466,285006196.0,2026-10-31,6242900000.0,405200000.0,646200000.0,5316800000.0,9272900000.0,edgar,4 quarterly filings,2026-03-31,True,extrapolated,"extrapolated realized TTM growth (not consensus, not guidance)","projected from 8 filings, 94d cadence",2026-08-18
OMCL,Omnicell,Health Care,Health Care Technology,36.02999877929688,1643504214.8377688,1.01,1.01,35.67326611811573,35.67326611811573,,45614884.0,2026-11-04,648735000.0,35647000.0,49303000.0,292165000.0,0.0,edgar,4 quarterly filings,2026-06-30,True,flat,no growth signal; forward EPS held flat at trailing,"projected from 8 filings, 91d cadence",2026-08-18
ON,ON Semiconductor,Information Technology,Semiconductors,83.37999725341797,32460810227.703423,1.444,1.52,57.74238036940303,54.85526135093287,-0.050000000000000044,389311721.0,2026-11-02,1446300000.0,193400000.0,205200000.0,3514500000.0,4504900000.0,edgar,4 quarterly filings,2026-07-03,True,extrapolated,"extrapolated realized TTM growth (not consensus, not guidance)","projected from 8 filings, 91d cadence",2026-08-18
ONB,Old National Bank,Financials,Regional Banks,27.06999969482422,10459116992.088318,1.9699411764705885,1.83,13.741526913673495,14.792349560013234,0.07647058823529429,386373000.0,2026-10-28,125616000.0,233672000.0,,1754148000.0,248782000.0,edgar,4 quarterly filings,2026-03-31,True,extrapolated,"extrapolated realized TTM growth (not consensus, not guidance)","projected from 8 filings, 91d cadence",2026-08-18
ONTO,Onto Innovation,Information Technology,Semiconductor Materials & Equipment,351.1600036621094,17232912756.23526,2.251050228310502,3.1399999999999997,155.9982977037648,111.83439607073548,-0.2831050228310503,49074247.0,2026-11-05,635078000.0,93852000.0,97064000.0,1253205000.0,0.0,edgar,4 quarterly filings,2026-06-30,True,extrapolated,"extrapolated realized TTM growth (not consensus, not guidance)","projected from 8 filings, 91d cadence",2026-08-18
OPCH,Option Care Health,Health Care,Health Care Facilities,23.3700008392334,3669732900.262726,1.2203389830508473,1.2,19.150417354371815,19.475000699361168,0.016949152542372836,157027504.0,2026-10-28,1350654000.0,45343000.0,72545000.0,177321000.0,1159820000.0,edgar,4 quarterly filings,2026-03-31,True,extrapolated,"extrapolated realized TTM growth (not consensus, not guidance)","projected from 8 filings, 91d cadence",2026-08-18
OPLN,"OPENLANE, Inc.",Industrials,Diversified Support Services,35.09000015258789,4308962714.687405,1.605,1.07,21.862928443979996,32.79439266596999,0.5,122797455.0,2026-11-03,1082500000.0,93200000.0,141300000.0,189700000.0,550000000.0,edgar,4 quarterly filings,2026-06-30,True,extrapolated_clamped,realized TTM growth clamped to +50% before extrapolating (raw rate was distorted),"projected from 8 filings, 91d cadence",2026-08-18
ORA,Ormat Technologies,Utilities,Renewable Electricity,113.91000366210938,7005116774.518524,1.9507881773399014,1.99,58.39178491302796,57.24120787040672,-0.019704433497537033,61496941.0,2026-11-05,179382000.0,71154000.0,114453000.0,513747000.0,2660570000.0,edgar,4 quarterly filings,2026-06-30,True,extrapolated,"extrapolated realized TTM growth (not consensus, not guidance)","projected from 8 filings, 91d cadence",2026-08-18
ORCL,Oracle Corporation,Information Technology,Application Software,146.64999389648438,422421054569.00024,7.5348837209302335,5.4,19.462807831940825,27.157406277126736,0.39534883720930236,2880471000.0,2026-09-22,67357000000.0,17087000000.0,20606000000.0,31289000000.0,,edgar,4 quarterly filings,2026-02-28,True,extrapolated,"extrapolated realized TTM growth (not consensus, not guidance)","projected from 8 filings, 92d cadence",2026-08-18
ORI,Old Republic International,Financials,Property & Casualty Insurance,42.5099983215332,10263313108.982857,5.890538243626064,4.5600000000000005,7.216657725214112,9.322368052967807,0.2917847025495752,241432922.0,2026-10-30,4903300000.0,652400000.0,,,,edgar,4 quarterly filings,2026-06-30,True,extrapolated,"extrapolated realized TTM growth (not consensus, not guidance)","projected from 8 filings, 91d cadence",2026-08-18
ORLY,O'Reilly Automotive,Consumer Discretionary,Automotive Retail,90.2300033569336,72992534977.78766,1.605,3.21,56.21807062737295,28.109035313686476,-0.5,808960792.0,2026-11-06,9452552000.0,1319245000.0,1827354000.0,262181000.0,4124168000.0,edgar,4 quarterly filings,2026-06-30,True,extrapolated_clamped,realized TTM growth clamped to -50% before extrapolating (raw rate was distorted),"projected from 8 filings, 91d cadence",2026-08-18
OSIS,"OSI Systems, Inc.",Information Technology,Electronic Equipment & Instruments,229.8699951171875,3788921843.8171387,9.335474452554744,8.76,24.623279329341567,26.24086702250999,0.06569343065693412,16482890.0,2026-11-04,1089286000.0,99471000.0,145082000.0,345236000.0,1002539000.0,edgar,4 quarterly filings,2026-03-31,True,extrapolated,"extrapolated realized TTM growth (not consensus, not guidance)","projected from 8 filings, 92d cadence",2026-08-18
OSK,Oshkosh,Industrials,Construction Machinery & Heavy Transportation Equipment,153.97000122070312,9600231122.842438,2.551309192200556,4.279999999999999,60.34940872372308,35.974299350631576,-0.4038997214484681,62351309.0,2026-10-26,3793600000.0,229500000.0,82000000.0,250300000.0,602300000.0,edgar,4 quarterly filings,2022-12-31,True,extrapolated,"extrapolated realized TTM growth (not consensus, not guidance)","projected from 8 filings, 90d cadence",2026-08-18
OSW,OneSpaWorld Holdings Limited,Consumer Discretionary,Leisure Facilities,26.725000381469727,2712553116.918686,1.0416901408450703,0.86,25.655422215851146,31.075581838918286,0.21126760563380276,101498712.0,2026-10-29,508877000.0,44545000.0,47377000.0,40360000.0,83967000.0,edgar,4 quarterly filings,2026-06-30,True,extrapolated,"extrapolated realized TTM growth (not consensus, not guidance)","projected from 8 filings, 91d cadence",2026-08-18
OTIS,Otis Worldwide,Industrials,Industrial Machinery & Supplies & Components,70.55999755859375,26860027630.471497,4.032610966057442,3.93,17.497348033940913,17.954197852059476,0.026109660574412663,380669339.0,2026-10-22,2966000000.0,768000000.0,1114000000.0,813000000.0,8226000000.0,edgar,4 quarterly filings,2026-06-30,True,extrapolated,"extrapolated realized TTM growth (not consensus, not guidance)","projected from 8 filings, 91d cadence",2026-08-18
OTTR,Otter Tail Corporation,Utilities,Electric Utilities,92.62999725341795,3889124160.08316,3.693938584779706,5.26,25.076214757626268,17.61026563753193,-0.2977303070761015,41985580.0,2026-11-04,677597000.0,65003000.0,61035000.0,278383000.0,1132889000.0,edgar,4 quarterly filings,2026-06-30,True,extrapolated,"extrapolated realized TTM growth (not consensus, not guidance)","projected from 8 filings, 91d cadence",2026-08-18
OUT,Outfront Media,Real Estate,Other Specialized REITs,29.780000686645508,5245307895.722479,0.577516339869281,0.94,51.56564175030289,31.680851794303734,-0.3856209150326798,176135251.0,2026-11-05,952100000.0,96600000.0,172000000.0,31200000.0,400000.0,edgar,4 quarterly filings,2026-06-30,True,extrapolated,"extrapolated realized TTM growth (not consensus, not guidance)","projected from 8 filings, 91d cadence",2026-08-18
OVV,Ovintiv,Energy,Oil & Gas Exploration & Production,63.84999847412109,17590903162.614895,0.51,1.02,125.19607543945311,62.598037719726555,-0.5,275503580.0,2026-10-22,5545000000.0,-174000000.0,240000000.0,700000000.0,3695000000.0,edgar,4 quarterly filings,2026-06-30,True,extrapolated_clamped,realized TTM growth clamped to -50% before extrapolating (raw rate was distorted),"projected from 8 filings, 91d cadence",2026-08-18
OXY,Occidental Petroleum,Energy,Oil & Gas Exploration & Production,59.040000915527344,59018591299.03535,10.185,6.79,5.796760030979612,8.695140046469417,0.5,999637371.0,2026-11-04,13295000000.0,888000000.0,,4150000000.0,12800000000.0,edgar,4 quarterly filings,2026-06-30,True,extrapolated_clamped,realized TTM growth clamped to +50% before extrapolating (raw rate was distorted),"projected from 8 filings, 91d cadence",2026-08-18
OZK,Bank OZK,Financials,Regional Banks,51.11000061035156,,,,,,,,,,,,,,edgar,no XBRL,,False,flat,no growth signal; forward EPS held flat at trailing,no filing history,2026-08-18
P,Everpure,Information Technology,"Technology Hardware, Storage & Peripherals",116.98999786376952,38888052284.58645,0.2792307692307692,0.33,418.9724441402214,354.5151450417258,-0.15384615384615385,332404932.0,2026-09-03,1052896000.0,24078000.0,19939000.0,837794000.0,0.0,edgar,4 quarterly filings,2026-05-03,True,extrapolated,"extrapolated realized TTM growth (not consensus, not guidance)","projected from 8 filings, 90d cadence",2026-08-18
PAG,Penske Automotive Group,Consumer Discretionary,Automotive Retail,217.9499969482422,14311222969.962814,12.46462146148782,13.76,17.485488638515537,15.839389313098996,-0.09414088215931538,65662873.0,2026-10-29,5881400000.0,494900000.0,626600000.0,69500000.0,2496000000.0,edgar,4 quarterly filings,2026-06-30,True,extrapolated,"extrapolated realized TTM growth (not consensus, not guidance)","projected from 8 filings, 91d cadence",2026-08-18
PAHC,Phibro Animal Health,Health Care,Pharmaceuticals,34.630001068115234,2386353373.603821,3.63,2.42,9.539945197827889,14.309917796741832,0.5,68910000.0,2026-11-04,686996000.0,78010000.0,146239000.0,54929000.0,620516000.0,edgar,4 quarterly filings,2026-03-31,True,extrapolated_clamped,realized TTM growth clamped to +50% before extrapolating (raw rate was distorted),"projected from 8 filings, 91d cadence",2026-08-18
PANW,Palo Alto Networks,Information Technology,Systems Software,375.760009765625,306244407958.9844,0.615,1.23,610.9918857977642,305.4959428988821,-0.5,815000000.0,2026-09-05,2273100000.0,589000000.0,523000000.0,2364000000.0,1991500000.0,edgar,4 quarterly filings,2026-04-30,True,extrapolated_clamped,realized TTM growth clamped to -50% before extrapolating (raw rate was distorted),"projected from 8 filings, 94d cadence",2026-08-18
PARR,"Par Pacific Holdings, Inc.",Energy,Oil & Gas Refining & Marketing,82.06999969482422,4111676372.600807,16.78,16.78,4.890941578952575,4.890941578952575,,50099627.0,2026-11-04,765439000.0,516581000.0,699875000.0,184997000.0,739198000.0,edgar,4 quarterly filings,2026-06-30,True,flat,no growth signal; forward EPS held flat at trailing,"projected from 8 filings, 91d cadence",2026-08-18
PATH,UiPath,Information Technology,Systems Software,15.989999771118164,8439809699.192047,0.37,0.37,43.21621559761666,43.21621559761666,,527818000.0,2026-09-04,418382000.0,22525000.0,27987000.0,632195000.0,,edgar,4 quarterly filings,2026-04-30,True,flat,no growth signal; forward EPS held flat at trailing,"projected from 8 filings, 92d cadence",2026-08-18
PATK,"Patrick Industries, Inc.",Consumer Discretionary,Automotive Parts & Equipment,84.77999877929688,2722986382.713135,3.933991683991683,4.35,21.550629891844,19.489654891792387,-0.09563409563409575,32118264.0,2026-11-05,29000000.0,82901000.0,141757000.0,29160000.0,1300889000.0,edgar,4 quarterly filings,2026-06-28,True,extrapolated,"extrapolated realized TTM growth (not consensus, not guidance)","projected from 8 filings, 91d cadence",2026-08-18
PAYC,Paycom,Industrials,Human Resource & Employment Services,214.19000244140625,9653890183.648132,8.500683760683762,8.92,25.196796924977907,24.012332112265273,-0.04700854700854695,45071619.0,2026-11-05,150332000.0,263100000.0,378700000.0,198000000.0,29000000.0,edgar,4 quarterly filings,2026-06-30,True,extrapolated,"extrapolated realized TTM growth (not consensus, not guidance)","projected from 8 filings, 91d cadence",2026-08-18
PAYO,Payoneer Global Inc.,Financials,Transaction & Payment Processing Services,7.130000114440918,2416006499.4584007,0.07,0.14,101.8571444920131,50.92857224600655,-0.5,338850836.0,2026-11-05,535853000.0,17132000.0,46954000.0,346320000.0,14429000.0,edgar,4 quarterly filings,2026-06-30,True,extrapolated_clamped,realized TTM growth clamped to -50% before extrapolating (raw rate was distorted),"projected from 8 filings, 91d cadence",2026-08-18
PAYX,Paychex,Industrials,Human Resource & Employment Services,118.54000091552734,42162646550.037384,5.548640167364018,5.15,21.363793170938656,23.01747590592764,0.07740585774058606,355682860.0,2026-10-18,6512000000.0,1760100000.0,2510500000.0,1088200000.0,4556100000.0,edgar,4 quarterly filings,2026-02-28,True,extrapolated,"extrapolated realized TTM growth (not consensus, not guidance)","projected from 8 filings, 93d cadence",2026-08-18
PB,Prosperity Bancshares,Financials,Regional Banks,74.4800033569336,8950766307.50544,6.420948616600788,5.699999999999999,11.599532686552296,13.066667255602386,0.1264822134387349,120176771.0,2026-11-05,,284850000.0,,275479000.0,,edgar,4 quarterly filings,2026-06-30,True,extrapolated,"extrapolated realized TTM growth (not consensus, not guidance)","projected from 8 filings, 91d cadence",2026-08-18
PBF,PBF Energy,Energy,Oil & Gas Refining & Marketing,75.06999969482422,9053724151.324654,10.59,10.59,7.0887629551297655,7.0887629551297655,,120603759.0,2026-10-29,24508200000.0,1104700000.0,1571700000.0,894100000.0,2217114000.0,edgar,4 quarterly filings,2026-06-30,True,flat,no growth signal; forward EPS held flat at trailing,"projected from 8 filings, 91d cadence",2026-08-18
PBH,Prestige Consumer Healthcare,Health Care,Pharmaceuticals,50.040000915527344,2370621124.2526703,2.641862068965517,3.3899999999999997,18.941186030624863,14.76106221696972,-0.2206896551724138,47374522.0,2026-11-05,975777000.0,29177000.0,52520000.0,89127000.0,993953000.0,edgar,4 quarterly filings,2026-06-30,True,extrapolated,"extrapolated realized TTM growth (not consensus, not guidance)","projected from 8 filings, 91d cadence",2026-08-18
PBI,"Pitney Bowes, Inc.",Industrials,Office Services & Supplies,16.020000457763672,2196185258.994919,1.22,1.22,13.131147916199732,13.131147916199732,,137090212.0,2026-10-29,928911000.0,108046000.0,,266833000.0,2033894000.0,edgar,4 quarterly filings,2026-06-30,True,flat,no growth signal; forward EPS held flat at trailing,"projected from 8 filings, 91d cadence",2026-08-18
PCAR,Paccar,Industrials,Construction Machinery & Heavy Transportation Equipment,130.83999633789062,68869588522.91397,3.565173370319002,5.07,36.69947650433152,25.80670539208888,-0.29680998613037446,526364953.0,2026-10-28,14323200000.0,1357300000.0,,3219400000.0,,edgar,4 quarterly filings,2026-06-30,True,extrapolated,"extrapolated realized TTM growth (not consensus, not guidance)","projected from 8 filings, 91d cadence",2026-08-18
PCG,PG&E Corporation,Utilities,Multi-Utilities,17.5,46901933680.0,1.5653982300884957,1.33,11.179263949347051,13.157894736842104,0.17699115044247793,2680110496.0,2026-10-20,12783000000.0,-564000000.0,2733000000.0,972000000.0,57387000000.0,edgar,4 quarterly filings,2026-06-30,True,extrapolated,"extrapolated realized TTM growth (not consensus, not guidance)","projected from 8 filings, 89d cadence",2026-08-18
PCRX,"Pacira BioSciences, Inc.",Health Care,Pharmaceuticals,23.239999771118164,926390221.5163383,0.2,0.2,116.19999885559082,116.19999885559082,,39861886.0,2026-11-03,541533000.0,7569000.0,11169000.0,205875000.0,363124000.0,edgar,4 quarterly filings,2026-06-30,True,flat,no growth signal; forward EPS held flat at trailing,"projected from 8 filings, 91d cadence",2026-08-18
PCTY,Paylocity,Industrials,Human Resource & Employment Services,145.47000122070312,7718196472.376801,7.976711590296494,5.4399999999999995,18.23683852349186,26.74080904792337,0.46630727762803215,53056963.0,2026-11-04,1771326000.0,269741000.0,385993000.0,271917000.0,81250000.0,edgar,4 quarterly filings,2026-03-31,True,extrapolated,"extrapolated realized TTM growth (not consensus, not guidance)","projected from 8 filings, 91d cadence",2026-08-18
PDFS,"PDF Solutions, Inc.",Information Technology,Semiconductor Materials & Equipment,52.79999923706055,2229596972.583191,0.42000000000000004,0.28,125.7142838977632,188.5714258466448,0.5,42227216.0,2026-11-05,22367000.0,9062000.0,11377000.0,114883000.0,66517000.0,edgar,4 quarterly filings,2026-06-30,True,extrapolated_clamped,realized TTM growth clamped to +50% before extrapolating (raw rate was distorted),"projected from 8 filings, 91d cadence",2026-08-18
PEB,Pebblebrook Hotel Trust,Real Estate,Hotel & Resort REITs,18.13999938964844,2046966799.3662724,-0.4,-0.4,-45.3499984741211,-45.3499984741211,,112842716.0,2026-10-28,752798000.0,4305000.0,65292000.0,261010000.0,2080700000.0,edgar,4 quarterly filings,2026-06-30,True,flat,no growth signal; forward EPS held flat at trailing,"projected from 8 filings, 91d cadence",2026-08-18
PECO,Phillips Edison & Company,Real Estate,Retail REITs,39.95000076293945,5141565098.190308,1.305,0.87,30.613027404551307,45.919541106826955,0.5,128700000.0,2026-10-23,380360000.0,71495000.0,12991000.0,7132000.0,2450755000.0,edgar,4 quarterly filings,2026-06-30,True,extrapolated_clamped,realized TTM growth clamped to +50% before extrapolating (raw rate was distorted),"projected from 8 filings, 91d cadence",2026-08-18
PEG,Public Service Enterprise Group,Utilities,Electric Utilities,75.61000061035156,37685538772.511444,5.010506024096384,4.56,15.090292327108298,16.58114048472622,0.09879518072289128,498420030.0,2026-11-03,6402000000.0,1075000000.0,1536000000.0,192000000.0,23591000000.0,edgar,4 quarterly filings,2026-06-30,True,extrapolated,"extrapolated realized TTM growth (not consensus, not guidance)","projected from 8 filings, 91d cadence",2026-08-18
PEGA,Pegasystems,Information Technology,Application Software,31.8799991607666,5241229508.625879,1.0050000000000001,0.67,31.72139219976776,47.582088299651645,0.5,164404945.0,2026-10-20,635224000.0,46098000.0,53785000.0,185110000.0,,edgar,4 quarterly filings,2026-06-30,True,extrapolated_clamped,realized TTM growth clamped to +50% before extrapolating (raw rate was distorted),"projected from 8 filings, 91d cadence",2026-08-18
PEN,"Penumbra, Inc.",Health Care,Health Care Equipment,327.1700134277344,12887037724.650696,6.029999999999999,4.02,54.25705031969061,81.38557547953592,0.5,39389422.0,2026-10-30,764804000.0,67395000.0,79273000.0,205271000.0,,edgar,4 quarterly filings,2026-06-30,True,extrapolated_clamped,realized TTM growth clamped to +50% before extrapolating (raw rate was distorted),"projected from 8 filings, 92d cadence",2026-08-18
PENG,"Penguin Solutions, Inc.",Information Technology,Semiconductors,63.08000183105469,3232389546.748184,1.935,1.29,32.59948415041586,48.899226225623785,0.5,51242699.0,2026-10-06,1164783000.0,87411000.0,96134000.0,440301000.0,443164000.0,edgar,4 quarterly filings,2026-05-29,True,extrapolated_clamped,realized TTM growth clamped to +50% before extrapolating (raw rate was distorted),"projected from 8 filings, 91d cadence",2026-08-18
PENN,Penn Entertainment,Consumer Discretionary,Casinos & Gaming,18.649999618530277,2500341871.0076547,-5.930000000000001,-5.930000000000001,-3.145025230780822,-3.145025230780822,,134066591.0,2026-11-05,4909100000.0,30800000.0,228700000.0,887200000.0,2814700000.0,edgar,4 quarterly filings,2026-06-30,True,flat,no growth signal; forward EPS held flat at trailing,"projected from 8 filings, 91d cadence",2026-08-18
PEP,PepsiCo,Consumer Staples,Soft Drinks & Non-alcoholic Beverages,138.24000549316406,188682616475.49326,6.260808926080893,6.7,22.08021473348154,20.632836640770755,-0.06555090655509066,1364891558.0,2026-10-06,43624000000.0,5308000000.0,7236000000.0,10251000000.0,46351000000.0,edgar,4 quarterly filings,2026-06-13,True,extrapolated,"extrapolated realized TTM growth (not consensus, not guidance)","projected from 8 filings, 89d cadence",2026-08-18
PFBC,Preferred Bank,Financials,Regional Banks,107.47000122070312,,,,,,,,,,,,,,edgar,no XBRL,,False,flat,no growth signal; forward EPS held flat at trailing,no filing history,2026-08-18
PFE,Pfizer,Health Care,Pharmaceuticals,26.8700008392334,153150234119.78644,1.3083870967741937,1.56,20.536736341623158,17.2243595123291,-0.16129032258064513,5699673589.0,2026-11-03,29484000000.0,2440000000.0,,976000000.0,4000000000.0,edgar,4 quarterly filings,2026-06-28,True,extrapolated,"extrapolated realized TTM growth (not consensus, not guidance)","projected from 8 filings, 91d cadence",2026-08-18
PFG,Principal Financial Group,Financials,Life & Health Insurance,112.97000122070312,24402919284.166992,3.0298218829516537,4.88,37.28602062595432,23.14959041407851,-0.3791348600508906,216012384.0,2026-10-28,3529100000.0,424600000.0,,4054000000.0,3927700000.0,edgar,4 quarterly filings,2026-03-31,True,extrapolated,"extrapolated realized TTM growth (not consensus, not guidance)","projected from 8 filings, 91d cadence",2026-08-18
PFGC,Performance Food Group,Consumer Staples,Food Distributors,104.68000030517578,16490557837.835266,1.4284408602150536,1.63,73.28269809463171,64.22085908292993,-0.12365591397849462,157533032.0,2026-11-11,13844400000.0,359300000.0,887500000.0,,5006800000.0,edgar,4 quarterly filings,2026-03-28,True,extrapolated,"extrapolated realized TTM growth (not consensus, not guidance)","projected from 8 filings, 91d cadence",2026-08-18
PFS,"Provident Financial Services, Inc.",Financials,Regional Banks,24.56999969482422,3204483684.4581757,3.465,2.31,7.090909002835272,10.636363504252909,0.5,130422618.0,2026-11-06,40255000.0,157565000.0,,228293000.0,,edgar,4 quarterly filings,2026-06-30,True,extrapolated_clamped,realized TTM growth clamped to +50% before extrapolating (raw rate was distorted),"projected from 8 filings, 91d cadence",2026-08-18
PG,Procter & Gamble,Consumer Staples,Personal Care Products,143.1199951171875,332672848197.4292,7.4274570982839325,6.9,19.2690436610202,20.742028277853258,0.07644305772230897,2324433060.0,2026-11-03,87032000000.0,16046000000.0,19748000000.0,9304000000.0,23129000000.0,edgar,4 quarterly filings,2026-03-31,True,extrapolated,"extrapolated realized TTM growth (not consensus, not guidance)","projected from 8 filings, 91d cadence",2026-08-18
PGNY,"Progyny, Inc.",Health Care,Health Care Services,25.32999992370605,1943489787.4862096,1.3800000000000001,0.92,18.355072408482645,27.53260861272397,0.5,76726798.0,2026-11-06,679015000.0,52284000.0,75382000.0,152632000.0,,edgar,4 quarterly filings,2026-06-30,True,extrapolated_clamped,realized TTM growth clamped to +50% before extrapolating (raw rate was distorted),"projected from 8 filings, 91d cadence",2026-08-18
PGR,Progressive Corporation,Financials,Property & Casualty Insurance,203.83999633789065,118506819467.753,27.974417344173443,20.32,7.28665744240592,10.031495882770209,0.3766937669376693,581371770.0,2026-11-02,45797000000.0,6129000000.0,,,2664100000.0,edgar,4 quarterly filings,2026-06-30,True,extrapolated,"extrapolated realized TTM growth (not consensus, not guidance)","projected from 8 filings, 91d cadence",2026-08-18
PH,Parker Hannifin,Industrials,Industrial Machinery & Supplies & Components,1053.760009765625,132864794503.9524,31.923969204448248,27.32,33.00842708552655,38.57101060635524,0.16852010265183925,126086389.0,2026-10-28,14302392000.0,2844215000.0,3594000000.0,476000000.0,7501000000.0,edgar,4 quarterly filings,2026-03-31,True,extrapolated,"extrapolated realized TTM growth (not consensus, not guidance)","projected from 8 filings, 90d cadence",2026-08-18
PHIN,"PHINIA, Inc.",Consumer Discretionary,Automotive Retail,74.5999984741211,2733201308.8947144,5.22,3.48,14.291187447149635,21.43678117072445,0.5,36638088.0,2026-10-31,882000000.0,77000000.0,149000000.0,370000000.0,969000000.0,edgar,4 quarterly filings,2026-06-30,True,extrapolated_clamped,realized TTM growth clamped to +50% before extrapolating (raw rate was distorted),"projected from 8 filings, 93d cadence",2026-08-18
PHM,PulteGroup,Consumer Discretionary,Homebuilding,128.49000549316406,24085777894.307556,8.19203112840467,10.26,15.684755523894893,12.523392348261606,-0.20155642023346299,187452540.0,2026-10-21,13025156000.0,818998000.0,,1335709000.0,43900000.0,edgar,4 quarterly filings,2026-06-30,True,extrapolated,"extrapolated realized TTM growth (not consensus, not guidance)","projected from 8 filings, 91d cadence",2026-08-18
PI,"Impinj, Inc.",Information Technology,Electronic Equipment & Instruments,171.7100067138672,5246498461.368271,-0.24499999999999997,-0.48999999999999994,-700.8571702606824,-350.4285851303412,-0.5,30554413.0,2026-10-28,33063000.0,-13041000.0,-4664000.0,38573000.0,241940000.0,edgar,4 quarterly filings,2026-06-30,True,extrapolated_clamped,realized TTM growth clamped to -50% before extrapolating (raw rate was distorted),"projected from 8 filings, 91d cadence",2026-08-18
PII,Polaris,Consumer Discretionary,Leisure Products,68.33000183105469,3887031895.2716827,-1.835,-3.67,-37.23705821855842,-18.61852910927921,-0.5,56886167.0,2026-10-27,1658700000.0,-47400000.0,-39100000.0,282000000.0,1510400000.0,edgar,4 quarterly filings,2026-03-31,True,extrapolated_clamped,realized TTM growth clamped to -50% before extrapolating (raw rate was distorted),"projected from 8 filings, 91d cadence",2026-08-18
PINS,Pinterest,Communication Services,Interactive Home Entertainment,23.06999969482422,2938448931.1294556,-0.0049999999999999975,-0.009999999999999995,-4613.9999389648465,-2306.9999694824232,-0.5,127371000.0,2026-11-02,2187168000.0,-120256000.0,-135490000.0,422484000.0,,edgar,4 quarterly filings,2026-06-30,True,extrapolated_clamped,realized TTM growth clamped to -50% before extrapolating (raw rate was distorted),"projected from 8 filings, 90d cadence",2026-08-18
PIPR,Piper Sandler Companies,Financials,Investment Banking & Brokerage,75.23999786376953,5317232543.871971,17.475,11.65,4.305579276896682,6.458368915345024,0.5,70670291.0,2026-11-04,971399000.0,133087000.0,,970965000.0,,edgar,4 quarterly filings,2026-06-30,True,extrapolated_clamped,realized TTM growth clamped to +50% before extrapolating (raw rate was distorted),"projected from 8 filings, 91d cadence",2026-08-18
PJT,"PJT Partners, Inc.",Financials,Investment Banking & Brokerage,170.9600067138672,4239900655.8675385,,,,,,24800541.0,2026-10-29,904494000.0,106334000.0,,235541000.0,,edgar,none,,False,flat,no growth signal; forward EPS held flat at trailing,"projected from 8 filings, 91d cadence",2026-08-18
PK,Park Hotels & Resorts,Real Estate,Hotel & Resort REITs,15.0,3020074950.0,0.095,0.19,157.89473684210526,78.94736842105263,-0.5,201338330.0,2026-11-08,1399000000.0,58000000.0,157000000.0,264000000.0,3932000000.0,edgar,4 quarterly filings,2026-06-30,True,extrapolated_clamped,realized TTM growth clamped to -50% before extrapolating (raw rate was distorted),"projected from 8 filings, 93d cadence",2026-08-18
PKG,Packaging Corporation of America,Materials,Paper & Plastic Packaging Products & Materials,252.97000122070312,22539196806.792572,9.768604118993135,9.24,25.89622817541071,27.377705759816354,0.05720823798626995,89098299.0,2026-11-06,4857600000.0,363000000.0,542500000.0,442800000.0,3992500000.0,edgar,4 quarterly filings,2026-06-30,True,extrapolated,"extrapolated realized TTM growth (not consensus, not guidance)","projected from 8 filings, 91d cadence",2026-08-18
PLAB,"Photronics, Inc.",Information Technology,Semiconductor Materials & Equipment,33.599998474121094,1981180162.828537,1.4853811659192826,1.82,22.620455439346102,18.461537623143457,-0.18385650224215244,58963698.0,2026-09-10,535276000.0,74368000.0,97038000.0,511490000.0,57316000.0,edgar,4 quarterly filings,2026-05-03,True,extrapolated,"extrapolated realized TTM growth (not consensus, not guidance)","projected from 8 filings, 91d cadence",2026-08-18
PLD,Prologis,Real Estate,Industrial REITs,140.6199951171875,131105365007.56836,3.9402249999999994,3.9699999999999998,35.68831605230349,35.42065368191121,-0.007500000000000062,932338000.0,2026-10-28,2297723000.0,981976000.0,1211055000.0,861144000.0,34669592000.0,edgar,4 quarterly filings,2026-03-31,True,extrapolated,"extrapolated realized TTM growth (not consensus, not guidance)","projected from 8 filings, 91d cadence",2026-08-18
PLMR,"Palomar Holdings, Inc.",Financials,Property & Casualty Insurance,123.91999816894533,3261287229.1708837,10.47134453781513,7.0600000000000005,11.834201207059273,17.552407672655143,0.48319327731092465,26317683.0,2026-11-04,593361000.0,95539000.0,,62689000.0,295773000.0,edgar,4 quarterly filings,2026-06-30,True,extrapolated,"extrapolated realized TTM growth (not consensus, not guidance)","projected from 8 filings, 91d cadence",2026-08-18
PLNT,Planet Fitness,Consumer Discretionary,Leisure Facilities,50.630001068115234,5063.000106811523,,,,,,100.0,2026-11-05,702459000.0,118636000.0,222482000.0,298265000.0,2474032000.0,edgar,none,,False,flat,no growth signal; forward EPS held flat at trailing,"projected from 8 filings, 91d cadence",2026-08-18
PLTR,Palantir Technologies,Information Technology,Application Software,172.5500030517578,414619884683.0597,1.59,1.06,108.52201449796088,162.78302174694133,0.5,2402897000.0,2026-11-03,3568047000.0,1932417000.0,1666002000.0,2030047000.0,0.0,edgar,4 quarterly filings,2026-06-30,True,extrapolated_clamped,realized TTM growth clamped to +50% before extrapolating (raw rate was distorted),"projected from 8 filings, 91d cadence",2026-08-18
PLUS,"ePlus, Inc.",Information Technology,Technology Distributors,86.77999877929688,2264126442.191345,7.130194174757281,5.42,12.17077637051181,16.011069885479127,0.31553398058252413,26090418.0,2026-11-02,649113000.0,30279000.0,38832000.0,448854000.0,38773000.0,edgar,4 quarterly filings,2026-06-30,True,extrapolated,"extrapolated realized TTM growth (not consensus, not guidance)","projected from 8 filings, 90d cadence",2026-08-18
PLXS,Plexus Corp.,Information Technology,Electronic Manufacturing Services,274.20001220703125,7308005871.143005,9.825,6.55,27.908398189010818,41.86259728351622,0.5,26652099.0,2026-11-06,-108372000.0,133984000.0,177561000.0,314053000.0,175000000.0,edgar,4 quarterly filings,2026-07-04,True,extrapolated_clamped,realized TTM growth clamped to +50% before extrapolating (raw rate was distorted),"projected from 8 filings, 92d cadence",2026-08-18
PM,Philip Morris International,Consumer Staples,Tobacco,184.5200042724609,287595358423.395,8.600847201210287,7.54,21.453701008255997,24.472149107753435,0.140695915279879,1558613439.0,2026-10-23,21338000000.0,5255000000.0,8423000000.0,5999000000.0,16756000000.0,edgar,4 quarterly filings,2026-06-30,True,extrapolated,"extrapolated realized TTM growth (not consensus, not guidance)","projected from 8 filings, 91d cadence",2026-08-18
PMT,PennyMac Mortgage Investment Trust,Real Estate,Mortgage REITs,9.619999885559082,838886712.4604816,0.8901098901098902,0.9,10.807654192418227,10.688888761732313,-0.01098901098901095,87202362.0,2026-11-04,155036000.0,55535000.0,,59845000.0,1562779000.0,edgar,4 quarterly filings,2026-06-30,True,extrapolated,"extrapolated realized TTM growth (not consensus, not guidance)","projected from 8 filings, 92d cadence",2026-08-18
PNC,PNC Financial Services,Financials,Diversified Banks,254.5500030517578,101551111652.32945,21.77758339510749,17.14,11.68862487786154,14.85122538224958,0.27057079318013355,398943667.0,2026-11-05,13040000000.0,3800000000.0,,,85723000000.0,edgar,4 quarterly filings,2026-06-30,True,extrapolated,"extrapolated realized TTM growth (not consensus, not guidance)","projected from 8 filings, 92d cadence",2026-08-18
PNFP,Pinnacle Financial Partners,Financials,Regional Banks,107.3499984741211,16221941673.42041,5.612503097893431,6.7299999999999995,19.126937945818383,15.950965597937756,-0.16604708798017354,151112640.0,2026-10-21,,478000000.0,,,,edgar,4 quarters vs prior 10-K,2026-06-30,True,extrapolated,"extrapolated realized TTM growth (not consensus, not guidance)","projected from 3 filings, 78d cadence",2026-08-18
PNR,Pentair,Industrials,Industrial Machinery & Supplies & Components,64.0999984741211,10358914931.509514,4.519774011299435,4.0,14.182124662399291,16.024999618530273,0.12994350282485878,161605541.0,2026-10-29,1010400000.0,172400000.0,210000000.0,67700000.0,1944300000.0,edgar,4 quarterly filings,2026-03-31,True,extrapolated,"extrapolated realized TTM growth (not consensus, not guidance)","projected from 8 filings, 93d cadence",2026-08-18
PNW,Pinnacle West Capital,Utilities,Multi-Utilities,100.41000366210938,12169414709.777527,8.490248091603053,6.67,11.826509965170034,15.05397356253514,0.27290076335877855,121197234.0,2026-11-03,2605346000.0,71550000.0,436846000.0,9124000.0,3337000000.0,edgar,4 quarterly filings,2026-06-30,True,extrapolated,"extrapolated realized TTM growth (not consensus, not guidance)","projected from 8 filings, 91d cadence",2026-08-18
PODD,Insulet Corporation,Health Care,Health Care Equipment,139.6999969482422,9688781388.647781,3.6516122448979598,4.23,38.25707319922353,33.02600400667664,-0.136734693877551,69354199.0,2026-11-04,1563400000.0,186100000.0,251800000.0,856600000.0,1397800000.0,edgar,4 quarterly filings,2026-06-30,True,extrapolated,"extrapolated realized TTM growth (not consensus, not guidance)","projected from 8 filings, 91d cadence",2026-08-18
POOL,Pool Corporation,Consumer Discretionary,Distributors,190.47000122070312,6941298825.896088,11.262788296041306,11.44,16.91144290509752,16.649475631180344,-0.015490533562822817,36443003.0,2026-10-28,1138014000.0,53229000.0,82610000.0,36693000.0,1233899000.0,edgar,4 quarterly filings,2026-03-31,True,extrapolated,"extrapolated realized TTM growth (not consensus, not guidance)","projected from 8 filings, 91d cadence",2026-08-18
POR,Portland General Electric,Utilities,Electric Utilities,50.869998931884766,5982705608.181381,1.7041620111731839,2.4699999999999998,29.850447667745335,20.59514126796954,-0.3100558659217878,117607740.0,2026-11-01,1693000000.0,110000000.0,228000000.0,294000000.0,4679000000.0,edgar,4 quarterly filings,2026-06-30,True,extrapolated,"extrapolated realized TTM growth (not consensus, not guidance)","projected from 8 filings, 93d cadence",2026-08-18
POST,Post Holdings,Consumer Staples,Packaged Foods & Meats,79.3499984741211,3487972409.6772385,6.9282646048109955,6.35,11.453084285929316,12.496062751830094,0.09106529209621983,43956805.0,2026-11-05,6165500000.0,242100000.0,639600000.0,265600000.0,6468400000.0,edgar,4 quarterly filings,2026-06-30,True,extrapolated,"extrapolated realized TTM growth (not consensus, not guidance)","projected from 8 filings, 91d cadence",2026-08-18
POWI,Power Integrations,Information Technology,Semiconductors,62.09999847412109,3469731720.5441127,0.115,0.23,539.9999867314876,269.9999933657438,-0.5,55873298.0,2026-11-05,108308000.0,13133000.0,10354000.0,70612000.0,,edgar,4 quarterly filings,2026-06-30,True,extrapolated_clamped,realized TTM growth clamped to -50% before extrapolating (raw rate was distorted),"projected from 8 filings, 91d cadence",2026-08-18
POWL,"Powell Industries, Inc.",Industrials,Electrical Components & Equipment,218.72999572753903,7968894568.0632925,11.484175704989152,10.29,19.0462076988699,21.256559351558703,0.11605206073752705,36432564.0,2026-11-03,448716000.0,139437000.0,164428000.0,633561000.0,0.0,edgar,4 quarterly filings,2026-06-30,True,extrapolated,"extrapolated realized TTM growth (not consensus, not guidance)","projected from 8 filings, 91d cadence",2026-08-18
PPC,Pilgrim's Pride,Consumer Staples,Packaged Foods & Meats,28.770000457763672,6850382344.477432,2.4316839916839914,3.42,11.831307257091352,8.412280835603413,-0.28898128898128905,238108524.0,2026-10-29,9158863000.0,114800000.0,228506000.0,388843000.0,2352605000.0,edgar,4 quarterly filings,2026-06-28,True,extrapolated,"extrapolated realized TTM growth (not consensus, not guidance)","projected from 8 filings, 91d cadence",2026-08-18
PPG,PPG Industries,Materials,Specialty Chemicals,113.44000244140624,25285776544.18945,6.921774611398963,7.31,16.388861066725607,15.518468186238884,-0.05310880829015552,222900000.0,2026-10-28,7912000000.0,382000000.0,636000000.0,1573000000.0,7096000000.0,edgar,4 quarterly filings,2026-03-31,True,extrapolated,"extrapolated realized TTM growth (not consensus, not guidance)","projected from 8 filings, 91d cadence",2026-08-18
PPL,PPL Corporation,Utilities,Electric Utilities,35.95000076293945,27046996087.897774,2.0534210526315793,1.53,17.507369332201705,23.49673252479703,0.3421052631578949,752350362.0,2026-11-08,2774000000.0,452000000.0,745000000.0,1241000000.0,18894000000.0,edgar,4 quarterly filings,2025-09-30,True,extrapolated,"extrapolated realized TTM growth (not consensus, not guidance)","projected from 8 filings, 93d cadence",2026-08-18
PPLI,People Inc.,Communication Services,Interactive Media & Services,39.5,3036049000.0,8.04,8.04,4.912935323383085,4.912935323383085,,76862000.0,2026-11-02,929680000.0,434969000.0,-46103000.0,1113008000.0,1441250000.0,edgar,4 quarterly filings,2026-06-30,True,flat,no growth signal; forward EPS held flat at trailing,"projected from 8 filings, 91d cadence",2026-08-18
PR,Permian Resources,Energy,Oil & Gas Exploration & Production,22.18000030517578,18577015158.82212,1.1364556962025316,1.34,19.51681915915445,16.552239033713267,-0.15189873417721522,837557029.0,2026-11-05,3246181000.0,836084000.0,1395421000.0,131722000.0,2993050000.0,edgar,4 quarterly filings,2026-06-30,True,extrapolated,"extrapolated realized TTM growth (not consensus, not guidance)","projected from 8 filings, 91d cadence",2026-08-18
PRDO,Perdoceo Education Corp.,Consumer Discretionary,Education Services,32.040000915527344,2004968899.491005,3.341344537815126,2.82,9.588954551953508,11.361702452314661,0.18487394957983194,62577055.0,2026-11-07,581296000.0,101922000.0,118003000.0,162889000.0,,edgar,4 quarterly filings,2026-06-30,True,extrapolated,"extrapolated realized TTM growth (not consensus, not guidance)","projected from 8 filings, 93d cadence",2026-08-18
PRG,"PROG Holdings, Inc.",Financials,Consumer Finance,42.15999984741211,1679301641.2021751,3.162506203473945,3.57,13.331199098076159,11.809523766782103,-0.11414392059553358,39831633.0,2026-10-31,1462389000.0,73083000.0,130939000.0,85201000.0,887064000.0,edgar,4 quarterly filings,2026-06-30,True,extrapolated,"extrapolated realized TTM growth (not consensus, not guidance)","projected from 8 filings, 93d cadence",2026-08-18
PRGO,Perrigo,Health Care,Pharmaceuticals,12.81999969482422,1779021678.5509875,-2.35,-2.35,-5.455319019074136,-5.455319019074136,,138769245.0,2026-11-04,800000.0,-324100000.0,-348900000.0,432100000.0,822700000.0,edgar,4 quarterly filings,2026-06-27,True,flat,no growth signal; forward EPS held flat at trailing,"projected from 8 filings, 91d cadence",2026-08-18
PRGS,Progress Software Corporation,Information Technology,Systems Software,42.86000061035156,1757814719.1523132,1.954576271186441,1.86,21.928026673697033,23.043011080834173,0.05084745762711873,41012942.0,2026-09-29,285832000.0,43886000.0,91667000.0,102978000.0,1292147000.0,edgar,4 quarterly filings,2026-05-31,True,extrapolated,"extrapolated realized TTM growth (not consensus, not guidance)","projected from 8 filings, 91d cadence",2026-08-18
PRI,Primerica,Financials,Life & Health Insurance,309.9200134277344,9538516725.27008,36.255,24.17,8.548338530622932,12.822507795934396,0.5,30777350.0,2026-11-05,1737759000.0,392374000.0,,600183000.0,374433000.0,edgar,4 quarterly filings,2026-06-30,True,extrapolated_clamped,realized TTM growth clamped to +50% before extrapolating (raw rate was distorted),"projected from 8 filings, 91d cadence",2026-08-18
PRIM,Primoris Services Corporation,Industrials,Construction & Engineering,83.05000305175781,4470774921.6332245,1.4744897959183672,2.55,56.32456954375271,32.56862864774816,-0.4217687074829932,53832327.0,2026-11-04,2061808000.0,-6700000.0,-2300000.0,218200000.0,797000000.0,edgar,4 quarterly filings,2026-06-30,True,extrapolated,"extrapolated realized TTM growth (not consensus, not guidance)","projected from 8 filings, 91d cadence",2026-08-18
PRK,Park National Corp.,Financials,Regional Banks,205.52999877929688,3712726988.279022,13.886802935010483,11.51,14.80038276204873,17.856646288383743,0.20649895178197064,18064161.0,2026-11-07,400372000.0,100439000.0,,580309000.0,,edgar,4 quarterly filings,2026-06-30,True,extrapolated,"extrapolated realized TTM growth (not consensus, not guidance)","projected from 8 filings, 92d cadence",2026-08-18
PRKS,United Parks & Resorts,Consumer Discretionary,Leisure Facilities,44.45000076293945,2015421219.6426735,4.468863636363636,3.71,9.946600384322513,11.981132281115755,0.20454545454545459,45341309.0,2026-11-06,217166000.0,29201000.0,108617000.0,19076000.0,1823974000.0,edgar,4 quarterly filings,2026-06-30,True,extrapolated,"extrapolated realized TTM growth (not consensus, not guidance)","projected from 8 filings, 91d cadence",2026-08-18
PRLB,Protolabs,Industrials,Industrial Machinery & Supplies & Components,90.86000061035156,2173543576.020767,1.6980487804878048,1.18,53.50847493571408,77.00000051724709,0.4390243902439024,23921897.0,2026-10-30,92375000.0,17263000.0,21197000.0,127918000.0,363000.0,edgar,4 quarterly filings,2026-06-30,True,extrapolated,"extrapolated realized TTM growth (not consensus, not guidance)","projected from 8 filings, 91d cadence",2026-08-18
PRSU,"Pursuit Attractions & Hospitality, Inc.",Consumer Discretionary,"Hotels, Resorts & Cruise Lines",47.9900016784668,1308406844.211979,3.66,2.44,13.112022316520981,19.668033474781474,0.5,27264155.0,2026-11-04,1064987000.0,-9766000.0,137499000.0,33864000.0,191830000.0,edgar,4 quarterly filings,2026-06-30,True,extrapolated_clamped,realized TTM growth clamped to +50% before extrapolating (raw rate was distorted),"projected from 8 filings, 91d cadence",2026-08-18
PRU,Prudential Financial,Financials,Life & Health Insurance,124.55999755859376,42973199157.71485,10.354260416666666,9.969999999999999,12.029830480030867,12.493480196448724,0.038541666666666696,345000000.0,2026-11-05,31187000000.0,1582000000.0,,15162000000.0,19663000000.0,edgar,4 quarterly filings,2026-06-30,True,extrapolated,"extrapolated realized TTM growth (not consensus, not guidance)","projected from 8 filings, 92d cadence",2026-08-18
PRVA,"Privia Health Group, Inc.",Health Care,Health Care Services,21.5,2746285450.5,0.23272727272727273,0.16,92.3828125,134.375,0.4545454545454546,127734207.0,2026-11-05,,12112000.0,19195000.0,412200000.0,,edgar,4 quarterly filings,2026-06-30,True,extrapolated,"extrapolated realized TTM growth (not consensus, not guidance)","projected from 8 filings, 91d cadence",2026-08-18
PSA,Public Storage,Real Estate,Self-Storage REITs,324.3099975585937,56955689538.77746,9.823424947145877,9.64,33.01394364017812,33.6421159293147,0.019027484143763207,175621134.0,2026-10-28,2450622000.0,1026233000.0,940959000.0,259936000.0,10180215000.0,edgar,4 quarterly filings,2026-06-30,True,extrapolated,"extrapolated realized TTM growth (not consensus, not guidance)","projected from 8 filings, 91d cadence",2026-08-18
PSKY,Paramount Skydance Corporation,Communication Services,Movies & Entertainment,10.279999732971191,11016736237.394043,0.49,0.49,20.979591291777943,20.979591291777943,,1071666977.0,2026-11-04,14260000000.0,209000000.0,1091000000.0,1627000000.0,,edgar,4 quarters vs prior 10-K,2026-06-30,True,flat,no growth signal; forward EPS held flat at trailing,"projected from 6 filings, 92d cadence",2026-08-18
PSMT,PriceSmart,Consumer Staples,Consumer Staples Merchandise Retail,179.99000549316406,5554585884.281921,5.625524752475248,5.33,31.995238384466784,33.76923179984316,0.055445544554455495,30860524.0,2026-10-07,1054806000.0,128948000.0,203988000.0,208443000.0,179700000.0,edgar,4 quarterly filings,2026-05-31,True,extrapolated,"extrapolated realized TTM growth (not consensus, not guidance)","projected from 8 filings, 91d cadence",2026-08-18
PSN,Parsons Corporation,Industrials,Aerospace & Defense,45.7599983215332,4895336941.4001045,2.220747663551401,2.1799999999999997,20.605672167343045,20.9908249181345,0.01869158878504651,106978521.0,2026-10-26,1491176000.0,52926000.0,95674000.0,283921000.0,1512921000.0,edgar,4 quarterly filings,2026-03-31,True,extrapolated,"extrapolated realized TTM growth (not consensus, not guidance)","projected from 8 filings, 89d cadence",2026-08-18
PSX,Phillips 66,Energy,Oil & Gas Refining & Marketing,240.5500030517578,95984482561.5152,18.795,12.530000000000001,12.798616815735983,19.197925223603974,0.5,399020916.0,2026-11-06,83544000000.0,4054000000.0,,4099000000.0,1100000000.0,edgar,4 quarterly filings,2026-06-30,True,extrapolated_clamped,realized TTM growth clamped to +50% before extrapolating (raw rate was distorted),"projected from 8 filings, 93d cadence",2026-08-18
PTC,PTC Inc.,Information Technology,Application Software,145.97999572753906,15839743517.191238,12.855,8.57,11.355892316416885,17.033838474625327,0.5,108506261.0,2026-10-30,2060177000.0,876021000.0,683439000.0,351454000.0,1398241000.0,edgar,4 quarterly filings,2026-06-30,True,extrapolated_clamped,realized TTM growth clamped to +50% before extrapolating (raw rate was distorted),"projected from 8 filings, 91d cadence",2026-08-18
PTCT,"PTC Therapeutics, Inc.",Health Care,Pharmaceuticals,72.87999725341797,6082623020.528061,0.13000000000000006,0.2600000000000001,560.6153634878302,280.3076817439151,-0.5,83460802.0,2026-10-27,264734000.0,80687000.0,193936000.0,1049887000.0,93198000.0,edgar,4 quarterly filings,2026-06-30,True,extrapolated_clamped,realized TTM growth clamped to -50% before extrapolating (raw rate was distorted),"projected from 8 filings, 89d cadence",2026-08-18
PTEN,"Patterson-UTI Energy, Inc.",Energy,Oil & Gas Drilling,12.21500015258789,4658616294.104713,-0.34,-0.34,-35.926471037023205,-35.926471037023205,,381384874.0,2026-11-05,2345298000.0,-44229000.0,-21279000.0,201024000.0,1227400000.0,edgar,4 quarterly filings,2026-06-30,True,flat,no growth signal; forward EPS held flat at trailing,"projected from 8 filings, 93d cadence",2026-08-18
PTGX,"Protagonist Therapeutics, Inc.",Health Care,Biotechnology,158.6199951171875,10264027850.741577,0.6743349753694582,1.17,235.22433347058995,135.57264539930557,-0.42364532019704426,64708285.0,2026-11-04,8781000.0,166632000.0,155118000.0,420078000.0,9832000.0,edgar,4 quarterly filings,2026-06-30,True,extrapolated,"extrapolated realized TTM growth (not consensus, not guidance)","projected from 8 filings, 91d cadence",2026-08-18
PTON,"Peloton Interactive, Inc.",Consumer Discretionary,Leisure Products,5.289999961853027,2307596604.8295794,-0.12,-0.12,-44.083333015441895,-44.083333015441895,,436218643.0,2026-11-05,1838300000.0,63200000.0,160700000.0,1206600000.0,1330000000.0,edgar,4 quarterly filings,2026-03-31,True,flat,no growth signal; forward EPS held flat at trailing,"projected from 8 filings, 91d cadence",2026-08-18
PVH,PVH Corp.,Consumer Discretionary,"Apparel, Accessories & Luxury Goods",78.18000030517578,3604730646.631073,3.171087584215592,5.74,24.65400220868216,13.620209112399962,-0.4475457170356112,46108092.0,2026-09-05,2025100000.0,88000000.0,124300000.0,592500000.0,2282300000.0,edgar,4 quarterly filings,2026-05-03,True,extrapolated,"extrapolated realized TTM growth (not consensus, not guidance)","projected from 8 filings, 92d cadence",2026-08-18
PWR,Quanta Services,Industrials,Construction & Engineering,722.3099975585938,108594535830.7807,12.254999999999999,8.17,58.94002428058701,88.4100364208805,0.5,150343393.0,2026-10-29,17431784000.0,672006000.0,1033613000.0,506431000.0,1878609000.0,edgar,4 quarterly filings,2026-06-30,True,extrapolated_clamped,realized TTM growth clamped to +50% before extrapolating (raw rate was distorted),"projected from 8 filings, 91d cadence",2026-08-18
PYPL,PayPal,Financials,Transaction & Payment Processing Services,60.470001220703125,53340920238.49893,6.764516971279373,5.09,8.939293297281274,11.880157410747175,0.3289817232375978,882105493.0,2026-10-27,8353000000.0,1113000000.0,1488000000.0,6977000000.0,10876000000.0,edgar,4 quarterly filings,2026-03-31,True,extrapolated,"extrapolated realized TTM growth (not consensus, not guidance)","projected from 8 filings, 91d cadence",2026-08-18
PZZA,Papa John's Pizza,Consumer Discretionary,Restaurants,23.229999542236328,764770773.9396477,0.43,0.86,54.02325474938681,27.011627374693404,-0.5,32921687.0,2026-11-05,542692000.0,15788000.0,43945000.0,34591000.0,722257000.0,edgar,4 quarterly filings,2026-06-28,True,extrapolated_clamped,realized TTM growth clamped to -50% before extrapolating (raw rate was distorted),"projected from 8 filings, 91d cadence",2026-08-18
Q,Qnity Electronics,Information Technology,Semiconductor Materials & Equipment,140.75999450683594,29448193363.46315,3.1419393939393934,3.2199999999999998,44.80035317624307,43.71428400833415,-0.024242424242424288,209208543.0,2026-10-29,2744000000.0,592000000.0,,961000000.0,4100000000.0,edgar,4 quarters vs prior 10-K,2026-06-30,True,extrapolated,"extrapolated realized TTM growth (not consensus, not guidance)","projected from 4 filings, 86d cadence",2026-08-18
QCOM,Qualcomm,Information Technology,Semiconductors,162.17999267578125,170288992309.5703,20.94,13.96,7.744985323580766,11.61747798537115,0.5,1050000000.0,2026-10-28,32798000000.0,12377000000.0,7302000000.0,4533000000.0,12781000000.0,edgar,4 quarterly filings,2026-06-28,True,extrapolated_clamped,realized TTM growth clamped to +50% before extrapolating (raw rate was distorted),"projected from 8 filings, 91d cadence",2026-08-18
QDEL,QuidelOrtho,Health Care,Health Care Supplies,14.579999923706056,999829720.4281102,-17.259999999999998,-17.259999999999998,-0.8447276896701077,-0.8447276896701077,,68575427.0,2026-11-07,1250700000.0,-184700000.0,-53600000.0,123400000.0,2697700000.0,edgar,4 quarterly filings,2026-06-28,True,flat,no growth signal; forward EPS held flat at trailing,"projected from 8 filings, 92d cadence",2026-08-18
QLYS,Qualys,Information Technology,Systems Software,183.30999755859372,6341609548.849547,6.602105263157894,5.6,27.765385472044652,32.73392813546317,0.17894736842105252,34595001.0,2026-11-03,94801000.0,103048000.0,122787000.0,250291000.0,,edgar,4 quarterly filings,2026-06-30,True,extrapolated,"extrapolated realized TTM growth (not consensus, not guidance)","projected from 8 filings, 91d cadence",2026-08-18
QNST,"QuinStreet, Inc.",Communication Services,Interactive Media & Services,20.174999237060547,1158960295.9226608,1.16,1.16,17.392240721603923,17.392240721603923,,57445370.0,2026-11-06,282140000.0,62124000.0,16303000.0,102042000.0,70000000.0,edgar,4 quarterly filings,2026-03-31,True,flat,no growth signal; forward EPS held flat at trailing,"projected from 8 filings, 91d cadence",2026-08-18
QRVO,Qorvo,Information Technology,Semiconductors,96.04000091552734,8452833235.498924,3.73,3.73,25.7479895215891,25.7479895215891,,88013673.0,2026-10-27,3678517000.0,338989000.0,411424000.0,1219015000.0,1549154000.0,edgar,4 quarterly filings,2025-12-27,True,flat,no growth signal; forward EPS held flat at trailing,"projected from 8 filings, 91d cadence",2026-08-18
QTWO,"Q2 Holdings, Inc.",Information Technology,Application Software,64.41000366210938,4016266133.299713,1.27,1.27,50.71653831662155,50.71653831662155,,62354695.0,2026-10-28,173923000.0,56497000.0,57030000.0,99917000.0,0.0,edgar,4 quarterly filings,2026-06-30,True,flat,no growth signal; forward EPS held flat at trailing,"projected from 8 filings, 91d cadence",2026-08-18
R,Ryder,Industrials,Cargo Ground Transportation,264.70001220703125,10150416427.701416,14.463759765625,12.17,18.300913213183,21.750206426214564,0.1884765625,38346868.0,2026-10-22,6473000000.0,226000000.0,,219000000.0,7765000000.0,edgar,4 quarterly filings,2026-06-30,True,extrapolated,"extrapolated realized TTM growth (not consensus, not guidance)","projected from 8 filings, 91d cadence",2026-08-18
RAL,Ralliant Corp,Information Technology,Electronic Equipment & Instruments,71.97000122070312,7962761510.8186035,1.67,1.67,43.09580911419349,43.09580911419349,,110640008.0,2026-10-26,1102300000.0,101400000.0,150300000.0,270900000.0,1148500000.0,edgar,4 quarters vs prior 10-K,2026-07-03,True,flat,no growth signal; forward EPS held flat at trailing,"projected from 5 filings, 88d cadence",2026-08-18
RAMP,"LiveRamp Holdings, Inc.",Information Technology,Application Software,37.68000030517578,2290754940.313156,2.16,1.44,17.444444585729528,26.16666687859429,0.5,60794982.0,2026-11-04,213986000.0,17515000.0,20163000.0,363523000.0,168681000.0,edgar,4 quarterly filings,2026-06-30,True,extrapolated_clamped,realized TTM growth clamped to +50% before extrapolating (raw rate was distorted),"projected from 8 filings, 91d cadence",2026-08-18
RBA,RB Global,Industrials,Diversified Support Services,82.11000061035156,15206772113.03711,2.7418686868686875,2.33,29.946729762658375,35.24034360959294,0.1767676767676769,185200000.0,2026-11-03,2551700000.0,279000000.0,442300000.0,524900000.0,2885600000.0,edgar,4 quarterly filings,2026-06-30,True,extrapolated,"extrapolated realized TTM growth (not consensus, not guidance)","projected from 8 filings, 91d cadence",2026-08-18
RBC,RBC Bearings,Industrials,Industrial Machinery & Supplies & Components,557.6199951171875,17653828042.313843,12.28929068150209,9.4,45.37446542431617,59.32127607629654,0.30737134909596686,31659245.0,2026-10-30,519500000.0,101500000.0,140800000.0,124500000.0,806200000.0,edgar,4 quarterly filings,2026-06-27,True,extrapolated,"extrapolated realized TTM growth (not consensus, not guidance)","projected from 8 filings, 91d cadence",2026-08-18
RCL,Royal Caribbean Group,Consumer Discretionary,"Hotels, Resorts & Cruise Lines",301.7900085449219,80714366715.71716,26.745000000000005,17.830000000000002,11.283978633199546,16.92596794979932,0.5,267452084.0,2026-10-27,2332301000.0,2070000000.0,2469000000.0,875000000.0,6200000000.0,edgar,4 quarterly filings,2026-06-30,True,extrapolated_clamped,realized TTM growth clamped to +50% before extrapolating (raw rate was distorted),"projected from 8 filings, 91d cadence",2026-08-18
RCUS,"Arcus Biosciences, Inc.",Health Care,Biotechnology,29.559999465942383,3763974526.5566406,-3.01,-3.01,-9.820597829216739,-9.820597829216739,,127333376.0,2026-11-04,58000000.0,-219000000.0,-230000000.0,150000000.0,101000000.0,edgar,4 quarterly filings,2026-06-30,True,flat,no growth signal; forward EPS held flat at trailing,"projected from 8 filings, 91d cadence",2026-08-18
RDN,"Radian Group, Inc.",Financials,Property & Casualty Insurance,37.04999923706055,4901763730.962105,3.8116120906801014,3.89,9.72029638788604,9.52442139770194,-0.0201511335012593,132301318.0,2026-11-08,1041296000.0,240007000.0,137450000.0,119047000.0,696895000.0,edgar,4 quarterly filings,2026-06-30,True,extrapolated,"extrapolated realized TTM growth (not consensus, not guidance)","projected from 8 filings, 93d cadence",2026-08-18
RDNT,"RadNet, Inc.",Health Care,Health Care Services,75.93000030517578,5975482748.026497,-0.06999999999999998,-0.06999999999999998,-1084.71429007394,-1084.71429007394,,78697257.0,2026-11-09,1352563000.0,-25936000.0,15565000.0,726272000.0,1332531000.0,edgar,4 quarterly filings,2026-06-30,True,flat,no growth signal; forward EPS held flat at trailing,"projected from 8 filings, 91d cadence",2026-08-18
REG,Regency Centers,Real Estate,Retail REITs,76.37000274658203,13983102355.190353,2.19,1.46,34.87214737286851,52.30822105930276,0.5,183096790.0,2026-11-02,412453000.0,128549000.0,296394000.0,36855000.0,5003934000.0,edgar,4 quarterly filings,2018-12-31,True,extrapolated_clamped,realized TTM growth clamped to +50% before extrapolating (raw rate was distorted),"projected from 8 filings, 91d cadence",2026-08-18
REGN,Regeneron Pharmaceuticals,Health Care,Biotechnology,805.9299926757812,75721241114.15222,55.00315017337957,45.41,14.652433363095545,17.747852734547045,0.21125633502267283,93955110.0,2026-10-29,1511485000.0,2024100000.0,1936400000.0,2455800000.0,1986600000.0,edgar,4 quarterly filings,2026-06-30,True,extrapolated,"extrapolated realized TTM growth (not consensus, not guidance)","projected from 8 filings, 91d cadence",2026-08-18
RELY,Remitly,Financials,Transaction & Payment Processing Services,26.299999237060547,5567290458.697884,1.23,1.23,21.382113200862232,21.382113200862232,,211684054.0,2026-11-04,947958000.0,254961000.0,120421000.0,676394000.0,0.0,edgar,4 quarterly filings,2026-06-30,True,flat,no growth signal; forward EPS held flat at trailing,"projected from 8 filings, 91d cadence",2026-08-18
RES,"RPC, Inc.",Energy,Oil & Gas Equipment & Services,6.570000171661377,1456286606.889948,0.08,0.16,82.12500214576721,41.062501072883606,-0.5,221657012.0,2026-10-31,41919000000.0,12930000.0,17391000.0,179468000.0,,edgar,4 quarterly filings,2026-06-30,True,extrapolated_clamped,realized TTM growth clamped to -50% before extrapolating (raw rate was distorted),"projected from 8 filings, 93d cadence",2026-08-18
REX,REX American Resources Corporation,Energy,Oil & Gas Refining & Marketing,45.130001068115234,1486479248.5212784,1.1102890173410405,1.96,40.64707509779225,23.025510749038386,-0.4335260115606936,32937718.0,2026-09-01,156499000.0,60935000.0,,117668000.0,75726000.0,edgar,4 quarterly filings,2026-04-30,True,extrapolated,"extrapolated realized TTM growth (not consensus, not guidance)","projected from 8 filings, 91d cadence",2026-08-18
REXR,Rexford Industrial Realty,Real Estate,Industrial REITs,35.86000061035156,7996354262.74115,-0.5149999999999999,-1.0299999999999998,-69.63106914631372,-34.81553457315686,-0.5,222988124.0,2026-10-29,490584000.0,-412959000.0,33615000.0,32226000.0,3263724000.0,edgar,4 quarterly filings,2026-06-30,True,extrapolated_clamped,realized TTM growth clamped to -50% before extrapolating (raw rate was distorted),"projected from 8 filings, 93d cadence",2026-08-18
REYN,Reynolds Consumer Products,Consumer Staples,Household Products,25.90999984741211,5460982705.909451,0.9153741496598639,1.16,28.305365469452887,22.33620676501044,-0.2108843537414966,210767377.0,2026-10-28,833000000.0,59000000.0,,71000000.0,1530000000.0,edgar,4 quarterly filings,2026-03-31,True,extrapolated,"extrapolated realized TTM growth (not consensus, not guidance)","projected from 8 filings, 91d cadence",2026-08-18
REZI,"Resideo Technologies, Inc.",Industrials,Trading Companies & Distributors,20.63999938964844,3134129789.239716,-2.03,-4.06,-10.167487384063273,-5.083743692031637,-0.5,151847378.0,2026-11-13,3893000000.0,135000000.0,233000000.0,549000000.0,3622000000.0,edgar,4 quarterly filings,2026-07-04,True,extrapolated_clamped,realized TTM growth clamped to -50% before extrapolating (raw rate was distorted),"projected from 8 filings, 93d cadence",2026-08-18
RF,Regions Financial Corporation,Financials,Regional Banks,31.700000762939453,27006165990.17063,3.2019047619047614,2.46,9.900357168675322,12.886179171926607,0.3015873015873014,851929506.0,2026-11-06,,1129000000.0,53000000.0,27507000000.0,4628000000.0,edgar,4 quarterly filings,2026-06-30,True,extrapolated,"extrapolated realized TTM growth (not consensus, not guidance)","projected from 8 filings, 92d cadence",2026-08-18
RGA,Reinsurance Group of America,Financials,Reinsurance,246.97999572753903,16128204942.701185,34.155,22.77,7.231151975626966,10.84672796344045,0.5,65301665.0,2026-11-08,13131000000.0,792000000.0,,5288000000.0,5709000000.0,edgar,4 quarterly filings,2026-06-30,True,extrapolated_clamped,realized TTM growth clamped to +50% before extrapolating (raw rate was distorted),"projected from 8 filings, 93d cadence",2026-08-18
RGEN,Repligen,Health Care,Biotechnology,169.0399932861328,9539876994.938736,1.1400000000000001,0.76,148.28069586502878,222.42104379754318,0.5,56435621.0,2026-10-26,44830000.0,13341000.0,29916000.0,606783000.0,551046000.0,edgar,4 quarterly filings,2026-06-30,True,extrapolated_clamped,realized TTM growth clamped to +50% before extrapolating (raw rate was distorted),"projected from 8 filings, 89d cadence",2026-08-18
RGLD,Royal Gold,Materials,Gold,236.6199951171875,20048305109.62976,15.015,10.01,15.758907433712121,23.638361150568183,0.5,84727857.0,2026-11-05,919664000.0,517523000.0,577028000.0,182468000.0,395892000.0,edgar,4 quarterly filings,2026-06-30,True,extrapolated_clamped,realized TTM growth clamped to +50% before extrapolating (raw rate was distorted),"projected from 8 filings, 91d cadence",2026-08-18
RH,RH,Consumer Discretionary,Homefurnishing Retail,175.89999389648438,3324680331.7376404,6.084014336917563,4.12,28.911830931944067,42.69417327584572,0.4767025089605734,18900969.0,2026-09-10,301337000.0,-13697000.0,34243000.0,53803000.0,1129000.0,edgar,4 quarterly filings,2026-05-02,True,extrapolated,"extrapolated realized TTM growth (not consensus, not guidance)","projected from 8 filings, 91d cadence",2026-08-18
RHI,Robert Half,Industrials,Human Resource & Employment Services,42.470001220703125,4347306960.113403,0.7392307692307692,1.24,57.451614554541166,34.250000984438,-0.40384615384615385,102361828.0,2026-11-03,2636544000.0,40108000.0,-25388000.0,324714000.0,457000.0,edgar,4 quarterly filings,2026-06-30,True,extrapolated,"extrapolated realized TTM growth (not consensus, not guidance)","projected from 8 filings, 91d cadence",2026-08-18
RHP,Ryman Hospitality Properties,Real Estate,Hotel & Resort REITs,124.11000061035156,7833734872.204956,3.946009389671361,4.1,31.452028709107537,30.27073185618331,-0.03755868544600938,63119288.0,2026-11-07,288370000.0,163225000.0,312341000.0,366125000.0,1617250000.0,edgar,4 quarterly filings,2026-06-30,True,extrapolated,"extrapolated realized TTM growth (not consensus, not guidance)","projected from 8 filings, 92d cadence",2026-08-18
RITM,Rithm Capital,Financials,Mortgage REITs,10.260000228881836,5729256265.869226,0.8722580645161291,1.04,11.762574226898554,9.865384835463303,-0.16129032258064513,558407031.0,2026-11-04,1380236000.0,158969000.0,,1664498000.0,36015018000.0,edgar,4 quarterly filings,2026-06-30,True,extrapolated,"extrapolated realized TTM growth (not consensus, not guidance)","projected from 8 filings, 92d cadence",2026-08-18
RJF,Raymond James Financial,Financials,Investment Banking & Brokerage,179.47999572753906,34525079068.422104,11.611241025641027,10.64,15.457434337224985,16.8684206510845,0.09128205128205136,192361711.0,2026-11-04,12800000000.0,1702000000.0,,9977000000.0,,edgar,4 quarterly filings,2026-06-30,True,extrapolated,"extrapolated realized TTM growth (not consensus, not guidance)","projected from 8 filings, 91d cadence",2026-08-18
RL,Ralph Lauren Corporation,Consumer Discretionary,"Apparel, Accessories & Luxury Goods",379.30999755859375,23251702850.341797,20.839767610748005,16.94,18.201258509378317,22.391381201806006,0.23021060275962246,61300000.0,2026-11-05,1959800000.0,262200000.0,342400000.0,1719000000.0,300000000.0,edgar,4 quarterly filings,2026-06-27,True,extrapolated,"extrapolated realized TTM growth (not consensus, not guidance)","projected from 8 filings, 91d cadence",2026-08-18
RLI,RLI Corp.,Financials,Property & Casualty Insurance,62.41999816894531,5728468619.358673,6.544385964912281,5.11,9.53794572991417,12.2152638295392,0.2807017543859649,91772970.0,2026-10-23,999439000.0,222913000.0,,723511000.0,296968000.0,edgar,4 quarterly filings,2026-06-30,True,extrapolated,"extrapolated realized TTM growth (not consensus, not guidance)","projected from 8 filings, 91d cadence",2026-08-18
RMBS,Rambus,Information Technology,Semiconductors,100.61000061035156,10879660315.871567,2.1524378109452735,2.08,46.7423495809002,48.370192601130555,0.03482587064676612,108136967.0,2026-10-27,,59858000.0,61758000.0,134324000.0,,edgar,4 quarterly filings,2026-03-31,True,extrapolated,"extrapolated realized TTM growth (not consensus, not guidance)","projected from 8 filings, 91d cadence",2026-08-18
RMD,ResMed|,Health Care,Health Care Equipment,220.3699951171875,31788879968.863037,13.334121365360302,10.27,16.526772861815246,21.45764314675633,0.2983565107458912,144252306.0,2026-11-13,2957013000.0,1523293000.0,1886715000.0,1469234000.0,399415000.0,edgar,4 quarterly filings,2026-03-31,True,extrapolated,"extrapolated realized TTM growth (not consensus, not guidance)","projected from 8 filings, 92d cadence",2026-08-18
RNG,"RingCentral, Inc.",Information Technology,Application Software,64.06999969482422,2375395238.685608,1.13,1.13,56.69911477418073,56.69911477418073,,37075000.0,2026-10-19,1301210000.0,69733000.0,100313000.0,111501000.0,1560391000.0,edgar,4 quarterly filings,2026-06-30,True,flat,no growth signal; forward EPS held flat at trailing,"projected from 8 filings, 88d cadence",2026-08-18
RNR,RenaissanceRe,Financials,Reinsurance,318.5,13234277920.5,50.42491465980827,46.44,6.316322043354173,6.858311800172266,0.08580780921206443,41551893.0,2026-10-22,4963517000.0,956457000.0,,1302160000.0,2330907000.0,edgar,4 quarterly filings,2026-03-31,True,extrapolated,"extrapolated realized TTM growth (not consensus, not guidance)","projected from 8 filings, 91d cadence",2026-08-18
RNST,Renasant Corp.,Financials,Regional Banks,43.11000061035156,3940446541.938858,1.9721739130434783,2.52,21.859127293608594,17.10714309934586,-0.21739130434782605,91404465.0,2026-11-04,,175319000.0,,881203000.0,796469000.0,edgar,4 quarterly filings,2026-06-30,True,extrapolated,"extrapolated realized TTM growth (not consensus, not guidance)","projected from 8 filings, 91d cadence",2026-08-18
ROAD,"Construction Partners, Inc.",Industrials,Construction & Engineering,120.45999908447266,2310905706.576515,3.4800000000000004,2.3200000000000003,34.614942265653056,51.922413398479584,0.5,19184009.0,2026-11-06,785679000.0,85940000.0,197176000.0,94547000.0,1626125000.0,edgar,4 quarterly filings,2026-06-30,True,extrapolated_clamped,realized TTM growth clamped to +50% before extrapolating (raw rate was distorted),"projected from 8 filings, 91d cadence",2026-08-18
ROCK,"Gibraltar Industries, Inc.",Industrials,Building Products,47.52999877929688,1410875207.9347842,-2.045,-4.09,-23.24205319281021,-11.621026596405105,-0.5,29683889.0,2026-11-04,865834000.0,-59280000.0,55363000.0,15147000.0,1218076000.0,edgar,4 quarterly filings,2026-06-30,True,extrapolated_clamped,realized TTM growth clamped to -50% before extrapolating (raw rate was distorted),"projected from 8 filings, 91d cadence",2026-08-18
ROG,Rogers Corporation,Information Technology,Electronic Components,145.94000244140625,2604815241.475525,-1.675,-3.35,-87.12835966651119,-43.564179833255594,-0.5,17848535.0,2026-10-27,239798000.0,4500000.0,10700000.0,195800000.0,93000000.0,edgar,4 quarterly filings,2026-03-31,True,extrapolated_clamped,realized TTM growth clamped to -50% before extrapolating (raw rate was distorted),"projected from 8 filings, 90d cadence",2026-08-18
ROIV,Roivant Sciences,Health Care,Biotechnology,36.2400016784668,26176987275.995197,-0.5700000000000001,-1.1400000000000001,-63.57895031309964,-31.78947515654982,-0.5,722323015.0,2026-11-04,1442000.0,-189837000.0,-365993000.0,1248456000.0,311716000.0,edgar,4 quarterly filings,2026-06-30,True,extrapolated_clamped,realized TTM growth clamped to -50% before extrapolating (raw rate was distorted),"projected from 8 filings, 90d cadence",2026-08-18
ROK,Rockwell Automation,Industrials,Electrical Components & Equipment,444.6000061035156,49372242027.38733,17.76490196078431,12.04,25.026876426617036,36.92691080593984,0.47549019607843124,111048676.0,2026-11-03,6666000000.0,1063000000.0,1515000000.0,479000000.0,1974700000.0,edgar,4 quarterly filings,2026-06-30,True,extrapolated,"extrapolated realized TTM growth (not consensus, not guidance)","projected from 8 filings, 91d cadence",2026-08-18
ROKU,"Roku, Inc.",Communication Services,Movies & Entertainment,158.30999755859375,23406133139.038086,1.8800000000000001,1.8800000000000001,84.20744550989029,84.20744550989029,,147850000.0,2026-11-06,2603569000.0,249916000.0,197947000.0,2001815000.0,0.0,edgar,4 quarterly filings,2026-06-30,True,flat,no growth signal; forward EPS held flat at trailing,"projected from 8 filings, 92d cadence",2026-08-18
ROL,"Rollins, Inc.",Industrials,Environmental & Facilities Services,36.02000045776367,17330857672.330887,1.3776041666666663,1.15,26.14684343247874,31.321739528490152,0.19791666666666652,481145404.0,2026-10-22,1173758000.0,251748000.0,346845000.0,109085000.0,487107000.0,edgar,4 quarterly filings,2026-06-30,True,extrapolated,"extrapolated realized TTM growth (not consensus, not guidance)","projected from 8 filings, 91d cadence",2026-08-18
ROP,Roper Technologies,Information Technology,Electronic Equipment & Instruments,389.7099914550781,38542658761.43976,35.49,23.66,10.980839432377518,16.471259148566276,0.5,98900874.0,2026-10-30,4204200000.0,1677400000.0,1154300000.0,364900000.0,9301000000.0,edgar,4 quarterly filings,2026-06-30,True,extrapolated_clamped,realized TTM growth clamped to +50% before extrapolating (raw rate was distorted),"projected from 8 filings, 91d cadence",2026-08-18
ROST,Ross Stores,Consumer Discretionary,Apparel Retail,235.27999877929688,75473371169.70154,7.501177474402729,6.63,31.36574218943283,35.48717930306137,0.1313993174061432,320781076.0,2026-08-30,6010476000.0,649964000.0,804026000.0,4130980000.0,1018187000.0,edgar,4 quarterly filings,2026-05-02,True,extrapolated,"extrapolated realized TTM growth (not consensus, not guidance)","projected from 8 filings, 89d cadence",2026-08-18
RPM,RPM International,Materials,Specialty Chemicals,112.2300033569336,14336419097.579437,3.062400835073069,3.83,36.647718375591346,29.302872939147154,-0.20041753653444672,127741412.0,2026-10-21,5321643000.0,661392000.0,,315188000.0,1373697000.0,edgar,4 quarterly filings,2026-02-28,True,extrapolated,"extrapolated realized TTM growth (not consensus, not guidance)","projected from 8 filings, 91d cadence",2026-08-18
RRC,Range Resources,Energy,Oil & Gas Exploration & Production,39.36000061035156,9197625853.026657,5.79,3.86,6.797927566554674,10.196891349832011,0.5,233679515.0,2026-10-20,1867741000.0,536953000.0,,247000.0,867085000.0,edgar,4 quarterly filings,2026-06-30,True,extrapolated_clamped,realized TTM growth clamped to +50% before extrapolating (raw rate was distorted),"projected from 8 filings, 91d cadence",2026-08-18
RRR,"Red Rock Resorts, Inc.",Consumer Discretionary,Casinos & Gaming,63.209999084472656,3734826005.9051514,3.6723600000000007,3.0300000000000002,17.21236455153434,20.861385836459622,0.2120000000000002,59086000.0,2026-11-06,1017581000.0,82007000.0,279672000.0,136451000.0,3395748000.0,edgar,4 quarterly filings,2026-06-30,True,extrapolated,"extrapolated realized TTM growth (not consensus, not guidance)","projected from 8 filings, 91d cadence",2026-08-18
RRX,Regal Rexnord,Industrials,Electrical Components & Equipment,174.52000427246094,11621612913.35115,7.635,5.09,22.857891849700188,34.286837774550285,0.5,66591867.0,2026-11-04,2736200000.0,181000000.0,367800000.0,441600000.0,4819100000.0,edgar,4 quarterly filings,2026-06-30,True,extrapolated_clamped,realized TTM growth clamped to +50% before extrapolating (raw rate was distorted),"projected from 8 filings, 91d cadence",2026-08-18
RS,"Reliance, Inc.",Materials,Steel,428.0199890136719,21849787825.604187,15.347162162162164,16.85,27.889194399010044,25.40177976342266,-0.08918918918918917,51048522.0,2026-10-27,14805900000.0,264900000.0,367900000.0,249700000.0,1942100000.0,edgar,4 quarterly filings,2026-03-31,True,extrapolated,"extrapolated realized TTM growth (not consensus, not guidance)","projected from 8 filings, 91d cadence",2026-08-18
RSG,Republic Services,Industrials,Environmental & Facilities Services,215.25999450683597,65915403962.20188,7.7177795031055885,7.05,27.89144136862379,30.53333255416113,0.09472049689440976,306212978.0,2026-11-08,9776000000.0,1091536000.0,1731000000.0,107000000.0,13710000000.0,edgar,4 quarterly filings,2026-06-30,True,extrapolated,"extrapolated realized TTM growth (not consensus, not guidance)","projected from 8 filings, 93d cadence",2026-08-18
RSI,"Rush Street Interactive, Inc.",Consumer Discretionary,Casinos & Gaming,25.450000762939453,5211969713.894291,0.54,0.36,47.12963104248047,70.6944465637207,0.5,204792517.0,2026-10-29,764137000.0,20616000.0,89006000.0,339910000.0,,edgar,4 quarterly filings,2026-06-30,True,extrapolated_clamped,realized TTM growth clamped to +50% before extrapolating (raw rate was distorted),"projected from 8 filings, 91d cadence",2026-08-18
RTX,RTX Corporation,Industrials,Aerospace & Defense,221.63999938964844,298717114213.5537,8.565,5.71,25.877407984780906,38.81611197717135,0.5,1347758144.0,2026-10-23,80738000000.0,4198000000.0,5366000000.0,8305000000.0,41078000000.0,edgar,4 quarterly filings,2026-06-30,True,extrapolated_clamped,realized TTM growth clamped to +50% before extrapolating (raw rate was distorted),"projected from 8 filings, 92d cadence",2026-08-18
RUN,Sunrun,Industrials,Building Products,9.829999923706056,2367525814.684834,2.17,2.17,4.529953881892192,4.529953881892192,,240846982.0,2026-11-04,392025000.0,282796000.0,-8722000.0,263006000.0,15157898000.0,edgar,4 quarterly filings,2026-06-30,True,flat,no growth signal; forward EPS held flat at trailing,"projected from 8 filings, 91d cadence",2026-08-18
RUSHA,Rush Enterprises,Industrials,Construction Machinery & Heavy Transportation Equipment,82.12999725341797,6574095630.149841,1.705,3.41,48.17008636564103,24.085043182820517,-0.5,80045000.0,2026-11-06,3583864000.0,134214000.0,179393000.0,264937000.0,274798000.0,edgar,4 quarterly filings,2026-06-30,True,extrapolated_clamped,realized TTM growth clamped to -50% before extrapolating (raw rate was distorted),"projected from 8 filings, 91d cadence",2026-08-18
RVTY,Revvity,Health Care,Health Care Equipment,116.16999816894533,12962991999.8492,1.6045505617977527,1.69,72.4003349815212,68.7396438869499,-0.050561797752809,111586401.0,2026-11-12,3311822000.0,92538000.0,165202000.0,1022943000.0,3899642000.0,edgar,4 quarterly filings,2026-07-05,True,extrapolated,"extrapolated realized TTM growth (not consensus, not guidance)","projected from 8 filings, 93d cadence",2026-08-18
RXO,"RXO, Inc.",Industrials,Cargo Ground Transportation,23.450000762939453,3867517827.42865,-0.39,-0.39,-60.128207084460136,-60.128207084460136,,164926128.0,2026-11-05,3199000000.0,-45000000.0,-27000000.0,15000000.0,,edgar,4 quarterly filings,2026-06-30,True,flat,no growth signal; forward EPS held flat at trailing,"projected from 8 filings, 91d cadence",2026-08-18
RYAN,Ryan Specialty,Financials,Insurance Brokers,41.68000030517578,4580793210.099998,,,,,,109903867.0,2026-10-30,1711876000.0,59961000.0,274912000.0,140119000.0,3346276000.0,edgar,none,,False,flat,no growth signal; forward EPS held flat at trailing,"projected from 8 filings, 91d cadence",2026-08-18
RYN,Rayonier,Real Estate,Timber REITs,21.40999984741211,6438997998.539616,4.26,2.84,5.025821560425378,7.538732340638067,0.5,300747223.0,2026-11-06,276787000.0,-12432000.0,-45653000.0,681660000.0,1374014000.0,edgar,4 quarterly filings,2026-03-31,True,extrapolated_clamped,realized TTM growth clamped to +50% before extrapolating (raw rate was distorted),"projected from 8 filings, 91d cadence",2026-08-18
SABR,Sabre,Consumer Discretionary,"Hotels, Resorts & Cruise Lines",2.1549999713897705,869721814.6233916,1.26,1.26,1.710317437610929,1.710317437610929,,403583214.0,2026-11-05,2049367000.0,524617000.0,208700000.0,675977000.0,4317000000.0,edgar,4 quarterly filings,2026-06-30,True,flat,no growth signal; forward EPS held flat at trailing,"projected from 8 filings, 91d cadence",2026-08-18
SAFE,"Safehold, Inc.",Real Estate,Other Specialized REITs,14.979999542236328,1060827841.9828796,1.7152941176470589,1.62,8.73319589225026,9.246913297676745,0.05882352941176472,70816280.0,2026-10-29,225500000.0,59016000.0,53803000.0,15922000.0,4653713000.0,edgar,4 quarterly filings,2026-06-30,True,extrapolated,"extrapolated realized TTM growth (not consensus, not guidance)","projected from 8 filings, 90d cadence",2026-08-18
SAFT,"Safety Insurance Group, Inc.",Financials,Property & Casualty Insurance,103.36000061035156,1517374628.4802551,4.798754385964911,5.2299999999999995,21.538922873955013,19.762906426453455,-0.08245614035087734,14680482.0,2026-11-06,640348000.0,20194000.0,,67918000.0,50000000.0,edgar,4 quarterly filings,2026-06-30,True,extrapolated,"extrapolated realized TTM growth (not consensus, not guidance)","projected from 8 filings, 91d cadence",2026-08-18
SAH,"Sonic Automotive, Inc.",Consumer Discretionary,Automotive Retail,80.26000213623047,2648580070.4956055,1.945786259541985,3.5700000000000003,41.24810818384683,22.481793315470718,-0.45496183206106866,33000000.0,2026-10-31,2748404000.0,118300000.0,264300000.0,19200000.0,1758800000.0,edgar,4 quarterly filings,2026-06-30,True,extrapolated,"extrapolated realized TTM growth (not consensus, not guidance)","projected from 8 filings, 93d cadence",2026-08-18
SAIA,Saia,Industrials,Cargo Ground Transportation,385.2200012207031,10275608705.561829,10.118723064644852,11.26,38.07002116370536,34.21136778158998,-0.10135674381484439,26674650.0,2026-10-30,1762720000.0,144129000.0,192018000.0,84014000.0,100000000.0,edgar,4 quarterly filings,2026-06-30,True,extrapolated,"extrapolated realized TTM growth (not consensus, not guidance)","projected from 8 filings, 92d cadence",2026-08-18
SAIC,Science Applications Intl Corp,Industrials,Diversified Support Services,124.33999633789062,5256699519.637665,10.2251654676259,8.43,12.160194055691907,14.749703005680976,0.21294964028776975,42276819.0,2026-08-31,1906000000.0,115000000.0,179000000.0,109000000.0,2486000000.0,edgar,4 quarterly filings,2026-05-01,True,extrapolated,"extrapolated realized TTM growth (not consensus, not guidance)","projected from 8 filings, 91d cadence",2026-08-18
SAM,Boston Beer Company,Consumer Staples,Brewers,182.3000030517578,1900842131.8206787,0.3899999999999997,0.7799999999999994,467.4359052609179,233.71795263045894,-0.5,10427000.0,2026-10-22,1002268000.0,-93694000.0,-119688000.0,265549000.0,528000.0,edgar,4 quarterly filings,2026-06-27,True,extrapolated_clamped,realized TTM growth clamped to -50% before extrapolating (raw rate was distorted),"projected from 8 filings, 91d cadence",2026-08-18
SANM,Sanmina Corporation,Information Technology,Electronic Manufacturing Services,217.02999877929688,11632234107.25354,8.567524038461537,5.97,25.331705846986893,36.353433631373015,0.43509615384615374,53597356.0,2026-10-26,7890475000.0,260061000.0,451831000.0,1844942000.0,2172310000.0,edgar,4 quarterly filings,2026-06-27,True,extrapolated,"extrapolated realized TTM growth (not consensus, not guidance)","projected from 8 filings, 91d cadence",2026-08-18
SARO,StandardAero,Industrials,Aerospace & Defense,27.38999938964844,9063883013.11281,1.395,0.9299999999999999,19.63440816462254,29.45161224693381,0.5,330919431.0,2026-11-05,3226550000.0,177208000.0,311581000.0,,2301848000.0,edgar,4 quarterly filings,2026-06-30,True,extrapolated_clamped,realized TTM growth clamped to +50% before extrapolating (raw rate was distorted),"projected from 8 filings, 90d cadence",2026-08-18
SBAC,SBA Communications,Real Estate,Telecom Tower REITs,182.1100006103516,19319705776.851048,10.579656019656023,9.280000000000001,17.213225105996646,19.623922479563745,0.14004914004914015,106088110.0,2026-11-05,1418712000.0,383611000.0,694710000.0,327051000.0,12729222000.0,edgar,4 quarterly filings,2026-06-30,True,extrapolated,"extrapolated realized TTM growth (not consensus, not guidance)","projected from 8 filings, 91d cadence",2026-08-18
SBCF,Seacoast Banking Corporation of Florida,Financials,Regional Banks,35.79999923706055,3466256130.3300667,2.212571428571429,1.76,16.180268250221058,20.340908657420766,0.25714285714285734,96822799.0,2026-11-02,,91430000.0,,429944000.0,112910000.0,edgar,4 quarterly filings,2026-06-30,True,extrapolated,"extrapolated realized TTM growth (not consensus, not guidance)","projected from 8 filings, 90d cadence",2026-08-18
SBH,"Sally Beauty Holdings, Inc.",Consumer Discretionary,Specialty Stores,16.239999771118164,1520426000.651558,2.1993081761006295,1.87,7.384140134427028,8.684491856212922,0.1761006289308178,93622292.0,2026-11-02,2782040000.0,142334000.0,234261000.0,173100000.0,815000000.0,edgar,4 quarterly filings,2026-06-30,True,extrapolated,"extrapolated realized TTM growth (not consensus, not guidance)","projected from 8 filings, 91d cadence",2026-08-18
SBRA,Sabra Health Care REIT,Real Estate,Health Care REITs,20.309999465942383,5188448437.928169,0.34588235294117653,0.42000000000000004,58.7193862110579,48.3571415855771,-0.17647058823529405,255462756.0,2026-11-02,457619000.0,15678000.0,,231584000.0,2626164000.0,edgar,4 quarterly filings,2026-06-30,True,extrapolated,"extrapolated realized TTM growth (not consensus, not guidance)","projected from 8 filings, 91d cadence",2026-08-18
SBSI,"Southside Bancshares, Inc.",Financials,Regional Banks,32.720001220703125,975317141.9866943,2.2520962199312713,2.56,14.52868706546724,12.781250476837158,-0.1202749140893471,29807980.0,2026-10-23,,50096000.0,,397256000.0,207869000.0,edgar,4 quarterly filings,2026-06-30,True,extrapolated,"extrapolated realized TTM growth (not consensus, not guidance)","projected from 8 filings, 91d cadence",2026-08-18
SBUX,Starbucks,Consumer Discretionary,Restaurants,107.91999816894533,123028797912.59767,1.686401515151515,2.11,63.99424881876321,51.1469185634812,-0.2007575757575758,1140000000.0,2026-10-28,28769300000.0,1849600000.0,2699300000.0,3177500000.0,13278600000.0,edgar,4 quarterly filings,2026-06-28,True,extrapolated,"extrapolated realized TTM growth (not consensus, not guidance)","projected from 8 filings, 91d cadence",2026-08-18
SCHL,Scholastic Corporation,Consumer Discretionary,Publishing,41.47999954223633,1284858374.9006004,2.6399999999999997,1.7599999999999998,15.712121038725885,23.568181558088824,0.5,30975371.0,2026-10-23,898900000.0,56700000.0,15200000.0,134900000.0,75000000.0,edgar,4 quarterly filings,2026-02-28,True,extrapolated_clamped,realized TTM growth clamped to +50% before extrapolating (raw rate was distorted),"projected from 8 filings, 91d cadence",2026-08-18
SCHW,Charles Schwab Corporation,Financials,Investment Banking & Brokerage,110.58000183105467,191229946420.62823,7.875,5.25,14.04190499441964,21.06285749162946,0.5,1729335714.0,2026-11-06,13554000000.0,5279000000.0,,40580000000.0,18914000000.0,edgar,4 quarterly filings,2026-06-30,True,extrapolated_clamped,realized TTM growth clamped to +50% before extrapolating (raw rate was distorted),"projected from 8 filings, 91d cadence",2026-08-18
SCI,Service Corp Intl,Consumer Discretionary,Specialized Consumer Services,82.52999877929688,11275205022.448181,3.631404011461318,3.56,22.726746602366028,23.182583926768785,0.02005730659025784,136619474.0,2026-10-29,2199742000.0,260633000.0,475402000.0,260411000.0,5303165000.0,edgar,4 quarterly filings,2026-06-30,True,extrapolated,"extrapolated realized TTM growth (not consensus, not guidance)","projected from 8 filings, 91d cadence",2026-08-18
SCL,Stepan Company,Materials,Specialty Chemicals,64.72000122070312,1471250016.5496826,0.07999999999999996,0.15999999999999992,809.0000152587895,404.50000762939476,-0.5,22732540.0,2026-11-04,1803737000.0,-18495000.0,-12412000.0,113705000.0,647354000.0,edgar,4 quarterly filings,2026-06-30,True,extrapolated_clamped,realized TTM growth clamped to -50% before extrapolating (raw rate was distorted),"projected from 8 filings, 91d cadence",2026-08-18
SCSC,"ScanSource, Inc.",Information Technology,Technology Distributors,51.709999084472656,1050981375.982338,3.1401257861635226,3.16,16.467492898636337,16.363923760909067,-0.0062893081761005165,20324529.0,2026-11-05,3846260000.0,53255000.0,66891000.0,120295000.0,347672000.0,edgar,4 quarterly filings,2026-03-31,True,extrapolated,"extrapolated realized TTM growth (not consensus, not guidance)","projected from 8 filings, 91d cadence",2026-08-18
SDGR,"Schrödinger, Inc.",Health Care,Health Care Services,17.399999618530273,1095805274.3760605,-1.77,-1.77,-9.830508259056652,-9.830508259056652,,62977316.0,2026-11-04,117476000.0,-54051000.0,-90341000.0,287853000.0,,edgar,4 quarterly filings,2026-06-30,True,flat,no growth signal; forward EPS held flat at trailing,"projected from 8 filings, 91d cadence",2026-08-18
SEDG,SolarEdge,Information Technology,Semiconductor Materials & Equipment,30.790000915527344,1894377837.2485046,-4.42,-4.42,-6.966063555549173,-6.966063555549173,,61525748.0,2026-11-04,656746000.0,-88119000.0,-71089000.0,527257000.0,3444000.0,edgar,4 quarterly filings,2026-06-30,True,flat,no growth signal; forward EPS held flat at trailing,"projected from 8 filings, 91d cadence",2026-08-18
SEI,"Solaris Energy Infrastructure, Inc.",Energy,Oil & Gas Equipment & Services,65.97000122070312,1974020.3465270996,1.59,1.59,41.49056680547366,41.49056680547366,0.0,29923.0,2026-11-06,415639000.0,41924000.0,107072000.0,824101000.0,1609000000.0,edgar,4 quarters vs prior 10-K,2018-12-31,True,extrapolated,"extrapolated realized TTM growth (not consensus, not guidance)","projected from 8 filings, 92d cadence",2026-08-18
SEIC,SEI Investments Company,Financials,Asset Management & Custody Banks,105.47000122070312,12658423272.04779,8.373840909090909,6.07,12.595176140282476,17.37561799352605,0.3795454545454544,120019182.0,2026-10-26,1263800000.0,370145000.0,386502000.0,399804000.0,32415000.0,edgar,4 quarterly filings,2026-06-30,True,extrapolated,"extrapolated realized TTM growth (not consensus, not guidance)","projected from 8 filings, 91d cadence",2026-08-18
SEZL,Sezzle,Financials,Transaction & Payment Processing Services,122.18000030517578,4114413220.7967987,6.255,4.17,19.53317351002011,29.299760265030162,0.5,33675014.0,2026-11-06,285222000.0,92068000.0,123997000.0,79757000.0,,edgar,4 quarterly filings,2026-06-30,True,extrapolated_clamped,realized TTM growth clamped to +50% before extrapolating (raw rate was distorted),"projected from 8 filings, 91d cadence",2026-08-18
SF,Stifel,Financials,Investment Banking & Brokerage,83.98999786376953,5844397722.86158,6.9846938775510194,5.55,12.02486455902033,15.133332948426943,0.25850340136054406,69584449.0,2026-11-04,3304431000.0,477896000.0,928444000.0,2191628000.0,617855000.0,edgar,4 quarterly filings,2026-06-30,True,extrapolated,"extrapolated realized TTM growth (not consensus, not guidance)","projected from 8 filings, 91d cadence",2026-08-18
SFBS,"ServisFirst Bancshares, Inc.",Financials,Regional Banks,90.52999877929688,4949502263.561096,7.086707021791768,5.41,12.774621344005798,16.73382602205118,0.3099273607748185,54672510.0,2026-11-07,,168764000.0,,1548927000.0,,edgar,4 quarterly filings,2026-06-30,True,extrapolated,"extrapolated realized TTM growth (not consensus, not guidance)","projected from 8 filings, 92d cadence",2026-08-18
SFM,Sprouts Farmers Market,Consumer Staples,Food Retail,80.5999984741211,7515758432.715416,6.678347280334728,5.65,12.068854027920707,14.265486455596653,0.18200836820083688,93247625.0,2026-10-28,4654983000.0,292919000.0,389481000.0,223928000.0,125000000.0,edgar,4 quarterly filings,2026-06-28,True,extrapolated,"extrapolated realized TTM growth (not consensus, not guidance)","projected from 8 filings, 91d cadence",2026-08-18
SFNC,Simmons First National Corporation,Financials,Regional Banks,23.940000534057617,3459660185.83869,-1.32,-2.64,-18.13636404095274,-9.06818202047637,-0.5,144513789.0,2026-11-04,,135235000.0,,833458000.0,1253284000.0,edgar,4 quarterly filings,2026-06-30,True,extrapolated_clamped,realized TTM growth clamped to -50% before extrapolating (raw rate was distorted),"projected from 8 filings, 91d cadence",2026-08-18
SGI,Somnigroup International,Consumer Discretionary,Home Furnishings,65.01000213623047,13675861019.299171,3.356037735849057,2.31,19.37105815044816,28.142858067632236,0.4528301886792454,210365491.0,2026-11-06,2026800000.0,215100000.0,388800000.0,69400000.0,4606700000.0,edgar,4 quarterly filings,2026-06-30,True,extrapolated,"extrapolated realized TTM growth (not consensus, not guidance)","projected from 8 filings, 91d cadence",2026-08-18
SHAK,"Shake Shack, Inc.",Consumer Discretionary,Restaurants,74.19000244140625,3106557972.229004,1.605,1.07,46.22430058654595,69.33645087981893,0.5,41873000.0,2026-11-05,784355000.0,15390000.0,18112000.0,307962000.0,248255000.0,edgar,4 quarterly filings,2026-07-01,True,extrapolated_clamped,realized TTM growth clamped to +50% before extrapolating (raw rate was distorted),"projected from 8 filings, 92d cadence",2026-08-18
SHC,Sotera Health,Health Care,Health Care Services,18.799999237060547,5365045928.27631,0.72,0.48,26.111110051472984,39.16666507720947,0.5,285374795.0,2026-11-05,601420000.0,80232000.0,297626000.0,356716000.0,2139457000.0,edgar,4 quarterly filings,2026-06-30,True,extrapolated_clamped,realized TTM growth clamped to +50% before extrapolating (raw rate was distorted),"projected from 8 filings, 91d cadence",2026-08-18
SHEN,Shenandoah Telecommunications Co,Communication Services,Wireless Telecommunication Services,12.619999885559082,698163646.2888994,-0.445,-0.89,-28.35955030462715,-14.179775152313574,-0.5,55322001.0,2026-10-28,92153000.0,-15751000.0,-10469000.0,43767000.0,707405000.0,edgar,4 quarterly filings,2026-03-31,True,extrapolated_clamped,realized TTM growth clamped to -50% before extrapolating (raw rate was distorted),"projected from 8 filings, 91d cadence",2026-08-18
SHO,"Sunstone Hotel Investors, Inc.",Real Estate,Hotel & Resort REITs,10.890000343322754,2024929581.328786,0.3111764705882353,0.23,34.996220384969156,47.34782757966415,0.3529411764705881,185943941.0,2026-11-05,191212000.0,,-69807000.0,94431000.0,968373000.0,edgar,4 quarterly filings,2026-06-30,True,extrapolated,"extrapolated realized TTM growth (not consensus, not guidance)","projected from 8 filings, 91d cadence",2026-08-18
SHOO,"Steven Madden, Ltd.",Consumer Discretionary,Footwear,46.59999847412109,3410052515.340614,0.5549999999999999,1.1099999999999999,83.9639612146326,41.9819806073163,-0.5,73177095.0,2026-10-29,1318961000.0,99549000.0,138061000.0,112423000.0,124832000.0,edgar,4 quarterly filings,2026-06-30,True,extrapolated_clamped,realized TTM growth clamped to -50% before extrapolating (raw rate was distorted),"projected from 8 filings, 90d cadence",2026-08-18
SHW,Sherwin-Williams,Materials,Specialty Chemicals,349.9700012207031,84958070401.80563,13.363840375586854,11.93,26.187831595177574,29.33528928924586,0.12018779342722996,242758151.0,2026-10-28,17900800000.0,1378300000.0,3618400000.0,293500000.0,9825700000.0,edgar,4 quarterly filings,2026-06-30,True,extrapolated,"extrapolated realized TTM growth (not consensus, not guidance)","projected from 8 filings, 92d cadence",2026-08-18
SIG,Signet Jewelers,Consumer Discretionary,Specialty Stores,86.11000061035156,3386687638.1349945,1.83,1.83,47.05464514226861,47.05464514226861,,39329783.0,2026-09-01,6247100000.0,31700000.0,36900000.0,602800000.0,613100000.0,edgar,4 quarterly filings,2026-05-02,True,flat,no growth signal; forward EPS held flat at trailing,"projected from 8 filings, 91d cadence",2026-08-18
SIGI,Selective Insurance Group,Financials,Property & Casualty Insurance,92.0999984741211,5486315769.004738,10.350000000000001,6.9,8.898550577209766,13.34782586581465,0.5,59569119.0,2026-10-23,2745960000.0,227061000.0,,,507938000.0,edgar,4 quarterly filings,2026-06-30,True,extrapolated_clamped,realized TTM growth clamped to +50% before extrapolating (raw rate was distorted),"projected from 8 filings, 91d cadence",2026-08-18
SIRI,SiriusXM,Communication Services,Broadcasting,29.125,9817073200.375,2.83,2.83,10.291519434628976,10.291519434628976,,337066891.0,2026-10-29,1375102000.0,484000000.0,926000000.0,174000000.0,2434753000.0,edgar,4 quarterly filings,2026-06-30,True,flat,no growth signal; forward EPS held flat at trailing,"projected from 8 filings, 91d cadence",2026-08-18
SITM,SiTime,Information Technology,Semiconductors,749.4400024414062,22536437293.255615,-0.69,-0.69,-1086.144931074502,-1086.144931074502,,30071036.0,2026-11-05,270999000.0,12939000.0,-4123000.0,,,edgar,4 quarterly filings,2026-06-30,True,flat,no growth signal; forward EPS held flat at trailing,"projected from 8 filings, 91d cadence",2026-08-18
SJM,J.M. Smucker Company (The),Consumer Staples,Packaged Foods & Meats,117.83000183105467,12567999326.694197,-5.58,-11.16,-21.116487783343132,-10.558243891671566,-0.5,106662133.0,2026-09-06,,-138700000.0,360200000.0,48800000.0,6542800000.0,edgar,4 quarterly filings,2026-01-31,True,extrapolated_clamped,realized TTM growth clamped to -50% before extrapolating (raw rate was distorted),"projected from 8 filings, 89d cadence",2026-08-18
SKT,"Tanger Factory Outlet Centers, Inc.",Real Estate,Retail REITs,38.40999984741211,4412501949.960857,1.413456790123457,1.07,27.174512949955286,35.89719611907674,0.32098765432098775,114878989.0,2026-11-05,306805000.0,61502000.0,,176878000.0,1860963000.0,edgar,4 quarterly filings,2026-06-30,True,extrapolated,"extrapolated realized TTM growth (not consensus, not guidance)","projected from 8 filings, 91d cadence",2026-08-18
SKY,"Champion Homes, Inc.",Consumer Discretionary,Homebuilding,93.20999908447266,5059451240.445053,4.488999999999999,4.02,20.764089793823274,23.186566936435987,0.11666666666666647,54280134.0,2026-11-04,710234000.0,49157000.0,60273000.0,784712000.0,23779000.0,edgar,4 quarterly filings,2026-06-27,True,extrapolated,"extrapolated realized TTM growth (not consensus, not guidance)","projected from 8 filings, 91d cadence",2026-08-18
SKYW,"SkyWest, Inc.",Industrials,Passenger Airlines,105.5999984741211,4100271060.752678,14.748738853503186,10.76,7.159934115250709,9.814126252241737,0.3707006369426753,38828325.0,2026-10-23,2971963000.0,202392000.0,279516000.0,81407000.0,2296458000.0,edgar,4 quarterly filings,2026-06-30,True,extrapolated,"extrapolated realized TTM growth (not consensus, not guidance)","projected from 8 filings, 91d cadence",2026-08-18
SLAB,Silicon Labs,Information Technology,Semiconductors,219.2899932861328,7316996795.669998,-1.77,-1.77,-123.89265157408633,-123.89265157408633,,33366761.0,2026-11-12,491625000.0,-26489000.0,-27748000.0,362191000.0,72500000.0,edgar,4 quarterly filings,2026-07-04,True,flat,no growth signal; forward EPS held flat at trailing,"projected from 8 filings, 93d cadence",2026-08-18
SLB,Schlumberger,Energy,Oil & Gas Equipment & Services,53.86000061035156,79935955327.50914,1.7491780821917806,2.26,30.791605016490443,23.831858677146712,-0.226027397260274,1484143231.0,2026-10-29,7829000000.0,1538000000.0,1649000000.0,3172000000.0,11140000000.0,edgar,4 quarterly filings,2026-06-30,True,extrapolated,"extrapolated realized TTM growth (not consensus, not guidance)","projected from 8 filings, 92d cadence",2026-08-18
SLG,SL Green Realty,Real Estate,Office REITs,56.11000061035156,3990794784.5409393,-1.3199999999999998,-1.3199999999999998,-42.50757621996331,-42.50757621996331,,71124483.0,2026-11-05,253080000.0,-80653000.0,145270000.0,143867000.0,3227563000.0,edgar,4 quarterly filings,2026-03-31,True,flat,no growth signal; forward EPS held flat at trailing,"projected from 8 filings, 91d cadence",2026-08-18
SLGN,Silgan Holdings,Materials,"Metal, Glass & Plastic Containers",41.66999816894531,4403769579.890442,3.6932258064516126,3.21,11.282818964427502,12.981307840792933,0.15053763440860202,105682020.0,2026-11-05,2206854000.0,138797000.0,359486000.0,351527000.0,1685898000.0,edgar,4 quarterly filings,2026-06-30,True,extrapolated,"extrapolated realized TTM growth (not consensus, not guidance)","projected from 8 filings, 91d cadence",2026-08-18
SLM,SLM Corp,Financials,Consumer Finance,27.280000686645508,5127193143.292934,2.1770140845070425,2.7800000000000002,12.530925215774486,9.812949887282556,-0.21690140845070416,187946958.0,2026-10-22,,366479000.0,,4588129000.0,5844116000.0,edgar,4 quarterly filings,2026-06-30,True,extrapolated,"extrapolated realized TTM growth (not consensus, not guidance)","projected from 8 filings, 91d cadence",2026-08-18
SLVM,Sylvamo Corp.,Materials,Paper Products,36.43000030517578,1448465664.6238632,0.71,1.42,51.309859584754626,25.654929792377313,-0.5,39760243.0,2026-11-06,1561000000.0,-14000000.0,-1000000.0,,1500000000.0,edgar,4 quarterly filings,2026-06-30,True,extrapolated_clamped,realized TTM growth clamped to -50% before extrapolating (raw rate was distorted),"projected from 8 filings, 91d cadence",2026-08-18
SM,SM Energy Company,Energy,Oil & Gas Exploration & Production,35.47999954223633,8439062223.759048,5.232594268476622,5.890000000000001,6.78057531729203,6.023769022450989,-0.11161387631975861,237854068.0,2026-11-06,3979000000.0,736000000.0,1198000000.0,620000000.0,1570648000.0,edgar,4 quarterly filings,2026-06-30,True,extrapolated,"extrapolated realized TTM growth (not consensus, not guidance)","projected from 8 filings, 92d cadence",2026-08-18
SMCI,Supermicro,Information Technology,"Technology Hardware, Storage & Peripherals",38.27999877929688,23022298756.806583,1.303191489361702,1.75,29.374039879623734,21.874285016741077,-0.25531914893617025,601418482.0,2026-11-09,2484929000.0,1052236000.0,1282422000.0,1290324000.0,120179000.0,edgar,4 quarterly filings,2026-03-31,True,extrapolated,"extrapolated realized TTM growth (not consensus, not guidance)","projected from 8 filings, 91d cadence",2026-08-18
SMG,Scotts Miracle-Gro Company,Materials,Fertilizers & Agricultural Chemicals,59.20000076293945,3446640265.218544,5.304435590969456,6.32,11.160471222183295,9.367088728313204,-0.16069057104913675,58220274.0,2026-11-04,3016500000.0,225800000.0,549700000.0,27700000.0,2105200000.0,edgar,4 quarterly filings,2026-06-27,True,extrapolated,"extrapolated realized TTM growth (not consensus, not guidance)","projected from 8 filings, 91d cadence",2026-08-18
SMP,"Standard Motor Products, Inc.",Consumer Discretionary,Automotive Parts & Equipment,38.7599983215332,865909719.18256,4.53,3.02,8.556291020206004,12.834436530309008,0.5,22340293.0,2026-11-03,238911000.0,47504000.0,84937000.0,87201000.0,588827000.0,edgar,4 quarterly filings,2026-06-30,True,extrapolated_clamped,realized TTM growth clamped to +50% before extrapolating (raw rate was distorted),"projected from 8 filings, 91d cadence",2026-08-18
SMPL,Simply Good Foods Company,Consumer Staples,Packaged Foods & Meats,10.84000015258789,958912321.298008,-0.825,-1.65,-13.139394124348959,-6.5696970621744795,-0.5,88460545.0,2026-10-08,222286000.0,-186401000.0,-225598000.0,123884000.0,397485000.0,edgar,4 quarterly filings,2026-05-30,True,extrapolated_clamped,realized TTM growth clamped to -50% before extrapolating (raw rate was distorted),"projected from 8 filings, 91d cadence",2026-08-18
SMTC,Semtech,Information Technology,Semiconductors,154.22000122070312,14365773242.669922,0.15000000000000002,0.15000000000000002,1028.133341471354,1028.133341471354,,93151168.0,2026-08-26,291018000.0,26563000.0,25791000.0,163310000.0,491982000.0,edgar,4 quarterly filings,2026-04-26,True,flat,no growth signal; forward EPS held flat at trailing,"projected from 8 filings, 91d cadence",2026-08-18
SN,SharkNinja,Consumer Discretionary,Household Appliances,183.6199951171875,25866833690.390625,2.594412955465587,3.58,70.77516119026453,51.29050142938198,-0.2753036437246964,140871552.0,2026-10-22,3178282000.0,251278000.0,343905000.0,779832000.0,677123000.0,edgar,4 quarters vs prior 10-K,2026-06-30,True,extrapolated,"extrapolated realized TTM growth (not consensus, not guidance)","projected from 3 filings, 78d cadence",2026-08-18
SNA,Snap-on,Industrials,Industrial Machinery & Supplies & Components,401.2200012207031,20753956754.423462,19.59208441896821,19.39,20.478678666383207,20.692109397663906,0.010422094841062934,51727124.0,2026-10-24,2643100000.0,507600000.0,655200000.0,1644700000.0,1204000000.0,edgar,4 quarterly filings,2026-07-04,True,extrapolated,"extrapolated realized TTM growth (not consensus, not guidance)","projected from 8 filings, 93d cadence",2026-08-18
SNDK,Sandisk,Information Technology,"Technology Hardware, Storage & Peripherals",1786.8499755859375,261628788362.16736,7.800000000000001,15.600000000000001,229.0833302033253,114.54166510166264,-0.5,146419001.0,2026-11-15,20248000000.0,11433000000.0,12389000000.0,4762000000.0,0.0,edgar,4 quarters vs prior 10-K,2026-04-03,True,extrapolated_clamped,realized TTM growth clamped to -50% before extrapolating (raw rate was distorted),"projected from 7 filings, 90d cadence",2026-08-18
SNDR,Schneider National,Industrials,Cargo Ground Transportation,36.40999984741211,6404518973.15979,0.8130645161290324,0.7100000000000001,44.78119401982841,51.28168992593254,0.14516129032258074,175900000.0,2026-10-30,2967200000.0,70100000.0,104800000.0,292700000.0,185000000.0,edgar,4 quarterly filings,2026-06-30,True,extrapolated,"extrapolated realized TTM growth (not consensus, not guidance)","projected from 8 filings, 91d cadence",2026-08-18
SNEX,StoneX Group Inc.,Financials,Investment Banking & Brokerage,68.41000366210938,8251391283.061676,7.511488933601608,6.109999999999999,9.107382606407988,11.196399944698753,0.22937625754527158,120616735.0,2026-11-04,124983800000.0,441200000.0,-40600000.0,2194300000.0,186700000.0,edgar,4 quarterly filings,2026-06-30,True,extrapolated,"extrapolated realized TTM growth (not consensus, not guidance)","projected from 8 filings, 91d cadence",2026-08-18
SNPS,Synopsys,Information Technology,Application Software,413.2200012207031,79123086910.23941,2.07,4.14,199.62318899550877,99.81159449775438,-0.5,191479325.0,2026-08-26,5081542000.0,82063000.0,323472000.0,2412472000.0,10035962000.0,edgar,4 quarterly filings,2026-04-30,True,extrapolated_clamped,realized TTM growth clamped to -50% before extrapolating (raw rate was distorted),"projected from 8 filings, 91d cadence",2026-08-18
SNX,TD Synnex,Information Technology,Technology Distributors,263.8800048828125,21099515868.183594,19.71,13.14,13.388128101614027,20.08219215242104,0.5,79958752.0,2026-10-01,20053764000.0,661003000.0,1008722000.0,1094181000.0,966966000.0,edgar,4 quarterly filings,2026-05-31,True,extrapolated_clamped,realized TTM growth clamped to +50% before extrapolating (raw rate was distorted),"projected from 8 filings, 91d cadence",2026-08-18
SO,Southern Company,Utilities,Electric Utilities,92.29000091552734,104038619366.49498,4.680750000000001,4.74,19.71692590194463,19.470464328170326,-0.012499999999999956,1127301098.0,2026-10-29,8397000000.0,1356000000.0,2018000000.0,981000000.0,,edgar,4 quarterly filings,2026-03-31,True,extrapolated,"extrapolated realized TTM growth (not consensus, not guidance)","projected from 8 filings, 91d cadence",2026-08-18
SOLS,Solstice Advanced Materials,Materials,Specialty Chemicals,62.54999923706055,9935902809.759075,4.11,2.74,15.218977916559743,22.828466874839613,0.5,158847369.0,2026-10-24,2139000000.0,204000000.0,,750000000.0,2000000000.0,edgar,4 quarters vs prior 10-K,2026-06-30,True,extrapolated_clamped,realized TTM growth clamped to +50% before extrapolating (raw rate was distorted),"projected from 4 filings, 86d cadence",2026-08-18
SOLV,Solventum,Health Care,Health Care Technology,86.81999969482422,14778824099.83184,12.495000000000001,8.33,6.9483793273168635,10.422568990975297,0.5,170223729.0,2026-11-03,4216000000.0,105000000.0,262000000.0,403000000.0,5035000000.0,edgar,4 quarterly filings,2026-06-30,True,extrapolated_clamped,realized TTM growth clamped to +50% before extrapolating (raw rate was distorted),"projected from 8 filings, 90d cadence",2026-08-18
SON,Sonoco,Materials,Paper & Plastic Packaging Products & Materials,56.75,5610798100.75,11.129999999999999,7.42,5.098831985624439,7.6482479784366575,0.5,98868689.0,2026-10-27,7518753000.0,67601000.0,127092000.0,224479000.0,1385162000.0,edgar,4 quarterly filings,2026-03-29,True,extrapolated_clamped,realized TTM growth clamped to +50% before extrapolating (raw rate was distorted),"projected from 8 filings, 91d cadence",2026-08-18
SONO,"Sonos, Inc.",Consumer Discretionary,Consumer Electronics,15.449999809265137,1827641952.987214,0.73,0.73,21.164383300363202,21.164383300363202,,118293979.0,2026-10-26,1202449000.0,94765000.0,100374000.0,206894000.0,24937000.0,edgar,4 quarterly filings,2026-06-27,True,flat,no growth signal; forward EPS held flat at trailing,"projected from 8 filings, 89d cadence",2026-08-18
SPG,Simon Property Group,Real Estate,Retail REITs,221.6699981689453,62799372273.530045,21.27,14.18,10.421720647341106,15.632580971011658,0.5,283301181.0,2026-11-10,3547691000.0,,1586260000.0,1019091000.0,28699607000.0,edgar,4 quarterly filings,2026-06-30,True,extrapolated_clamped,realized TTM growth clamped to +50% before extrapolating (raw rate was distorted),"projected from 8 filings, 92d cadence",2026-08-18
SPGI,S&P Global,Financials,Financial Exchanges & Data,410.5299987792969,121516879638.67188,20.545063398140318,15.59,19.98192903198619,26.332905630487293,0.31783601014370233,296000000.0,2026-10-26,1567000000.0,1395000000.0,2002000000.0,1810000000.0,13318000000.0,edgar,4 quarterly filings,2026-03-31,True,extrapolated,"extrapolated realized TTM growth (not consensus, not guidance)","projected from 8 filings, 90d cadence",2026-08-18
SPHR,Sphere Entertainment,Communication Services,Movies & Entertainment,171.60000610351562,6180174219.818115,-0.5199999999999998,-0.5199999999999998,-330.0000117375302,-330.0000117375302,,36015000.0,2026-10-26,700051000.0,-33867000.0,-54060000.0,550974000.0,649382000.0,edgar,4 quarterly filings,2026-06-30,True,flat,no growth signal; forward EPS held flat at trailing,"projected from 8 filings, 88d cadence",2026-08-18
SPNT,SiriusPoint Ltd.,Financials,Reinsurance,23.450000762939453,2724069713.826874,3.945,2.63,5.944233399984652,8.91635009997698,0.5,116165016.0,2026-10-27,1518700000.0,170800000.0,,614800000.0,675500000.0,edgar,4 quarterly filings,2026-06-30,True,extrapolated_clamped,realized TTM growth clamped to +50% before extrapolating (raw rate was distorted),"projected from 8 filings, 90d cadence",2026-08-18
SPSC,"SPS Commerce, Inc.",Information Technology,Application Software,76.2300033569336,2744293384.8701935,1.6889351851851855,1.9100000000000001,45.13494894629438,39.91099652195476,-0.1157407407407407,36000174.0,2026-10-29,59092000.0,26593000.0,32972000.0,173167000.0,,edgar,4 quarterly filings,2026-06-30,True,extrapolated,"extrapolated realized TTM growth (not consensus, not guidance)","projected from 8 filings, 91d cadence",2026-08-18
SPXC,SPX Technologies,Industrials,Industrial Machinery & Supplies & Components,217.6300048828125,10900185956.359863,6.331980676328502,5.12,34.369973000139,42.505860328674316,0.23671497584541057,50085860.0,2026-10-30,1245800000.0,138300000.0,202700000.0,166400000.0,,edgar,4 quarterly filings,2026-06-27,True,extrapolated,"extrapolated realized TTM growth (not consensus, not guidance)","projected from 8 filings, 91d cadence",2026-08-18
SR,Spire,Utilities,Gas Utilities,82.29000091552734,4864720867.80304,14.91,9.94,5.51911474953235,8.278672124298526,0.5,59116792.0,2026-11-04,1725800000.0,377200000.0,465400000.0,49500000.0,975000000.0,edgar,4 quarterly filings,2026-03-31,True,extrapolated_clamped,realized TTM growth clamped to +50% before extrapolating (raw rate was distorted),"projected from 8 filings, 91d cadence",2026-08-18
SRE,Sempra,Utilities,Multi-Utilities,85.94000244140625,56178124149.162964,3.194690265486726,3.8,26.90088719080029,22.61579011615954,-0.15929203539823,653690046.0,2026-11-05,13702000000.0,1037000000.0,,794000000.0,,edgar,4 quarterly filings,2026-03-31,True,extrapolated,"extrapolated realized TTM growth (not consensus, not guidance)","projected from 8 filings, 91d cadence",2026-08-18
SRPT,Sarepta Therapeutics,Health Care,Biotechnology,18.18000030517578,1920299274.0148087,-1.6000000000000003,-1.6000000000000003,-11.362500190734862,-11.362500190734862,,105627021.0,2026-11-04,1132054000.0,326069000.0,371724000.0,571148000.0,847623000.0,edgar,4 quarterly filings,2026-06-30,True,flat,no growth signal; forward EPS held flat at trailing,"projected from 8 filings, 91d cadence",2026-08-18
SSB,South State Bank,Financials,Regional Banks,110.81999969482422,10746717828.28572,13.74,9.16,8.065502161195358,12.098253241793037,0.5,96974534.0,2026-10-30,,455842000.0,,396849000.0,55358000.0,edgar,4 quarterly filings,2026-06-30,True,extrapolated_clamped,realized TTM growth clamped to +50% before extrapolating (raw rate was distorted),"projected from 8 filings, 91d cadence",2026-08-18
SSD,Simpson Manufacturing,Industrials,Building Products,195.88999938964844,8028489331.964935,12.95735872235872,10.27,15.11805018191155,19.074001887989137,0.2616707616707614,40984682.0,2026-11-05,1259040000.0,215258000.0,283747000.0,450526000.0,292500000.0,edgar,4 quarterly filings,2026-06-30,True,extrapolated,"extrapolated realized TTM growth (not consensus, not guidance)","projected from 8 filings, 91d cadence",2026-08-18
ST,Sensata Technologies,Industrials,Electrical Components & Equipment,45.91999816894531,6683006516.555878,0.2899999999999999,0.5799999999999998,158.34482127222526,79.17241063611263,-0.5,145535862.0,2026-10-28,1925400000.0,189200000.0,307000000.0,403300000.0,2846000000.0,edgar,4 quarterly filings,2026-06-30,True,extrapolated_clamped,realized TTM growth clamped to -50% before extrapolating (raw rate was distorted),"projected from 8 filings, 91d cadence",2026-08-18
STAA,STAAR Surgical Company,Health Care,Health Care Equipment,24.09000015258789,1207968582.2113647,0.09999999999999998,0.09999999999999998,240.90000152587896,240.90000152587896,,50143984.0,2026-11-13,187057000.0,13264000.0,18080000.0,148579000.0,,edgar,4 quarterly filings,2026-07-03,True,flat,no growth signal; forward EPS held flat at trailing,"projected from 8 filings, 93d cadence",2026-08-18
STAG,STAG Industrial,Real Estate,Industrial REITs,36.79999923706055,7036345878.12212,,,,,,191205055.0,2026-10-27,224207000.0,61999000.0,,8856000.0,3204042000.0,edgar,insufficient EPS filings,,False,flat,no growth signal; forward EPS held flat at trailing,"projected from 8 filings, 91d cadence",2026-08-18
STBA,"S&T Bancorp, Inc.",Financials,Regional Banks,51.0,1798540092.0,4.002923976608188,3.7,12.740686632578521,13.783783783783782,0.08187134502923987,35265492.0,2026-11-05,,71715000.0,,217819000.0,113144000.0,edgar,4 quarterly filings,2026-06-30,True,extrapolated,"extrapolated realized TTM growth (not consensus, not guidance)","projected from 8 filings, 91d cadence",2026-08-18
STC,Stewart Information Services Corporation,Financials,Property & Casualty Insurance,68.06999969482422,2077646076.615364,6.659999999999999,4.4399999999999995,10.220720674898532,15.331081012347799,0.5,30522199.0,2026-11-03,1680546000.0,54181000.0,,261631000.0,445841000.0,edgar,4 quarterly filings,2026-06-30,True,extrapolated_clamped,realized TTM growth clamped to +50% before extrapolating (raw rate was distorted),"projected from 8 filings, 91d cadence",2026-08-18
STE,Steris,Health Care,Health Care Equipment,229.75,22400650272.5,11.16,7.4399999999999995,20.586917562724015,30.880376344086024,0.5,97500110.0,2026-11-06,1492700000.0,200100000.0,285800000.0,482300000.0,1650200000.0,edgar,4 quarterly filings,2025-12-31,True,extrapolated_clamped,realized TTM growth clamped to +50% before extrapolating (raw rate was distorted),"projected from 8 filings, 91d cadence",2026-08-18
STEP,StepStone Group,Financials,Asset Management & Custody Banks,48.27999877929688,3958751040.627625,-8.11,-8.11,-5.953144115819591,-5.953144115819591,,81995674.0,2026-11-06,378889000.0,-115816000.0,,143562000.0,270246000.0,edgar,4 quarterly filings,2026-06-30,True,flat,no growth signal; forward EPS held flat at trailing,"projected from 8 filings, 91d cadence",2026-08-18
STLD,Steel Dynamics,Materials,Steel,258.1600036621094,37001579722.963135,12.741740890688257,11.219999999999999,20.260967938123297,23.00891298236269,0.13562753036437236,143328088.0,2026-10-24,14561893000.0,937523000.0,1238483000.0,567708000.0,4200000000.0,edgar,4 quarterly filings,2026-06-30,True,extrapolated,"extrapolated realized TTM growth (not consensus, not guidance)","projected from 8 filings, 88d cadence",2026-08-18
STRA,"Strategic Education, Inc.",Consumer Discretionary,Education Services,80.69000244140625,1791927989.9276733,6.708662551440329,5.71,12.02773307238152,14.131348938950307,0.17489711934156382,22207559.0,2026-10-28,997137000.0,69968000.0,91565000.0,123755000.0,115625000.0,edgar,4 quarterly filings,2026-06-30,True,extrapolated,"extrapolated realized TTM growth (not consensus, not guidance)","projected from 8 filings, 91d cadence",2026-08-18
STRL,Sterling Infrastructure,Industrials,Construction & Engineering,603.8900146484375,18472100583.093994,20.055,13.370000000000001,30.111693575090378,45.16754036263556,0.5,30588518.0,2026-11-03,222492000.0,251795000.0,357075000.0,464451000.0,79911000.0,edgar,4 quarterly filings,2026-06-30,True,extrapolated_clamped,realized TTM growth clamped to +50% before extrapolating (raw rate was distorted),"projected from 8 filings, 91d cadence",2026-08-18
STT,State Street Corporation,Financials,Asset Management & Custody Banks,193.0399932861328,53028426871.28883,15.72737851662404,11.09,12.27413666442167,17.406672072690064,0.418158567774936,274701765.0,2026-10-29,7844000000.0,1848000000.0,,,11834000000.0,edgar,4 quarterly filings,2026-06-30,True,extrapolated,"extrapolated realized TTM growth (not consensus, not guidance)","projected from 7 filings, 91d cadence",2026-08-18
STWD,Starwood Property Trust,Financials,Mortgage REITs,16.239999771118164,6011543663.275051,0.393828125,0.71,41.23626206512845,22.873239114250936,-0.4453125,370168950.0,2026-11-05,1026124000.0,58435000.0,118065000.0,367592000.0,2326988000.0,edgar,4 quarterly filings,2026-06-30,True,extrapolated,"extrapolated realized TTM growth (not consensus, not guidance)","projected from 8 filings, 91d cadence",2026-08-18
STX,Seagate Technology,Information Technology,"Technology Hardware, Storage & Peripherals",994.7899780273438,225463695081.2379,14.805000000000001,9.870000000000001,67.1928387725325,100.78925815879875,0.5,226644518.0,2026-11-04,7384000000.0,3184000000.0,4094000000.0,1704000000.0,964000000.0,edgar,4 quarterly filings,2026-04-03,True,extrapolated_clamped,realized TTM growth clamped to +50% before extrapolating (raw rate was distorted),"projected from 8 filings, 92d cadence",2026-08-18
STZ,Constellation Brands,Consumer Staples,Distillers & Vintners,130.55999755859375,,,,,,,,2026-09-30,2432700000.0,653800000.0,845300000.0,96600000.0,10197500000.0,edgar,none,,False,flat,no growth signal; forward EPS held flat at trailing,"projected from 8 filings, 91d cadence",2026-08-18
SUPN,"Supernus Pharmaceuticals, Inc.",Health Care,Pharmaceuticals,48.27000045776367,2805790944.118435,-0.725,-1.45,-66.57931097622576,-33.28965548811288,-0.5,58127013.0,2026-11-02,94976000.0,-60664000.0,-66295000.0,179953000.0,23225000.0,edgar,4 quarterly filings,2026-06-30,True,extrapolated_clamped,realized TTM growth clamped to -50% before extrapolating (raw rate was distorted),"projected from 8 filings, 91d cadence",2026-08-18
SW,Smurfit Westrock,Materials,Paper & Plastic Packaging Products & Materials,47.810001373291016,25077440951.802597,0.355,0.71,134.67606020645357,67.33803010322679,-0.5,524522908.0,2026-10-29,15743000000.0,154000000.0,562000000.0,677000000.0,13223000000.0,edgar,4 quarterly filings,2026-06-30,True,extrapolated_clamped,realized TTM growth clamped to -50% before extrapolating (raw rate was distorted),"projected from 8 filings, 90d cadence",2026-08-18
SWK,Stanley Black & Decker,Industrials,Industrial Machinery & Supplies & Components,99.58999633789062,15039746724.150543,5.595,3.73,17.799820614457666,26.699730921686495,0.5,151016641.0,2026-10-28,7807100000.0,410900000.0,1101500000.0,592400000.0,4757900000.0,edgar,4 quarterly filings,2026-07-04,True,extrapolated_clamped,realized TTM growth clamped to +50% before extrapolating (raw rate was distorted),"projected from 8 filings, 91d cadence",2026-08-18
SWKS,Skyworks Solutions,Information Technology,Semiconductors,67.7300033569336,10191522029.987137,0.8602710843373493,1.69,78.73100071601819,40.07692506327432,-0.49096385542168675,150472782.0,2026-10-25,2913900000.0,148700000.0,194400000.0,790000000.0,496900000.0,edgar,4 quarterly filings,2026-07-03,True,extrapolated,"extrapolated realized TTM growth (not consensus, not guidance)","projected from 8 filings, 89d cadence",2026-08-18
SWX,Southwest Gas Corp,Utilities,Gas Utilities,91.26000213623048,6611408699.541039,8.34,5.56,10.942446299308212,16.413669448962317,0.5,72445853.0,2026-11-04,3842308000.0,180496000.0,303673000.0,270518000.0,726412000.0,edgar,4 quarterly filings,2026-06-30,True,extrapolated_clamped,realized TTM growth clamped to +50% before extrapolating (raw rate was distorted),"projected from 8 filings, 91d cadence",2026-08-18
SXI,Standex International Corporation,Industrials,Industrial Machinery & Supplies & Components,326.9700012207031,3962701485.844269,13.169999999999998,8.78,24.82687936375878,37.240319045638174,0.5,12119465.0,2026-11-16,604535000.0,104632000.0,193584000.0,178734000.0,517950000.0,edgar,4 quarterly filings,2026-03-31,True,extrapolated_clamped,realized TTM growth clamped to +50% before extrapolating (raw rate was distorted),"projected from 8 filings, 94d cadence",2026-08-18
SXT,Sensient Technologies,Materials,Specialty Chemicals,133.4499969482422,5680006998.058609,5.236875,3.99,25.482753922566832,33.44611452336897,0.3125,42562811.0,2026-11-03,1396499000.0,95529000.0,143428000.0,31019000.0,709232000.0,edgar,4 quarterly filings,2026-06-30,True,extrapolated,"extrapolated realized TTM growth (not consensus, not guidance)","projected from 8 filings, 91d cadence",2026-08-18
SYF,Synchrony Financial,Financials,Consumer Finance,80.75,26273695330.0,12.25920187793427,10.219999999999999,6.586888836975962,7.901174168297457,0.19953051643192476,325370840.0,2026-10-22,,1690000000.0,,16193000000.0,16432000000.0,edgar,4 quarterly filings,2026-06-30,True,extrapolated,"extrapolated realized TTM growth (not consensus, not guidance)","projected from 8 filings, 91d cadence",2026-08-18
SYK,Stryker Corporation,Health Care,Health Care Equipment,331.67999267578125,127223505087.9071,12.334105960264901,9.65,26.891287762916033,34.37098369697215,0.2781456953642385,383573046.0,2026-10-30,12609000000.0,2021000000.0,2595000000.0,3391000000.0,1774000000.0,edgar,4 quarterly filings,2026-06-30,True,extrapolated,"extrapolated realized TTM growth (not consensus, not guidance)","projected from 8 filings, 91d cadence",2026-08-18
SYNA,Synaptics,Information Technology,Semiconductors,110.58000183105467,4324450583.487029,-1.6800000000000002,-1.6800000000000002,-65.82142966134207,-65.82142966134207,,39106986.0,2026-11-06,663588000.0,-490800000.0,-67100000.0,442500000.0,837300000.0,edgar,4 quarterly filings,2026-03-28,True,flat,no growth signal; forward EPS held flat at trailing,"projected from 8 filings, 88d cadence",2026-08-18
SYY,Sysco,Consumer Staples,Food Distributors,81.8499984741211,39139245735.151245,3.1864655172413796,3.33,25.68676737006749,24.579579121357686,-0.04310344827586199,478182608.0,2026-10-28,62429000000.0,1206000000.0,2112000000.0,1900000000.0,10588184000.0,edgar,4 quarterly filings,2026-03-28,True,extrapolated,"extrapolated realized TTM growth (not consensus, not guidance)","projected from 8 filings, 91d cadence",2026-08-18
T,AT&T,Communication Services,Integrated Telecommunication Services,24.68000030517578,169116879933.18213,4.665000000000001,3.1100000000000003,5.290460944303489,7.935691416455234,0.5,6852385650.0,2026-10-21,63064000000.0,8456000000.0,13696000000.0,17570000000.0,134718000000.0,edgar,4 quarterly filings,2026-06-30,True,extrapolated_clamped,realized TTM growth clamped to +50% before extrapolating (raw rate was distorted),"projected from 8 filings, 91d cadence",2026-08-18
TALO,"Talos Energy, Inc.",Energy,Oil & Gas Exploration & Production,16.40999984741211,2739903304.4030914,-2.24,-2.24,-7.325892789023262,-7.325892789023262,,166965468.0,2026-11-04,1137123000.0,-106498000.0,78796000.0,577587000.0,1228764000.0,edgar,4 quarterly filings,2026-06-30,True,flat,no growth signal; forward EPS held flat at trailing,"projected from 8 filings, 91d cadence",2026-08-18
TAP,Molson Coors Beverage Company,Consumer Staples,Brewers,40.7400016784668,7683564316.558838,-5.42,-10.84,-7.516605475731882,-3.758302737865941,-0.5,188600000.0,2026-11-06,2256100000.0,383000000.0,590200000.0,2128100000.0,7681800000.0,edgar,4 quarterly filings,2026-06-30,True,extrapolated_clamped,realized TTM growth clamped to -50% before extrapolating (raw rate was distorted),"projected from 8 filings, 92d cadence",2026-08-18
TBBK,"The Bancorp, Inc.",Financials,Regional Banks,68.2699966430664,2784515313.5113907,6.49679723502304,5.31,10.50825417099912,12.856873190784635,0.2235023041474653,40786809.0,2026-11-05,,120725000.0,,80083000.0,14100000.0,edgar,4 quarterly filings,2026-06-30,True,extrapolated,"extrapolated realized TTM growth (not consensus, not guidance)","projected from 8 filings, 91d cadence",2026-08-18
TCBI,Texas Capital Bancshares,Financials,Regional Banks,101.08999633789062,4394823803.002106,10.725000000000001,7.15,9.425640684185606,14.138461026278408,0.5,43474369.0,2026-10-24,1605000.0,158736000.0,,4425583000.0,500859000.0,edgar,4 quarterly filings,2026-06-30,True,extrapolated_clamped,realized TTM growth clamped to +50% before extrapolating (raw rate was distorted),"projected from 8 filings, 93d cadence",2026-08-18
TDC,Teradata,Information Technology,IT Consulting & Other Services,27.530000686645508,2560290063.858032,6.6899999999999995,4.46,4.115097262577804,6.172645893866706,0.5,93000000.0,2026-11-04,27000000.0,381000000.0,12000000.0,414000000.0,0.0,edgar,4 quarterly filings,2026-06-30,True,extrapolated_clamped,realized TTM growth clamped to +50% before extrapolating (raw rate was distorted),"projected from 8 filings, 91d cadence",2026-08-18
TDG,TransDigm Group,Industrials,Aerospace & Defense,1237.8199462890625,68422385206.54602,36.841260149399154,33.68,33.59874068556393,36.752373702169315,0.09386164339071135,55276525.0,2026-11-03,7569000000.0,1519000000.0,3447000000.0,2773000000.0,32760000000.0,edgar,4 quarterly filings,2026-06-27,True,extrapolated,"extrapolated realized TTM growth (not consensus, not guidance)","projected from 8 filings, 91d cadence",2026-08-18
TDS,"Telephone and Data Systems, Inc.",Communication Services,Integrated Telecommunication Services,34.52000045776367,1720809319.4593506,2.62,2.62,13.175572693802927,13.175572693802927,,49849632.0,2026-11-05,618731000.0,442961000.0,517030000.0,2194014000.0,,edgar,4 quarterly filings,2026-06-30,True,flat,no growth signal; forward EPS held flat at trailing,"projected from 8 filings, 90d cadence",2026-08-18
TDW,"Tidewater, Inc.",Energy,Oil & Gas Equipment & Services,93.97000122070312,4675593087.807587,1.1218413597733712,1.99,83.76407270247772,47.22110614105685,-0.4362606232294617,49756231.0,2026-11-02,118776000.0,27802000.0,121512000.0,613544000.0,670078000.0,edgar,4 quarterly filings,2026-06-30,True,extrapolated,"extrapolated realized TTM growth (not consensus, not guidance)","projected from 8 filings, 91d cadence",2026-08-18
TDY,Teledyne Technologies,Information Technology,Electronic Equipment & Instruments,677.27001953125,31395307558.09424,21.88542890716804,19.3,30.946161594732402,35.09171085654145,0.13396004700352537,46355673.0,2026-10-22,1020400000.0,478500000.0,627400000.0,340100000.0,2027000000.0,edgar,4 quarterly filings,2026-06-28,True,extrapolated,"extrapolated realized TTM growth (not consensus, not guidance)","projected from 8 filings, 90d cadence",2026-08-18
TECH,Bio-Techne,Health Care,Life Sciences Tools & Services,72.38999938964844,11334011789.328018,0.9709890109890108,0.94,74.55285134062935,77.01063764856217,0.03296703296703285,156568751.0,2026-11-04,893847000.0,127241000.0,177614000.0,209819000.0,,edgar,4 quarterly filings,2026-03-31,True,extrapolated,"extrapolated realized TTM growth (not consensus, not guidance)","projected from 8 filings, 91d cadence",2026-08-18
TEL,TE Connectivity,Information Technology,Electronic Manufacturing Services,217.3800048828125,62934386916.27881,15.18,10.12,14.320158424427701,21.480237636641554,0.5,289513228.0,2026-10-23,14573000000.0,2353000000.0,2898000000.0,1239000000.0,4000000000.0,edgar,4 quarterly filings,2026-06-26,True,extrapolated_clamped,realized TTM growth clamped to +50% before extrapolating (raw rate was distorted),"projected from 8 filings, 91d cadence",2026-08-18
TER,Teradyne,Information Technology,Semiconductor Materials & Equipment,443.1400146484375,69280842245.1477,9.225,6.1499999999999995,48.03685795647019,72.0552869347053,0.5,156340750.0,2026-10-30,2611484000.0,773442000.0,910813000.0,349538000.0,171059000.0,edgar,4 quarterly filings,2026-06-28,True,extrapolated_clamped,realized TTM growth clamped to +50% before extrapolating (raw rate was distorted),"projected from 8 filings, 91d cadence",2026-08-18
TEX,Terex,Industrials,Construction Machinery & Heavy Transportation Equipment,67.33999633789062,7696961581.420898,1.05,2.1,64.13332984561012,32.06666492280506,-0.5,114300000.0,2026-10-29,5421000000.0,21000000.0,105000000.0,407000000.0,2592000000.0,edgar,4 quarterly filings,2026-06-30,True,extrapolated_clamped,realized TTM growth clamped to -50% before extrapolating (raw rate was distorted),"projected from 8 filings, 91d cadence",2026-08-18
TFC,Truist Financial,Financials,Diversified Banks,52.52999877929688,64172022164.3971,5.515987841945288,4.26,9.523225990427758,12.33098562894293,0.29483282674772027,1221626188.0,2026-10-30,,,,20295000000.0,42976000000.0,edgar,4 quarterly filings,2026-06-30,True,extrapolated,"extrapolated realized TTM growth (not consensus, not guidance)","projected from 8 filings, 91d cadence",2026-08-18
TFIN,"Triumph Bancorp, Inc.",Financials,Regional Banks,77.77999877929688,1858517058.691864,1.29,0.86,60.29457269712936,90.44185904569404,0.5,23894537.0,2026-10-21,,17725000.0,,896811000.0,27144000.0,edgar,4 quarterly filings,2026-06-30,True,extrapolated_clamped,realized TTM growth clamped to +50% before extrapolating (raw rate was distorted),"projected from 8 filings, 92d cadence",2026-08-18
TFX,Teleflex,Health Care,Health Care Equipment,133.07000732421875,5638495179.134705,-11.645,-23.29,-11.427222612642229,-5.7136113063211145,-0.5,42372397.0,2026-11-07,1118594000.0,91539000.0,93007000.0,300159000.0,2808009000.0,edgar,4 quarterly filings,2026-06-30,True,extrapolated_clamped,realized TTM growth clamped to -50% before extrapolating (raw rate was distorted),"projected from 8 filings, 93d cadence",2026-08-18
TGT,Target Corporation,Consumer Staples,Consumer Staples Merchandise Retail,151.00999450683594,68587397328.173706,6.6493099415204675,7.54,22.710626491311544,20.027850730349595,-0.1181286549707603,454191112.0,2026-08-28,72618000000.0,781000000.0,1135000000.0,2680000000.0,14398000000.0,edgar,4 quarterly filings,2026-05-02,True,extrapolated,"extrapolated realized TTM growth (not consensus, not guidance)","projected from 8 filings, 91d cadence",2026-08-18
TGTX,"TG Therapeutics, Inc.",Health Care,Biotechnology,49.27999877929688,7543242744.98813,4.155,2.77,11.860408851816336,17.790613277724507,0.5,153069053.0,2026-11-03,2785000.0,27558000.0,56469000.0,482575000.0,100403000.0,edgar,4 quarterly filings,2026-06-30,True,extrapolated_clamped,realized TTM growth clamped to +50% before extrapolating (raw rate was distorted),"projected from 8 filings, 90d cadence",2026-08-18
THC,Tenet Health,Health Care,Health Care Facilities,264.5599975585937,21302106443.420406,18.611286919831226,24.85,14.215029766517233,10.646277567750248,-0.25105485232067504,80519000.0,2026-10-28,4520000000.0,134000000.0,2797000000.0,2170000000.0,4117000000.0,edgar,4 quarterly filings,2026-06-30,True,extrapolated,"extrapolated realized TTM growth (not consensus, not guidance)","projected from 8 filings, 91d cadence",2026-08-18
THG,Hanover Insurance,Financials,Property & Casualty Insurance,222.1000061035156,7733571296.625762,29.67,19.78,7.485675972481145,11.228513958721718,0.5,34820221.0,2026-10-28,3427600000.0,378400000.0,502100000.0,266100000.0,793900000.0,edgar,4 quarterly filings,2026-06-30,True,extrapolated_clamped,realized TTM growth clamped to +50% before extrapolating (raw rate was distorted),"projected from 8 filings, 91d cadence",2026-08-18
THO,Thor Industries,Consumer Discretionary,Leisure Products,77.63999938964844,4041734407.946701,7.709999999999999,5.14,10.070038831342211,15.105058247013316,0.5,52057373.0,2026-09-02,7296517000.0,136701000.0,,371946000.0,874311000.0,edgar,4 quarterly filings,2026-04-30,True,extrapolated_clamped,realized TTM growth clamped to +50% before extrapolating (raw rate was distorted),"projected from 8 filings, 91d cadence",2026-08-18
THRM,Gentherm Incorporated,Consumer Discretionary,Automotive Parts & Equipment,43.34000015258789,1330763719.405243,0.395,0.79,109.72151937364022,54.86075968682011,-0.5,30705208.0,2026-10-22,479792000.0,95393000.0,21974000.0,213173000.0,273258000.0,edgar,4 quarterly filings,2026-06-30,True,extrapolated,"extrapolated realized TTM growth (not consensus, not guidance)","projected from 8 filings, 91d cadence",2026-08-18
TILE,"Interface, Inc.",Industrials,Office Services & Supplies,38.040000915527344,2198729551.3179016,3.9150000000000005,2.6100000000000003,9.716475329636612,14.57471299445492,0.5,57800460.0,2026-11-12,726735000.0,75018000.0,107246000.0,81528000.0,204356000.0,edgar,4 quarterly filings,2026-07-05,True,extrapolated_clamped,realized TTM growth clamped to +50% before extrapolating (raw rate was distorted),"projected from 8 filings, 93d cadence",2026-08-18
TJX,TJX Companies,Consumer Discretionary,Apparel Retail,150.85000610351562,166644672421.68085,4.965541871921183,4.49,30.379364426777315,33.596883319268514,0.10591133004926134,1104704446.0,2026-08-28,14229368000.0,1332000000.0,4763227000.0,5580000000.0,1871000000.0,edgar,4 quarterly filings,2026-05-02,True,extrapolated,"extrapolated realized TTM growth (not consensus, not guidance)","projected from 8 filings, 91d cadence",2026-08-18
TKO,TKO Group Holdings,Communication Services,Movies & Entertainment,195.13999938964844,37725123084.36478,3.356404958677686,2.85,58.13958738355792,68.47017522443805,0.1776859504132231,193323374.0,2026-11-01,3143954000.0,190926000.0,768285000.0,592485000.0,4629225000.0,edgar,4 quarterly filings,2026-06-30,True,extrapolated,"extrapolated realized TTM growth (not consensus, not guidance)","projected from 8 filings, 90d cadence",2026-08-18
TKR,Timken,Industrials,Industrial Machinery & Supplies & Components,133.92999267578125,9280925139.724792,3.311724137931034,3.92,40.44116813408639,34.16581445810746,-0.15517241379310354,69296839.0,2026-11-04,23200000.0,127100000.0,253400000.0,399100000.0,2049900000.0,edgar,4 quarterly filings,2026-06-30,True,extrapolated,"extrapolated realized TTM growth (not consensus, not guidance)","projected from 8 filings, 92d cadence",2026-08-18
TLN,Talen Energy,Utilities,Independent Power Producers & Energy Traders,356.9200134277344,17101557965.659943,2.54,5.08,140.51969032587968,70.25984516293984,-0.5,47914259.0,2026-11-04,1876000000.0,-29000000.0,138000000.0,231000000.0,9572000000.0,edgar,4 quarterly filings,2026-06-30,True,extrapolated_clamped,realized TTM growth clamped to -50% before extrapolating (raw rate was distorted),"projected from 8 filings, 91d cadence",2026-08-18
TMDX,"TransMedics Group, Inc.",Health Care,Health Care Equipment,88.3499984741211,3063549007.8399277,3.1553289473684205,2.19,28.000249719702275,40.342465056676296,0.4407894736842104,34675145.0,2026-11-04,363881000.0,21997000.0,37033000.0,330094000.0,34023000.0,edgar,4 quarterly filings,2026-06-30,True,extrapolated,"extrapolated realized TTM growth (not consensus, not guidance)","projected from 8 filings, 92d cadence",2026-08-18
TMO,Thermo Fisher Scientific,Health Care,Life Sciences Tools & Services,585.510009765625,216490737036.67334,19.82680228862047,17.66,29.531237626839935,33.15458718944649,0.1226954863318499,369747286.0,2026-10-30,5853000000.0,3387000000.0,3950000000.0,4064000000.0,42284000000.0,edgar,4 quarterly filings,2026-06-27,True,extrapolated,"extrapolated realized TTM growth (not consensus, not guidance)","projected from 8 filings, 91d cadence",2026-08-18
TMP,Tompkins Financial Corporation,Financials,Regional Banks,100.27999877929688,1442317695.842743,9.927292929292928,7.01,10.101444522040444,14.305277999899698,0.4161616161616162,14382905.0,2026-10-29,75742000.0,55378000.0,,147765000.0,,edgar,4 quarterly filings,2026-06-30,True,extrapolated,"extrapolated realized TTM growth (not consensus, not guidance)","projected from 8 filings, 90d cadence",2026-08-18
TMUS,T-Mobile US,Communication Services,Wireless Telecommunication Services,180.1199951171875,193209605695.90564,11.411167355371902,10.51,15.784537156261626,17.137963379370838,0.08574380165289264,1072671613.0,2026-10-22,21026000000.0,5743000000.0,9987000000.0,2825000000.0,86282000000.0,edgar,4 quarterly filings,2026-06-30,True,extrapolated,"extrapolated realized TTM growth (not consensus, not guidance)","projected from 8 filings, 91d cadence",2026-08-18
TNC,Tennant Company,Industrials,Industrial Machinery & Supplies & Components,67.56999969482422,1152021398.5069656,1.165,2.33,57.99999973804654,28.99999986902327,-0.5,17049303.0,2026-11-05,728000000.0,7800000.0,20800000.0,85609000.0,273600000.0,edgar,4 quarterly filings,2026-06-30,True,extrapolated_clamped,realized TTM growth clamped to -50% before extrapolating (raw rate was distorted),"projected from 8 filings, 91d cadence",2026-08-18
TNDM,Tandem Diabetes Care,Health Care,Health Care Equipment,22.2549991607666,1548474065.8922253,-0.9299999999999999,-0.9299999999999999,-23.930106624480217,-23.930106624480217,,69578707.0,2026-11-05,501781000.0,-41561000.0,-31226000.0,62818000.0,82700000.0,edgar,4 quarterly filings,2026-06-30,True,flat,no growth signal; forward EPS held flat at trailing,"projected from 8 filings, 91d cadence",2026-08-18
TNL,Travel + Leisure Co.,Consumer Discretionary,"Hotels, Resorts & Cruise Lines",73.69000244140625,4510140005.504395,7.47840077071291,6.23,9.853711334914381,11.828250793163122,0.20038535645472066,61204232.0,2026-10-21,2024000000.0,188000000.0,369000000.0,282000000.0,5710000000.0,edgar,4 quarterly filings,2026-06-30,True,extrapolated,"extrapolated realized TTM growth (not consensus, not guidance)","projected from 8 filings, 91d cadence",2026-08-18
TOL,Toll Brothers,Consumer Discretionary,Homebuilding,145.4499969482422,13595356664.749146,12.965014836795254,13.22,11.218652564550025,11.002269058112116,-0.01928783382789312,93471000.0,2026-08-28,7143258000.0,471523000.0,565692000.0,1105511000.0,,edgar,4 quarterly filings,2026-04-30,True,extrapolated,"extrapolated realized TTM growth (not consensus, not guidance)","projected from 8 filings, 91d cadence",2026-08-18
TOST,"Toast, Inc.",Financials,Transaction & Payment Processing Services,34.31999969482422,7542006290.535965,1.125,0.75,30.506666395399307,45.75999959309896,0.5,219755430.0,2026-11-04,3538000000.0,280000000.0,262000000.0,1015000000.0,0.0,edgar,4 quarterly filings,2026-06-30,True,extrapolated_clamped,realized TTM growth clamped to +50% before extrapolating (raw rate was distorted),"projected from 8 filings, 91d cadence",2026-08-18
TPC,Tutor Perini Corporation,Industrials,Construction & Engineering,97.22000122070312,5110769618.911285,2.16,2.16,45.00925982439959,45.00925982439959,,52569117.0,2026-11-04,3026505000.0,91438000.0,176917000.0,938215000.0,396345000.0,edgar,4 quarterly filings,2026-06-30,True,flat,no growth signal; forward EPS held flat at trailing,"projected from 8 filings, 91d cadence",2026-08-18
TPL,Texas Pacific Land Corporation,Energy,Oil & Gas Exploration & Production,360.7900085449219,24885376468.953278,7.750306184935702,11.25,46.5517103370949,32.07022298177083,-0.31108389467238207,68974683.0,2026-11-04,482877000.0,296832000.0,374145000.0,248612000.0,,edgar,4 quarterly filings,2026-06-30,True,extrapolated,"extrapolated realized TTM growth (not consensus, not guidance)","projected from 8 filings, 91d cadence",2026-08-18
TPR,"Tapestry, Inc.",Consumer Discretionary,"Apparel, Accessories & Luxury Goods",129.02000427246094,25725515147.453156,9.84,6.5600000000000005,13.111789052079363,19.667683578119043,0.5,199391678.0,2026-11-12,1381200000.0,1527700000.0,1914400000.0,974700000.0,2379000000.0,edgar,4 quarterly filings,2026-03-28,True,extrapolated_clamped,realized TTM growth clamped to +50% before extrapolating (raw rate was distorted),"projected from 8 filings, 91d cadence",2026-08-18
TR,"Tootsie Roll Industries, Inc.",Consumer Staples,Packaged Foods & Meats,40.20000076293945,,1.1603571428571424,1.14,34.644506659350725,35.26315856398198,0.01785714285714257,,2026-11-06,391653000.0,31008000.0,21596000.0,62080000.0,,edgar,4 quarterly filings,2026-06-30,True,extrapolated,"extrapolated realized TTM growth (not consensus, not guidance)","projected from 8 filings, 91d cadence",2026-08-18
TREX,Trex,Industrials,Building Products,48.75,4965928012.5,2.9103108808290155,2.37,16.750787801100252,20.569620253164555,0.22797927461139889,101865190.0,2026-11-03,761422000.0,123279000.0,169697000.0,6475000.0,91875000.0,edgar,4 quarterly filings,2026-06-30,True,extrapolated,"extrapolated realized TTM growth (not consensus, not guidance)","projected from 8 filings, 91d cadence",2026-08-18
TRGP,Targa Resources,Energy,Oil & Gas Storage & Transportation,277.94000244140625,59598958500.253235,16.23,10.82,17.125077168293668,25.687615752440504,0.5,214431021.0,2026-11-05,8534800000.0,1244200000.0,2081400000.0,132300000.0,19578000000.0,edgar,4 quarterly filings,2026-06-30,True,extrapolated_clamped,realized TTM growth clamped to +50% before extrapolating (raw rate was distorted),"projected from 8 filings, 91d cadence",2026-08-18
TRIP,TripAdvisor,Communication Services,Interactive Media & Services,10.170000076293944,1191917317.0816,0.62,0.62,16.40322592950636,16.40322592950636,,117199342.0,2026-11-05,346000000.0,-10000000.0,15000000.0,843200000.0,815900000.0,edgar,4 quarterly filings,2026-06-30,True,flat,no growth signal; forward EPS held flat at trailing,"projected from 8 filings, 91d cadence",2026-08-18
TRMB,Trimble Inc.,Information Technology,Application Software,55.68999862670898,12985785414.896208,-0.385,-0.77,-144.64934708236098,-72.32467354118049,-0.5,233179848.0,2026-11-13,3798700000.0,-372800000.0,276000000.0,214400000.0,1392200000.0,edgar,4 quarterly filings,2026-07-03,True,extrapolated_clamped,realized TTM growth clamped to -50% before extrapolating (raw rate was distorted),"projected from 8 filings, 93d cadence",2026-08-18
TRMK,Trustmark Corp.,Financials,Regional Banks,48.130001068115234,2794936933.036068,4.203361111111111,3.89,11.450360746044161,12.372750917253272,0.08055555555555549,58070577.0,2026-11-04,,119637000.0,,404413000.0,,edgar,4 quarterly filings,2026-06-30,True,extrapolated,"extrapolated realized TTM growth (not consensus, not guidance)","projected from 8 filings, 91d cadence",2026-08-18
TRN,"Trinity Industries, Inc.",Industrials,Construction Machinery & Heavy Transportation Equipment,29.8700008392334,2379727613.6812935,6.225,4.1499999999999995,4.7983937091138,7.197590563670699,0.5,79669486.0,2026-10-29,977100000.0,122500000.0,300900000.0,155700000.0,,edgar,4 quarterly filings,2026-06-30,True,extrapolated_clamped,realized TTM growth clamped to +50% before extrapolating (raw rate was distorted),"projected from 8 filings, 91d cadence",2026-08-18
TRNO,Terreno Realty Corporation,Real Estate,Industrial REITs,68.18000030517578,7429595769.0550995,4.65,3.1,14.662365657027049,21.993548485540575,0.5,108970310.0,2026-11-04,249151000.0,127001000.0,,51208000.0,942470000.0,edgar,4 quarterly filings,2026-06-30,True,extrapolated_clamped,realized TTM growth clamped to +50% before extrapolating (raw rate was distorted),"projected from 8 filings, 91d cadence",2026-08-18
TROW,T. Rowe Price,Financials,Asset Management & Custody Banks,110.45999908447266,23562868595.703506,11.123365282215124,10.22,9.93044787094104,10.808219088500259,0.08839190628328009,213315850.0,2026-10-30,2077900000.0,1130200000.0,1221000000.0,3234300000.0,,edgar,4 quarterly filings,2026-06-30,True,extrapolated,"extrapolated realized TTM growth (not consensus, not guidance)","projected from 8 filings, 91d cadence",2026-08-18
TRST,TrustCo Bank Corp NY,Financials,Regional Banks,56.79999923706055,967175619.0088654,4.5903296703296705,3.54,12.373838768966076,16.045197524593373,0.29670329670329676,17027740.0,2026-11-10,,33250000.0,,696639000.0,,edgar,4 quarterly filings,2026-06-30,True,extrapolated,"extrapolated realized TTM growth (not consensus, not guidance)","projected from 8 filings, 92d cadence",2026-08-18
TRU,TransUnion,Industrials,Research & Consulting Services,78.69999694824219,15173359411.621094,5.76,3.84,13.66319391462538,20.494790871938072,0.5,192800000.0,2026-10-28,1245700000.0,397100000.0,244800000.0,732500000.0,5103800000.0,edgar,4 quarterly filings,2026-03-31,True,extrapolated_clamped,realized TTM growth clamped to +50% before extrapolating (raw rate was distorted),"projected from 8 filings, 92d cadence",2026-08-18
TRUP,Trupanion,Financials,Life & Health Insurance,29.989999771118164,1315739593.8483562,0.62,0.62,48.37096737277123,48.37096737277123,,43872611.0,2026-11-04,776983000.0,-21177000.0,11152000.0,149360000.0,101784000.0,edgar,4 quarterly filings,2026-06-30,True,flat,no growth signal; forward EPS held flat at trailing,"projected from 8 filings, 91d cadence",2026-08-18
TRV,Travelers Companies (The),Financials,Property & Casualty Insurance,364.510009765625,76027683306.08545,49.215,32.81,7.4064819621177485,11.109722943176623,0.5,208575022.0,2026-10-16,24077000000.0,3919000000.0,2551000000.0,,5861000000.0,edgar,4 quarterly filings,2026-06-30,True,extrapolated_clamped,realized TTM growth clamped to +50% before extrapolating (raw rate was distorted),"projected from 8 filings, 91d cadence",2026-08-18
TSCO,Tractor Supply,Consumer Discretionary,Other Specialty Retail,34.68000030517578,18069672110.16883,2.712820512820512,2.3,12.78374302364703,15.078261002250342,0.1794871794871793,521040137.0,2026-11-05,8133360000.0,525239000.0,700546000.0,231588000.0,150000000.0,edgar,4 quarterly filings,2026-06-27,True,extrapolated,"extrapolated realized TTM growth (not consensus, not guidance)","projected from 8 filings, 91d cadence",2026-08-18
TSLA,"Tesla, Inc.",Consumer Discretionary,Automobile Manufacturers,339.29998779296875,1340081382571.9517,0.8831612903225805,1.17,384.18802036606155,289.99998956663995,-0.24516129032258072,3949547394.0,2026-10-22,50623000000.0,1591000000.0,1339000000.0,15219000000.0,7721000000.0,edgar,4 quarterly filings,2026-06-30,True,extrapolated,"extrapolated realized TTM growth (not consensus, not guidance)","projected from 8 filings, 91d cadence",2026-08-18
TSN,Tyson Foods,Consumer Staples,Packaged Foods & Meats,58.61000061035156,20747940216.064453,1.3917171717171717,1.66,42.11344215724201,35.30722928334432,-0.16161616161616166,354000000.0,2026-11-02,41834000000.0,527000000.0,1099000000.0,740000000.0,,edgar,4 quarterly filings,2026-06-27,True,extrapolated,"extrapolated realized TTM growth (not consensus, not guidance)","projected from 8 filings, 91d cadence",2026-08-18
TT,Trane Technologies,Industrials,Building Products,475.3200073242188,104581418103.1379,18.543738898756658,14.45,25.632371654892562,32.89411815392518,0.2833037300177619,220023177.0,2026-10-29,6972000000.0,1510100000.0,2000400000.0,1763300000.0,4615100000.0,edgar,4 quarterly filings,2026-06-30,True,extrapolated,"extrapolated realized TTM growth (not consensus, not guidance)","projected from 8 filings, 91d cadence",2026-08-18
TTC,Toro,Industrials,Agricultural & Farm Machinery,97.5,9284879565.0,4.592896174863387,4.1,21.22843545508626,23.78048780487805,0.12021857923497259,95229534.0,2026-09-03,2618650000.0,213300000.0,282100000.0,143317000.0,1016800000.0,edgar,4 quarterly filings,2026-05-01,True,extrapolated,"extrapolated realized TTM growth (not consensus, not guidance)","projected from 8 filings, 91d cadence",2026-08-18
TTD,Trade Desk (The),Communication Services,Advertising,13.399999618530272,6343519619.413375,0.7632692307692307,0.63,17.556058961037394,21.269840664333763,0.21153846153846145,473397000.0,2026-11-05,1403914000.0,104391000.0,168224000.0,1122979000.0,,edgar,4 quarterly filings,2026-06-30,True,extrapolated,"extrapolated realized TTM growth (not consensus, not guidance)","projected from 8 filings, 91d cadence",2026-08-18
TTEK,Tetra Tech,Industrials,Construction & Engineering,35.81999969482422,9171511332.821442,2.4899999999999998,1.66,14.385542046114145,21.578313069171216,0.5,256044428.0,2026-10-30,841502000.0,119979000.0,430442000.0,230835000.0,803539000.0,edgar,4 quarterly filings,2026-06-28,True,extrapolated_clamped,realized TTM growth clamped to +50% before extrapolating (raw rate was distorted),"projected from 8 filings, 91d cadence",2026-08-18
TTMI,TTM Technologies,Information Technology,Electronic Manufacturing Services,140.97999572753906,14852082396.621094,3.21,2.14,43.919001784280084,65.87850267642011,0.5,105348864.0,2026-11-05,1850030000.0,133035000.0,181504000.0,507905000.0,973456000.0,edgar,4 quarterly filings,2026-06-29,True,extrapolated_clamped,realized TTM growth clamped to +50% before extrapolating (raw rate was distorted),"projected from 8 filings, 92d cadence",2026-08-18
TTWO,Take-Two Interactive,Communication Services,Interactive Home Entertainment,241.6100006103516,45176344947.35381,-1.48,-1.48,-163.25000041239971,-163.25000041239971,,186980443.0,2026-11-06,1533900000.0,-34100000.0,-35500000.0,1364900000.0,1733000000.0,edgar,4 quarterly filings,2026-06-30,True,flat,no growth signal; forward EPS held flat at trailing,"projected from 8 filings, 91d cadence",2026-08-18
TWLO,Twilio,Information Technology,Systems Software,228.6100006103516,35108831137.93488,7.62,7.62,30.00131241605664,30.00131241605664,,153575220.0,2026-11-06,129116000.0,1157348000.0,192212000.0,823261000.0,993162000.0,edgar,4 quarterly filings,2026-06-30,True,flat,no growth signal; forward EPS held flat at trailing,"projected from 8 filings, 91d cadence",2026-08-18
TXN,Texas Instruments,Information Technology,Semiconductors,282.9100036621094,258366906190.6729,8.70872340425532,6.71,32.48581801597601,42.162444659032694,0.2978723404255319,913247686.0,2026-10-22,10288000000.0,3525000000.0,4118000000.0,3660000000.0,14052000000.0,edgar,4 quarterly filings,2026-06-30,True,extrapolated,"extrapolated realized TTM growth (not consensus, not guidance)","projected from 8 filings, 90d cadence",2026-08-18
TXNM,TXNM Energy,Utilities,Electric Utilities,57.58000183105469,6374524060.771042,0.8384013605442178,1.57,68.67832584822945,36.67516040194566,-0.4659863945578231,110707257.0,2026-10-30,504982000.0,8778000.0,77011000.0,5620000.0,1975090000.0,edgar,4 quarterly filings,2026-03-31,True,extrapolated,"extrapolated realized TTM growth (not consensus, not guidance)","projected from 8 filings, 91d cadence",2026-08-18
TXRH,Texas Roadhouse,Consumer Discretionary,Restaurants,204.3999938964844,13417004873.759584,7.2436180124223615,6.83,28.217942131397724,29.926792664199766,0.060559006211180266,65640926.0,2026-11-06,1256942000.0,168658000.0,289129000.0,202427000.0,50623000.0,edgar,4 quarterly filings,2026-06-30,True,extrapolated,"extrapolated realized TTM growth (not consensus, not guidance)","projected from 8 filings, 91d cadence",2026-08-18
TXT,Textron,Industrials,Aerospace & Defense,87.6500015258789,15074653537.481209,6.924934725848566,5.15,12.657159236275469,17.01941777201532,0.3446475195822456,171986917.0,2026-10-28,7522000000.0,468000000.0,319000000.0,731000000.0,,edgar,4 quarterly filings,2026-07-04,True,extrapolated,"extrapolated realized TTM growth (not consensus, not guidance)","projected from 8 filings, 92d cadence",2026-08-18
TYL,Tyler Technologies,Information Technology,Application Software,320.4800109863281,13124385221.43512,9.90965678627145,7.97,32.340172611256506,40.21079184270115,0.2433697347893915,40952274.0,2026-10-28,134966000.0,174692000.0,194907000.0,895353000.0,599663000.0,edgar,4 quarterly filings,2026-06-30,True,extrapolated,"extrapolated realized TTM growth (not consensus, not guidance)","projected from 8 filings, 91d cadence",2026-08-18
UA,Under Armour (Class C),Consumer Discretionary,"Apparel, Accessories & Luxury Goods",5.190000057220459,2241753054.7156334,-1.06,-1.06,-4.896226469075905,-4.896226469075905,,431937000.0,2026-11-06,1097927000.0,545000.0,46739000.0,395981000.0,591158000.0,edgar,4 quarterly filings,2026-06-30,True,flat,no growth signal; forward EPS held flat at trailing,"projected from 8 filings, 91d cadence",2026-08-18
UAA,Under Armour (Class A),Consumer Discretionary,"Apparel, Accessories & Luxury Goods",5.289999961853027,2284946713.522911,-1.06,-1.06,-4.990566001748139,-4.990566001748139,,431937000.0,2026-11-06,1097927000.0,545000.0,46739000.0,395981000.0,591158000.0,edgar,4 quarterly filings,2026-06-30,True,flat,no growth signal; forward EPS held flat at trailing,"projected from 8 filings, 91d cadence",2026-08-18
UAL,United Airlines Holdings,Industrials,Passenger Airlines,122.26000213623048,39683612658.10575,14.348285340314138,10.47,8.520878922913429,11.677173078914086,0.37041884816753945,324583772.0,2026-10-15,19809000000.0,1504000000.0,2093000000.0,10166000000.0,11492000000.0,edgar,4 quarterly filings,2026-06-30,True,extrapolated,"extrapolated realized TTM growth (not consensus, not guidance)","projected from 8 filings, 91d cadence",2026-08-18
UBER,Uber,Industrials,Passenger Ground Transportation,74.98999786376953,153171579110.41083,7.5600000000000005,5.04,9.919311886742001,14.878967830113002,0.5,2042560121.0,2026-11-04,27394000000.0,2657000000.0,3813000000.0,4870000000.0,12723000000.0,edgar,4 quarterly filings,2026-06-30,True,extrapolated_clamped,realized TTM growth clamped to +50% before extrapolating (raw rate was distorted),"projected from 8 filings, 91d cadence",2026-08-18
UBSI,United Bankshares,Financials,Regional Banks,48.97999954223633,6671691665.226833,4.759328621908127,3.67,10.291367424550543,13.346048921590281,0.2968197879858656,136212571.0,2026-11-06,311957000.0,255577000.0,,1667328000.0,531817000.0,edgar,4 quarterly filings,2026-06-30,True,extrapolated,"extrapolated realized TTM growth (not consensus, not guidance)","projected from 8 filings, 91d cadence",2026-08-18
UCB,"United Community Banks, Inc.",Financials,Regional Banks,36.630001068115234,4416680803.678532,4.388507462686567,2.9699999999999998,8.346801590190527,12.333333692968093,0.4776119402985075,120575503.0,2026-11-03,555790000.0,199927000.0,,314275000.0,20602000.0,edgar,4 quarterly filings,2026-06-30,True,extrapolated,"extrapolated realized TTM growth (not consensus, not guidance)","projected from 8 filings, 90d cadence",2026-08-18
UCTT,"Ultra Clean Holdings, Inc.",Information Technology,Semiconductor Materials & Equipment,87.87999725341797,3978945184.1629257,-2.015,-4.03,-43.61290186273845,-21.806450931369223,-0.5,45277029.0,2026-11-05,1734500000.0,-9200000.0,40800000.0,255900000.0,599400000.0,edgar,4 quarterly filings,2026-06-26,True,extrapolated_clamped,realized TTM growth clamped to -50% before extrapolating (raw rate was distorted),"projected from 8 filings, 93d cadence",2026-08-18
UDR,"UDR, Inc.",Real Estate,Multi-Family Residential REITs,37.2400016784668,12099859463.080135,1.545,1.03,24.103560956936438,36.15534143540466,0.5,324915653.0,2026-10-26,425849000.0,189831000.0,229805000.0,1300000.0,5663316000.0,edgar,4 quarterly filings,2026-03-31,True,extrapolated_clamped,realized TTM growth clamped to +50% before extrapolating (raw rate was distorted),"projected from 8 filings, 90d cadence",2026-08-18
UE,Urban Edge Properties,Real Estate,Retail REITs,21.850000381469727,2753536916.9728127,1.043787878787879,0.8300000000000001,20.933372407853124,26.325301664421357,0.25757575757575757,126019994.0,2026-11-07,132624000.0,22645000.0,121865000.0,49996000.0,1691690000.0,edgar,4 quarterly filings,2026-03-31,True,extrapolated,"extrapolated realized TTM growth (not consensus, not guidance)","projected from 8 filings, 93d cadence",2026-08-18
UFCS,"United Fire Group, Inc.",Financials,Property & Casualty Insurance,53.400001525878906,1372670481.8233871,7.199999999999999,4.8,7.4166668785942935,11.12500031789144,0.5,25705439.0,2026-11-03,753168000.0,63417000.0,,139445000.0,146350000.0,edgar,4 quarterly filings,2026-06-30,True,extrapolated_clamped,realized TTM growth clamped to +50% before extrapolating (raw rate was distorted),"projected from 8 filings, 91d cadence",2026-08-18
UFPI,UFP Industries,Industrials,Building Products,88.29000091552734,4870208090.891853,3.3002777777777785,4.36,26.75229385539082,20.250000209983334,-0.24305555555555547,55161491.0,2026-11-04,3500999000.0,133646000.0,167497000.0,597263000.0,229758000.0,edgar,4 quarterly filings,2026-06-27,True,extrapolated,"extrapolated realized TTM growth (not consensus, not guidance)","projected from 8 filings, 91d cadence",2026-08-18
UFPT,"UFP Technologies, Inc.",Health Care,Health Care Equipment,321.3099975585937,2488799765.9893794,9.978957126303596,9.280000000000001,32.198755189723244,34.62392215071052,0.07531865585168052,7745790.0,2026-11-04,328166000.0,38346000.0,51466000.0,9045000.0,117305000.0,edgar,4 quarterly filings,2026-06-30,True,extrapolated,"extrapolated realized TTM growth (not consensus, not guidance)","projected from 8 filings, 90d cadence",2026-08-18
UGI,UGI Corp,Utilities,Gas Utilities,35.09000015258789,7526628424.759335,1.145,2.29,30.646288342871518,15.323144171435759,-0.5,214494967.0,2026-11-05,6099000000.0,684000000.0,1168000000.0,476000000.0,6648000000.0,edgar,4 quarterly filings,2026-06-30,True,extrapolated_clamped,realized TTM growth clamped to -50% before extrapolating (raw rate was distorted),"projected from 8 filings, 91d cadence",2026-08-18
UHS,Universal Health Services,Health Care,Health Care Facilities,170.52999877929688,10366348095.794678,31.49438848920864,22.92,5.414615331798804,7.440226822831451,0.37410071942446055,60789000.0,2026-11-06,9133194000.0,707129000.0,1019535000.0,138800000.0,4900000000.0,edgar,4 quarterly filings,2026-06-30,True,extrapolated,"extrapolated realized TTM growth (not consensus, not guidance)","projected from 8 filings, 91d cadence",2026-08-18
ULS,UL Solutions,Industrials,Research & Consulting Services,77.11000061035156,15501112206.736511,3.9000000000000004,2.6,19.77179502829527,29.65769254244291,0.5,201025964.0,2026-11-03,1574000000.0,339000000.0,288000000.0,434000000.0,491000000.0,edgar,4 quarterly filings,2026-06-30,True,extrapolated_clamped,realized TTM growth clamped to +50% before extrapolating (raw rate was distorted),"projected from 8 filings, 91d cadence",2026-08-18
ULTA,Ulta Beauty,Consumer Discretionary,Other Specialty Retail,493.3299865722656,21207916218.38095,29.259763421292085,25.36,16.860354592384486,19.453075180294388,0.15377616014558693,42989311.0,2026-09-02,3163857000.0,340469000.0,448256000.0,166300000.0,800000000.0,edgar,4 quarterly filings,2026-05-02,True,extrapolated,"extrapolated realized TTM growth (not consensus, not guidance)","projected from 8 filings, 92d cadence",2026-08-18
UMBF,UMB Financial Corp.,Financials,Regional Banks,151.9499969482422,11540606826.718903,18.134999999999998,12.09,8.37882530731967,12.568237960979502,0.5,75950030.0,2026-10-29,,539008000.0,,5609848000.0,480126000.0,edgar,4 quarterly filings,2026-06-30,True,extrapolated_clamped,realized TTM growth clamped to +50% before extrapolating (raw rate was distorted),"projected from 8 filings, 91d cadence",2026-08-18
UNF,UniFirst Corporation,Industrials,Diversified Support Services,286.4700012207031,5691771616.813721,5.777091988130564,6.24,49.58723208999885,45.90865404177934,-0.0741839762611276,19868648.0,2026-10-07,1696489000.0,74763000.0,94352000.0,163225000.0,7859000.0,edgar,4 quarterly filings,2026-05-30,True,extrapolated,"extrapolated realized TTM growth (not consensus, not guidance)","projected from 8 filings, 91d cadence",2026-08-18
UNFI,United Natural Foods Inc,Consumer Staples,Food Retail,48.11000061035156,2911575862.3379517,0.65,0.65,74.01538555438702,74.01538555438702,,60519140.0,2026-09-08,14979982000.0,49000000.0,142000000.0,43000000.0,1660000000.0,edgar,4 quarterly filings,2026-05-02,True,flat,no growth signal; forward EPS held flat at trailing,"projected from 8 filings, 91d cadence",2026-08-18
UNH,UnitedHealth Group,Health Care,Managed Health Care,395.6199951171875,355106468987.35266,22.683744654856444,19.27,17.440682794517695,20.530357816148808,0.17715332926084293,897594847.0,2026-11-09,223753000000.0,11764000000.0,16981000000.0,28585000000.0,69501000000.0,edgar,4 quarterly filings,2026-06-30,True,extrapolated,"extrapolated realized TTM growth (not consensus, not guidance)","projected from 8 filings, 91d cadence",2026-08-18
UNIT,Uniti Group,Communication Services,Alternative Carriers,9.850000381469728,2390842672.3422914,3.012094455852156,3.83,3.270149899294261,2.5718016661800855,-0.21355236139630396,242725135.0,2026-10-29,1897200000.0,-226200000.0,143100000.0,608900000.0,10636600000.0,edgar,4 quarters vs prior 10-K,2026-06-30,True,extrapolated,"extrapolated realized TTM growth (not consensus, not guidance)","projected from 7 filings, 91d cadence",2026-08-18
UNM,Unum,Financials,Life & Health Insurance,91.51000213623048,14486655423.159807,3.1044018583042976,5.17,29.477498826848258,17.700193836795066,-0.39953542392566777,158306798.0,2026-10-28,6725200000.0,488900000.0,1539500000.0,,3767600000.0,edgar,4 quarterly filings,2026-06-30,True,extrapolated,"extrapolated realized TTM growth (not consensus, not guidance)","projected from 8 filings, 91d cadence",2026-08-18
UNP,Union Pacific Corporation,Industrials,Rail Transportation,299.8999938964844,178163238224.25092,14.109568014705882,12.39,21.255079785852384,24.205003542896236,0.13878676470588225,594075498.0,2026-10-22,16071000000.0,3694000000.0,5221000000.0,1614000000.0,31814000000.0,edgar,4 quarterly filings,2026-06-30,True,extrapolated,"extrapolated realized TTM growth (not consensus, not guidance)","projected from 8 filings, 91d cadence",2026-08-18
UPBD,"Upbound Group, Inc.",Consumer Discretionary,Computer & Electronics Retail,19.420000076293945,1132174449.5478916,1.0248076923076923,1.46,18.94989686558989,13.301369915269825,-0.29807692307692313,58299405.0,2026-10-30,2383155000.0,57373000.0,131697000.0,105302000.0,191813000.0,edgar,4 quarterly filings,2026-06-30,True,extrapolated,"extrapolated realized TTM growth (not consensus, not guidance)","projected from 8 filings, 91d cadence",2026-08-18
UPS,United Parcel Service,Industrials,Air Freight & Logistics,102.0199966430664,72834551322.74365,3.7307479674796746,4.79,27.345721965771524,21.298537921308228,-0.22113821138211387,713924267.0,2026-11-04,69516000000.0,1468000000.0,2197000000.0,4653000000.0,23585000000.0,edgar,4 quarterly filings,2026-06-30,True,extrapolated,"extrapolated realized TTM growth (not consensus, not guidance)","projected from 8 filings, 91d cadence",2026-08-18
UPWK,"Upwork, Inc.",Industrials,Human Resource & Employment Services,8.1899995803833,1022958506.9384623,1.0287012987012987,0.89,7.961494352853354,9.202246719531798,0.1558441558441559,124903365.0,2026-11-10,387143000.0,56865000.0,60855000.0,476040000.0,360691000.0,edgar,4 quarterly filings,2026-06-30,True,extrapolated,"extrapolated realized TTM growth (not consensus, not guidance)","projected from 8 filings, 92d cadence",2026-08-18
URBN,"Urban Outfitters, Inc.",Consumer Discretionary,Apparel Retail,76.63999938964844,6563072708.852493,7.31328165374677,5.32,10.479563487122627,14.406014922866246,0.3746770025839794,85635083.0,2026-09-08,1481345000.0,115705000.0,139681000.0,301364000.0,120000000.0,edgar,4 quarterly filings,2026-04-30,True,extrapolated,"extrapolated realized TTM growth (not consensus, not guidance)","projected from 8 filings, 91d cadence",2026-08-18
URI,United Rentals,Industrials,Trading Companies & Distributors,1164.8199462890625,72971959159.9347,39.78871051268773,39.2,29.275136873752857,29.71479454819037,0.015018125323666531,62646557.0,2026-10-21,3985000000.0,531000000.0,869000000.0,156000000.0,14302000000.0,edgar,4 quarterly filings,2026-03-31,True,extrapolated,"extrapolated realized TTM growth (not consensus, not guidance)","projected from 8 filings, 91d cadence",2026-08-18
USB,U.S. Bancorp,Financials,Diversified Banks,64.87000274658203,101070801581.3361,6.199370078740158,4.86,10.463966809957725,13.347737190654739,0.27559055118110254,1558051446.0,2026-11-05,15000000000.0,4122000000.0,,8252000000.0,43074000000.0,edgar,4 quarterly filings,2026-06-30,True,extrapolated,"extrapolated realized TTM growth (not consensus, not guidance)","projected from 8 filings, 91d cadence",2026-08-18
USFD,US Foods,Consumer Staples,Food Distributors,108.61000061035156,23495679957.067795,5.085,3.39,21.358898841760386,32.038348262640575,0.5,216330723.0,2026-11-05,20142000000.0,391000000.0,659000000.0,56000000.0,1334.0,edgar,4 quarterly filings,2026-06-27,True,extrapolated_clamped,realized TTM growth clamped to +50% before extrapolating (raw rate was distorted),"projected from 8 filings, 91d cadence",2026-08-18
USLM,"United States Lime & Minerals, Inc.",Materials,Construction Materials,117.63999938964844,3374899005.810013,5.421386138613861,4.68,21.69924745846025,25.136752006335136,0.15841584158415833,28688363.0,2026-10-29,144435000.0,65092000.0,76438000.0,402642000.0,12917000.0,edgar,4 quarterly filings,2026-06-30,True,extrapolated,"extrapolated realized TTM growth (not consensus, not guidance)","projected from 8 filings, 91d cadence",2026-08-18
USPH,"U.S. Physical Therapy, Inc.",Health Care,Health Care Facilities,78.4800033569336,1171133389.1345062,0.6679716981132074,1.19,117.49001279337564,65.94958265288538,-0.43867924528301894,14922698.0,2026-11-06,412344000.0,14936000.0,34427000.0,24887000.0,122927000.0,edgar,4 quarterly filings,2026-06-30,True,extrapolated,"extrapolated realized TTM growth (not consensus, not guidance)","projected from 8 filings, 91d cadence",2026-08-18
UTHR,United Therapeutics,Health Care,Biotechnology,508.4800109863281,21809059539.371216,28.384808306709267,26.66,17.913808171328732,19.07276860413834,0.06469648562300323,42890692.0,2026-11-06,1483300000.0,607900000.0,656600000.0,1803200000.0,,edgar,4 quarterly filings,2026-06-30,True,extrapolated,"extrapolated realized TTM growth (not consensus, not guidance)","projected from 8 filings, 93d cadence",2026-08-18
UTI,Universal Technical Institute,Consumer Discretionary,Education Services,26.149999618530277,1440740269.6328375,0.2629761904761905,0.47000000000000003,99.43865857657507,55.63829706070271,-0.44047619047619047,55095231.0,2026-11-05,661153000.0,15539000.0,19271000.0,130060000.0,160034000.0,edgar,4 quarterly filings,2026-06-30,True,extrapolated,"extrapolated realized TTM growth (not consensus, not guidance)","projected from 8 filings, 91d cadence",2026-08-18
UTL,Unitil Corporation,Utilities,Electric Utilities,54.060001373291016,985874621.4842606,1.5001643835616443,2.3400000000000003,36.036051759170164,23.1025646894406,-0.35890410958904095,18236674.0,2026-11-02,333900000.0,37900000.0,71300000.0,9200000.0,721200000.0,edgar,4 quarterly filings,2026-06-30,True,extrapolated,"extrapolated realized TTM growth (not consensus, not guidance)","projected from 8 filings, 91d cadence",2026-08-18
UVV,Universal Corporation,Consumer Staples,Tobacco,44.31999969482422,1103535062.6413498,1.4380470162748646,2.8200000000000003,30.81957626784089,15.716311948519225,-0.49005424954792043,24899257.0,2026-11-04,520257000.0,-5016000.0,2296000.0,173593000.0,370000000.0,edgar,4 quarterly filings,2026-06-30,True,extrapolated,"extrapolated realized TTM growth (not consensus, not guidance)","projected from 8 filings, 91d cadence",2026-08-18
V,Visa Inc.,Financials,Transaction & Payment Processing Services,358.8399963378906,168396735624.72223,,,,,,469280842.0,2026-10-28,21846000000.0,11874000000.0,13971000000.0,12404000000.0,20920000000.0,edgar,none,,False,flat,no growth signal; forward EPS held flat at trailing,"projected from 8 filings, 91d cadence",2026-08-18
VAC,Marriott Vacations Worldwide,Consumer Discretionary,"Hotels, Resorts & Cruise Lines",119.47000122070312,4109208922.3864746,3.4414532871972314,4.46,34.71498557459753,26.78699578939532,-0.22837370242214539,34395320.0,2026-11-05,2577000000.0,99000000.0,,211000000.0,,edgar,4 quarterly filings,2026-06-30,True,extrapolated,"extrapolated realized TTM growth (not consensus, not guidance)","projected from 8 filings, 91d cadence",2026-08-18
VAL,Valaris,Energy,Oil & Gas Drilling,87.08000183105469,6046470200.70076,7.11,4.74,12.247538935450729,18.371308403176094,0.5,69435807.0,2026-11-07,1004600000.0,34000000.0,71100000.0,541200000.0,544800000.0,edgar,4 quarterly filings,2026-06-30,True,extrapolated_clamped,realized TTM growth clamped to +50% before extrapolating (raw rate was distorted),"projected from 8 filings, 93d cadence",2026-08-18
VC,Visteon,Consumer Discretionary,Automotive Parts & Equipment,107.8000030517578,2877767327.6679835,2.605,5.21,41.38195894501259,20.690979472506296,-0.5,26695429.0,2026-10-22,3768000000.0,80000000.0,10000000.0,648000000.0,284000000.0,edgar,4 quarterly filings,2026-06-30,True,extrapolated_clamped,realized TTM growth clamped to -50% before extrapolating (raw rate was distorted),"projected from 8 filings, 91d cadence",2026-08-18
VCEL,Vericel,Health Care,Biotechnology,43.59000015258789,2232096312.073509,0.01000000000000001,0.01000000000000001,4359.0000152587845,4359.0000152587845,,51206614.0,2026-10-29,145882000.0,-4096000.0,-7630000.0,125358000.0,13183000.0,edgar,4 quarterly filings,2026-06-30,True,flat,no growth signal; forward EPS held flat at trailing,"projected from 8 filings, 91d cadence",2026-08-18
VCTR,"Victory Capital Holdings, Inc.",Financials,Asset Management & Custody Banks,118.80999755859376,7307952099.150147,5.538461538461537,4.8,21.4518051147461,24.752082824707035,0.15384615384615374,61509572.0,2026-11-05,218554000.0,251544000.0,352934000.0,70126000.0,967974000.0,edgar,4 quarterly filings,2026-06-30,True,extrapolated,"extrapolated realized TTM growth (not consensus, not guidance)","projected from 8 filings, 91d cadence",2026-08-18
VCYT,"Veracyte, Inc.",Health Care,Health Care Services,42.08000183105469,3382842107.679825,1.335,0.89,31.520600622512877,47.28090093376931,0.5,80390731.0,2026-10-29,66258000.0,54197000.0,45626000.0,299521000.0,0.0,edgar,4 quarterly filings,2026-06-30,True,extrapolated_clamped,realized TTM growth clamped to +50% before extrapolating (raw rate was distorted),"projected from 8 filings, 90d cadence",2026-08-18
VECO,Veeco Instruments Inc.,Information Technology,Semiconductor Materials & Equipment,54.400001525878906,3325452509.276428,0.27,0.54,201.48148713288484,100.74074356644242,-0.5,61129640.0,2026-11-04,,11533000.0,9195000.0,214458000.0,226543000.0,edgar,4 quarterly filings,2026-06-30,True,extrapolated_clamped,realized TTM growth clamped to -50% before extrapolating (raw rate was distorted),"projected from 8 filings, 91d cadence",2026-08-18
VEEV,Veeva Systems,Health Care,Health Care Technology,238.33999633789065,38716733382.05491,7.6836432160804025,5.53,31.019138920855983,43.09945684229487,0.3894472361809045,162443291.0,2026-09-05,690789000.0,260936000.0,273112000.0,1896580000.0,,edgar,4 quarterly filings,2026-04-30,True,extrapolated,"extrapolated realized TTM growth (not consensus, not guidance)","projected from 8 filings, 92d cadence",2026-08-18
VFC,VF Corporation,Consumer Discretionary,"Apparel, Accessories & Luxury Goods",14.479999542236328,5672825149.062061,1.37,1.37,10.569342731559363,10.569342731559363,,391769705.0,2026-10-28,10488556000.0,254920000.0,576569000.0,823943000.0,3519870000.0,edgar,4 quarterly filings,2025-12-27,True,flat,no growth signal; forward EPS held flat at trailing,"projected from 8 filings, 91d cadence",2026-08-18
VGNT,Versigent PLC,Consumer Discretionary,Other Specialty Retail,46.77999877929688,3313673610.231171,,,,,,70835265.0,2026-11-03,4656000000.0,196000000.0,273000000.0,554000000.0,2224000000.0,edgar,insufficient EPS filings,,False,flat,no growth signal; forward EPS held flat at trailing,"projected from 2 filings, 91d cadence",2026-08-18
VIAV,Viavi Solutions,Information Technology,Communications Equipment,46.2599983215332,11414646629.118607,-0.19,-0.19,-243.47367537649055,-243.47367537649055,,246749828.0,2026-11-13,1518300000.0,-30400000.0,105100000.0,647800000.0,836300000.0,edgar,4 quarterly filings,2026-03-28,True,flat,no growth signal; forward EPS held flat at trailing,"projected from 8 filings, 92d cadence",2026-08-18
VICI,Vici Properties,Real Estate,Hotel & Resort REITs,25.959999084472656,28583972501.453384,3.2164257028112453,2.83,8.071070648945161,9.173144552817194,0.13654618473895597,1101077562.0,2026-10-28,2077026000.0,1398911000.0,321018000.0,288063000.0,16931155000.0,edgar,4 quarterly filings,2026-06-30,True,extrapolated,"extrapolated realized TTM growth (not consensus, not guidance)","projected from 8 filings, 91d cadence",2026-08-18
VICR,Vicor Corporation,Industrials,Electrical Components & Equipment,253.5,6839163571.5,3.06,2.04,82.84313725490196,124.26470588235294,0.5,26978949.0,2026-10-27,452701000.0,20664000.0,16884000.0,404245000.0,,edgar,4 quarterly filings,2026-03-31,True,extrapolated_clamped,realized TTM growth clamped to +50% before extrapolating (raw rate was distorted),"projected from 8 filings, 90d cadence",2026-08-18
VIR,"Vir Biotechnology, Inc.",Health Care,Biotechnology,9.390000343322754,1588937903.7156887,-2.35,-2.35,-3.9957448269458524,-3.9957448269458524,,169215958.0,2026-11-04,238917000.0,-45615000.0,-58823000.0,278729000.0,,edgar,4 quarterly filings,2026-06-30,True,flat,no growth signal; forward EPS held flat at trailing,"projected from 8 filings, 91d cadence",2026-08-18
VIRT,"Virtu Financial, Inc.",Financials,Financial Exchanges & Data,59.5,5167743801.5,9.195,6.13,6.4709081022294725,9.706362153344209,0.5,86852837.0,2026-10-30,2285280000.0,333208000.0,,1069254000.0,2025883000.0,edgar,4 quarterly filings,2026-06-30,True,extrapolated_clamped,realized TTM growth clamped to +50% before extrapolating (raw rate was distorted),"projected from 8 filings, 91d cadence",2026-08-18
VLO,Valero Energy,Energy,Oil & Gas Refining & Marketing,347.19000244140625,99965535887.5379,33.974999999999994,22.65,10.218984619320274,15.32847692898041,0.5,287927461.0,2026-10-31,,4983000000.0,6927000000.0,7874000000.0,8261000000.0,edgar,4 quarterly filings,2026-06-30,True,extrapolated_clamped,realized TTM growth clamped to +50% before extrapolating (raw rate was distorted),"projected from 8 filings, 93d cadence",2026-08-18
VLTO,Veralto,Industrials,Environmental & Facilities Services,96.75,23761728985.5,4.336687116564417,3.76,22.30965651878678,25.731382978723406,0.15337423312883436,245599266.0,2026-10-29,1422000000.0,254000000.0,338000000.0,1431000000.0,2662000000.0,edgar,4 quarterly filings,2026-04-03,True,extrapolated,"extrapolated realized TTM growth (not consensus, not guidance)","projected from 8 filings, 92d cadence",2026-08-18
VLY,Valley Bank,Financials,Regional Banks,14.9399995803833,8255921844.557619,1.605,1.07,9.308410953509846,13.962616430264767,0.5,552605226.0,2026-11-05,,334798000.0,,428629000.0,2250633000.0,edgar,4 quarterly filings,2026-06-30,True,extrapolated_clamped,realized TTM growth clamped to +50% before extrapolating (raw rate was distorted),"projected from 8 filings, 91d cadence",2026-08-18
VMC,Vulcan Materials Company,Materials,Construction Materials,278.1499938964844,36091320470.78903,8.316080476900149,7.47,33.44724653267976,37.23560828600862,0.11326378539493298,129754885.0,2026-10-28,7781900000.0,165500000.0,265400000.0,140200000.0,4363000000.0,edgar,4 quarterly filings,2026-03-31,True,extrapolated,"extrapolated realized TTM growth (not consensus, not guidance)","projected from 8 filings, 91d cadence",2026-08-18
VMI,Valmont Industries,Industrials,Industrial Machinery & Supplies & Components,506.7900085449219,9783509150.778503,12.911098527746319,15.1,39.25227643920583,33.56225222151801,-0.14496036240090604,19304858.0,2026-10-26,1801660000.0,227951000.0,321737000.0,139051000.0,795663000.0,edgar,4 quarterly filings,2026-06-27,True,extrapolated,"extrapolated realized TTM growth (not consensus, not guidance)","projected from 8 filings, 90d cadence",2026-08-18
VNO,Vornado Realty Trust,Real Estate,Office REITs,37.900001525878906,7076708409.81292,5.58,3.72,6.792114968795503,10.188172453193253,0.5,186720531.0,2026-11-02,921347000.0,24642000.0,582961000.0,675353000.0,2599970000.0,edgar,4 quarterly filings,2026-06-30,True,extrapolated_clamped,realized TTM growth clamped to +50% before extrapolating (raw rate was distorted),"projected from 8 filings, 91d cadence",2026-08-18
VNOM,Viper Energy,Energy,Oil & Gas Storage & Transportation,43.04999923706055,8074156506.908417,1.02,1.02,42.20588160496132,42.20588160496132,,187553000.0,2026-11-04,1188000000.0,239000000.0,681000000.0,77000000.0,1678000000.0,edgar,4 quarters vs prior 10-K,2026-06-30,True,flat,no growth signal; forward EPS held flat at trailing,"projected from 4 filings, 91d cadence",2026-08-18
VNT,Vontier,Information Technology,Electronic Equipment & Instruments,32.33000183105469,4371016247.558594,1.8858730158730161,2.18,17.143254905786087,14.83027606929114,-0.13492063492063489,135200000.0,2026-11-07,1507300000.0,,281500000.0,265800000.0,2348200000.0,edgar,4 quarterly filings,2026-07-03,True,extrapolated,"extrapolated realized TTM growth (not consensus, not guidance)","projected from 8 filings, 93d cadence",2026-08-18
VOYA,Voya Financial,Financials,Multi-Sector Holdings,100.13999938964844,9072318333.564377,5.786727272727273,6.18,17.3051181903122,16.203883396383244,-0.0636363636363636,90596349.0,2026-11-05,3927000000.0,276000000.0,1038000000.0,1011000000.0,2103000000.0,edgar,4 quarterly filings,2026-06-30,True,extrapolated,"extrapolated realized TTM growth (not consensus, not guidance)","projected from 8 filings, 91d cadence",2026-08-18
VRRM,Verra Mobility Corporation,Industrials,Data Processing & Outsourced Services,4.599999904632568,699120883.9057903,0.19,0.38,24.21052581385562,12.10526290692781,-0.5,151982804.0,2026-11-04,53146000.0,-21434000.0,19021000.0,49561000.0,1034657000.0,edgar,4 quarterly filings,2026-06-30,True,extrapolated_clamped,realized TTM growth clamped to -50% before extrapolating (raw rate was distorted),"projected from 8 filings, 91d cadence",2026-08-18
VRSK,Verisk Analytics,Industrials,Research & Consulting Services,175.6199951171875,23010054901.04492,7.113846153846154,6.8,24.687066787666925,25.826469870174634,0.04615384615384621,131021840.0,2026-10-28,1781200000.0,234200000.0,352200000.0,524500000.0,4773500000.0,edgar,4 quarterly filings,2026-03-31,True,extrapolated,"extrapolated realized TTM growth (not consensus, not guidance)","projected from 8 filings, 91d cadence",2026-08-18
VRSN,Verisign,Information Technology,Internet Services & Infrastructure,272.7699890136719,24631130007.93457,3.1050000000000004,2.0700000000000003,87.84862770166565,131.77294155249848,0.5,90300000.0,2026-10-22,863500000.0,431000000.0,589900000.0,840900000.0,,edgar,4 quarterly filings,2013-09-30,True,extrapolated_clamped,realized TTM growth clamped to +50% before extrapolating (raw rate was distorted),"projected from 8 filings, 91d cadence",2026-08-18
VRT,Vertiv,Industrials,Electrical Components & Equipment,292.42999267578125,112582088610.6524,6.165000000000001,4.11,47.43389986630677,71.15084979946015,0.5,384988173.0,2026-10-28,5923800000.0,887900000.0,1078000000.0,2810600000.0,2939800000.0,edgar,4 quarterly filings,2026-06-30,True,extrapolated_clamped,realized TTM growth clamped to +50% before extrapolating (raw rate was distorted),"projected from 8 filings, 91d cadence",2026-08-18
VRTS,"Virtus Investment Partners, Inc.",Financials,Asset Management & Custody Banks,168.13999938964844,1113539092.5578308,21.009821976672804,18.5,8.002923564813363,9.088648615656671,0.1356660527931246,6622690.0,2026-11-06,171646000.0,208131000.0,42772000.0,221781000.0,418627000.0,edgar,4 quarterly filings,2026-06-30,True,extrapolated,"extrapolated realized TTM growth (not consensus, not guidance)","projected from 8 filings, 91d cadence",2026-08-18
VRTX,Vertex Pharmaceuticals,Health Care,Biotechnology,515.5499877929688,130671776274.19458,16.52,16.52,31.20762637971966,31.20762637971966,,253460924.0,2026-11-03,640799000.0,2131200000.0,2385000000.0,6143500000.0,105000000.0,edgar,4 quarterly filings,2026-06-30,True,flat,no growth signal; forward EPS held flat at trailing,"projected from 8 filings, 91d cadence",2026-08-18
VSAT,"Viasat, Inc.",Information Technology,Communications Equipment,81.41000366210938,11214700996.576843,-1.08,-1.08,-75.37963302047164,-75.37963302047164,,137755810.0,2026-11-05,55800000.0,-51741000.0,47308000.0,1735819000.0,2486127000.0,edgar,4 quarterly filings,2026-06-30,True,flat,no growth signal; forward EPS held flat at trailing,"projected from 8 filings, 91d cadence",2026-08-18
VSEC,VSE Corporation,Industrials,Aerospace & Defense,243.47999572753903,6833259262.653502,2.3000000000000003,2.3000000000000003,105.86086770762566,105.86086770762566,,28064972.0,2026-11-07,760113000.0,57578000.0,81706000.0,75360000.0,946957000.0,edgar,4 quarterly filings,2026-06-30,True,flat,no growth signal; forward EPS held flat at trailing,"projected from 8 filings, 93d cadence",2026-08-18
VSH,Vishay Intertechnology,Information Technology,Electronic Components,35.58000183105469,4666087179.850983,0.1640909090909091,0.19,216.83103608952996,187.26316753186677,-0.13636363636363635,131143534.0,2026-11-04,1727817000.0,35288000.0,75650000.0,1297309000.0,972287000.0,edgar,4 quarterly filings,2026-07-04,True,extrapolated,"extrapolated realized TTM growth (not consensus, not guidance)","projected from 8 filings, 91d cadence",2026-08-18
VSNT,"Versant Media Group, Inc.",Communication Services,Cable & Satellite,39.22999954223633,5591608754.753113,,,,,,142534000.0,2026-10-23,3331000000.0,497000000.0,809000000.0,1478000000.0,2954000000.0,edgar,insufficient EPS filings,,False,flat,no growth signal; forward EPS held flat at trailing,"projected from 3 filings, 78d cadence",2026-08-18
VST,Vistra Corp.,Utilities,Electric Utilities,146.11000061035156,49039658546.305466,7.693995983935743,6.19,18.990132164796282,23.60420042170461,0.24297188755020072,335635195.0,2026-11-10,9657000000.0,1334000000.0,2052000000.0,435000000.0,19595000000.0,edgar,4 quarterly filings,2026-06-30,True,extrapolated,"extrapolated realized TTM growth (not consensus, not guidance)","projected from 8 filings, 92d cadence",2026-08-18
VSTS,Vestis,Industrials,Diversified Support Services,13.40999984741211,1772266987.8839684,0.04,0.04,335.24999618530273,335.24999618530273,,132160105.0,2026-11-12,1984488000.0,7251000.0,80605000.0,57659000.0,1168500000.0,edgar,4 quarterly filings,2026-07-03,True,flat,no growth signal; forward EPS held flat at trailing,"projected from 8 filings, 93d cadence",2026-08-18
VSXY,Victoria's Secret,Consumer Discretionary,Apparel Retail,84.0999984741211,6685253530.705261,0.28,0.28,300.3571374075753,300.3571374075753,,79491720.0,2026-09-03,1560000000.0,48000000.0,76000000.0,207000000.0,986000000.0,edgar,4 quarterly filings,2026-05-02,True,flat,no growth signal; forward EPS held flat at trailing,"projected from 8 filings, 90d cadence",2026-08-18
VTOL,Bristow Group Inc.,Energy,Oil & Gas Equipment & Services,46.150001525878906,1367978345.2301025,5.047352941176471,3.93,9.143406863701898,11.743002932793614,0.2843137254901962,29642000.0,2026-11-04,800460000.0,34260000.0,74251000.0,312297000.0,745480000.0,edgar,4 quarterly filings,2026-06-30,True,extrapolated,"extrapolated realized TTM growth (not consensus, not guidance)","projected from 8 filings, 91d cadence",2026-08-18
VTR,Ventas,Real Estate,Health Care REITs,91.16999816894533,46765318610.79717,0.81,0.54,112.55555329499423,168.83332994249133,0.5,512946359.0,2026-10-29,3386558000.0,171545000.0,739747000.0,198956000.0,13011016000.0,edgar,4 quarterly filings,2026-06-30,True,extrapolated_clamped,realized TTM growth clamped to +50% before extrapolating (raw rate was distorted),"projected from 8 filings, 91d cadence",2026-08-18
VTRS,Viatris,Health Care,Pharmaceuticals,16.229999542236328,18641629196.93683,-0.06000000000000001,-0.06000000000000001,-270.4999923706054,-270.4999923706054,,1148590864.0,2026-11-05,7273800000.0,-170000000.0,-73400000.0,886500000.0,11535000000.0,edgar,4 quarterly filings,2026-06-30,True,flat,no growth signal; forward EPS held flat at trailing,"projected from 8 filings, 91d cadence",2026-08-18
VVV,Valvoline,Consumer Discretionary,Automotive Retail,33.79999923706055,4312420831.059288,0.6476646706586827,1.04,52.1874988220147,32.49999926640437,-0.3772455089820359,127586418.0,2026-11-04,2285000000.0,76500000.0,216500000.0,84200000.0,1602000000.0,edgar,4 quarterly filings,2026-06-30,True,extrapolated,"extrapolated realized TTM growth (not consensus, not guidance)","projected from 8 filings, 91d cadence",2026-08-18
VVX,"V2X, Inc.",Industrials,Aerospace & Defense,82.6500015258789,2590693886.5292206,4.32,2.88,19.13194479765715,28.697917196485733,0.5,31345358.0,2026-11-02,2510771000.0,44465000.0,97900000.0,70314000.0,105400000.0,edgar,4 quarterly filings,2026-07-03,True,extrapolated_clamped,realized TTM growth clamped to +50% before extrapolating (raw rate was distorted),"projected from 8 filings, 91d cadence",2026-08-18
VYX,NCR Voyix,Information Technology,IT Consulting & Other Services,7.699999809265137,1063138188.2652569,-0.13,-0.26,-59.23076776357797,-29.615383881788986,-0.5,138069898.0,2026-11-04,7156000000.0,-3000000.0,-5000000.0,237000000.0,1105000000.0,edgar,4 quarterly filings,2026-06-30,True,extrapolated_clamped,realized TTM growth clamped to -50% before extrapolating (raw rate was distorted),"projected from 8 filings, 91d cadence",2026-08-18
VZ,Verizon,Communication Services,Integrated Telecommunication Services,48.060001373291016,199678501913.83545,4.861532846715328,4.47,9.88577119370129,10.751678159572934,0.0875912408759123,4154775202.0,2026-11-01,68693000000.0,8880000000.0,15421000000.0,1752000000.0,93144000000.0,edgar,4 quarterly filings,2026-06-30,True,extrapolated,"extrapolated realized TTM growth (not consensus, not guidance)","projected from 8 filings, 93d cadence",2026-08-18
WAB,Wabtec,Industrials,Construction Machinery & Heavy Transportation Equipment,300.6499938964844,50783046322.19998,10.115029940119763,8.22,29.72309480805399,36.57542504823411,0.23053892215568883,168910851.0,2026-10-21,1253512000.0,757000000.0,1117000000.0,514000000.0,6571000000.0,edgar,4 quarterly filings,2026-06-30,True,extrapolated,"extrapolated realized TTM growth (not consensus, not guidance)","projected from 8 filings, 91d cadence",2026-08-18
WABC,Westamerica Bank,Financials,Regional Banks,59.5,1375113603.5,3.9867698259187625,4.54,14.924362980069473,13.105726872246695,-0.12185686653771755,23111153.0,2026-11-04,,54740000.0,,,,edgar,4 quarterly filings,2026-06-30,True,extrapolated,"extrapolated realized TTM growth (not consensus, not guidance)","projected from 8 filings, 91d cadence",2026-08-18
WAFD,"WaFd, Inc.",Financials,Regional Banks,37.7599983215332,2794060062.68145,4.77,3.1799999999999997,7.916142205772161,11.874213308658241,0.5,73995238.0,2026-11-03,23674000.0,195874000.0,,676467000.0,,edgar,4 quarterly filings,2026-06-30,True,extrapolated_clamped,realized TTM growth clamped to +50% before extrapolating (raw rate was distorted),"projected from 8 filings, 91d cadence",2026-08-18
WAL,Western Alliance Bancorporation,Financials,Regional Banks,81.72000122070312,8915722739.259766,10.070547550432275,8.36,8.114752530729605,9.775119763242001,0.20461095100864535,109100864.0,2026-10-30,113000000.0,443800000.0,,2153200000.0,1479000000.0,edgar,4 quarterly filings,2026-06-30,True,extrapolated,"extrapolated realized TTM growth (not consensus, not guidance)","projected from 8 filings, 91d cadence",2026-08-18
WAT,Waters Corporation,Health Care,Life Sciences Tools & Services,407.739990234375,40059683819.68579,2.005,4.01,203.36159113933917,101.68079556966958,-0.5,98248111.0,2026-11-12,2912000000.0,-208000000.0,-134000000.0,539000000.0,1410000000.0,edgar,4 quarterly filings,2026-07-04,True,extrapolated_clamped,realized TTM growth clamped to -50% before extrapolating (raw rate was distorted),"projected from 8 filings, 93d cadence",2026-08-18
WAY,Waystar Holding Corp,Health Care,Health Care Technology,24.68000030517578,4732350965.396973,0.78,0.78,31.641026032276642,31.641026032276642,,191748416.0,2026-10-28,633548000.0,84150000.0,156507000.0,12645000.0,1481246000.0,edgar,4 quarterly filings,2026-06-30,True,flat,no growth signal; forward EPS held flat at trailing,"projected from 8 filings, 91d cadence",2026-08-18
WBD,Warner Bros. Discovery,Communication Services,Broadcasting,27.93000030517578,70123944326.22585,-0.5399999999999999,-0.5399999999999999,-51.72222278736257,-51.72222278736257,,2510703314.0,2026-11-05,31037000000.0,-2767000000.0,-2232000000.0,3369000000.0,32023000000.0,edgar,4 quarterly filings,2026-06-30,True,flat,no growth signal; forward EPS held flat at trailing,"projected from 8 filings, 91d cadence",2026-08-18
WBS,Webster Bank,Financials,Regional Banks,78.69000244140625,12750412418.709473,8.037424892703863,6.12,9.790449489965214,12.85784353617749,0.3133047210300428,162033448.0,2026-10-23,1475857000.0,503020000.0,711786000.0,,737171000.0,edgar,4 quarterly filings,2026-06-30,True,extrapolated,"extrapolated realized TTM growth (not consensus, not guidance)","projected from 8 filings, 88d cadence",2026-08-18
WCC,WESCO International,Industrials,Trading Companies & Distributors,372.9599914550781,18175404811.42157,18.435057660626033,14.96,20.231018438941668,24.93048071223784,0.23228995057660629,48732854.0,2026-10-29,16319100000.0,362800000.0,675700000.0,212583000.0,1233100000.0,edgar,4 quarterly filings,2026-06-30,True,extrapolated,"extrapolated realized TTM growth (not consensus, not guidance)","projected from 8 filings, 91d cadence",2026-08-18
WD,"Walker & Dunlop, Inc.",Financials,Commercial & Residential Mortgage Finance,40.70000076293945,1397057847.688465,3.256615384615385,2.52,12.497638178340251,16.150793953547403,0.2923076923076924,34325745.0,2026-11-05,608021000.0,18877000.0,101494000.0,160858000.0,1389495000.0,edgar,4 quarterly filings,2026-06-30,True,extrapolated,"extrapolated realized TTM growth (not consensus, not guidance)","projected from 8 filings, 91d cadence",2026-08-18
WDAY,"Workday, Inc.",Information Technology,Application Software,191.17999267578125,42059598388.671875,4.122549019607843,2.9,46.374219388655625,65.92413540544182,0.4215686274509802,220000000.0,2026-08-21,618643000.0,222000000.0,338000000.0,559000000.0,2988000000.0,edgar,4 quarterly filings,2026-04-30,True,extrapolated,"extrapolated realized TTM growth (not consensus, not guidance)","projected from 8 filings, 91d cadence",2026-08-18
WDC,Western Digital,Information Technology,"Technology Hardware, Storage & Peripherals",536.010009765625,193253554914.34766,25.125,16.75,21.333731731965173,32.00059759794776,0.5,360540944.0,2026-11-13,12919000000.0,9424000000.0,4453000000.0,1579000000.0,1052000000.0,edgar,4 quarterly filings,2026-04-03,True,extrapolated_clamped,realized TTM growth clamped to +50% before extrapolating (raw rate was distorted),"projected from 8 filings, 91d cadence",2026-08-18
WDFC,WD-40 Company,Consumer Staples,Household Products,229.00999450683597,3073565121.2357183,6.963365695792881,6.5600000000000005,32.887831044863695,34.910060138237185,0.06148867313915862,13421096.0,2026-10-08,488109000.0,67985000.0,89882000.0,59137000.0,85332000.0,edgar,4 quarterly filings,2026-05-31,True,extrapolated,"extrapolated realized TTM growth (not consensus, not guidance)","projected from 8 filings, 91d cadence",2026-08-18
WEC,WEC Energy Group,Utilities,Electric Utilities,110.48999786376952,36003097631.58061,4.012318435754191,3.79,27.537694136931293,29.15303373714235,0.05865921787709505,325849383.0,2026-11-04,5496300000.0,640300000.0,1412800000.0,50000000.0,20017500000.0,edgar,4 quarterly filings,2020-12-31,True,extrapolated,"extrapolated realized TTM growth (not consensus, not guidance)","projected from 8 filings, 92d cadence",2026-08-18
WELL,Welltower,Real Estate,Health Care REITs,235.3000030517578,166101672239.27994,3.228819875776398,2.2800000000000002,72.87492399840913,103.20175572445517,0.4161490683229816,705914450.0,2026-10-27,3351926000.0,136205000.0,,4703775000.0,17933568000.0,edgar,4 quarterly filings,2026-03-31,True,extrapolated,"extrapolated realized TTM growth (not consensus, not guidance)","projected from 8 filings, 91d cadence",2026-08-18
WEN,The Wendy's Company,Consumer Discretionary,Restaurants,8.619999885559082,1643574774.7795582,0.7209890109890111,0.81,11.955799262092308,10.641975167356891,-0.10989010989010983,190669930.0,2026-11-06,1111208000.0,55328000.0,144205000.0,341211000.0,2748989000.0,edgar,4 quarterly filings,2026-06-28,True,extrapolated,"extrapolated realized TTM growth (not consensus, not guidance)","projected from 8 filings, 91d cadence",2026-08-18
WERN,Werner Enterprises,Industrials,Cargo Ground Transportation,39.11000061035156,2345706607.767151,0.6299999999999999,0.41999999999999993,62.07936604817709,93.11904907226564,0.5,59977156.0,2026-11-05,1742537000.0,2088000.0,20916000.0,57024000.0,793000000.0,edgar,4 quarterly filings,2026-06-30,True,extrapolated_clamped,realized TTM growth clamped to +50% before extrapolating (raw rate was distorted),"projected from 8 filings, 90d cadence",2026-08-18
WEX,WEX Inc.,Financials,Transaction & Payment Processing Services,188.8699951171875,6436993703.155884,11.97822308690013,9.61,15.76778072565232,19.65348544403616,0.24643320363164722,34081611.0,2026-10-22,1427400000.0,186200000.0,361300000.0,1161500000.0,2874113000.0,edgar,4 quarterly filings,2026-06-30,True,extrapolated,"extrapolated realized TTM growth (not consensus, not guidance)","projected from 8 filings, 91d cadence",2026-08-18
WFC,Wells Fargo,Financials,Diversified Banks,87.54000091552734,264720904641.99408,8.812659176029964,6.86,9.933437702167378,12.760933078065209,0.28464419475655434,3023999336.0,2026-10-25,54415000000.0,11660000000.0,,,182139000000.0,edgar,4 quarterly filings,2026-06-30,True,extrapolated,"extrapolated realized TTM growth (not consensus, not guidance)","projected from 5 filings, 89d cadence",2026-08-18
WFRD,Weatherford International,Energy,Oil & Gas Equipment & Services,93.08000183105467,6672481165.6999655,4.048144000000001,5.03,22.99325365675101,18.504970542953213,-0.19519999999999993,71685443.0,2026-10-21,4172000000.0,147000000.0,230000000.0,1100000000.0,1415000000.0,edgar,4 quarterly filings,2026-06-30,True,extrapolated,"extrapolated realized TTM growth (not consensus, not guidance)","projected from 8 filings, 91d cadence",2026-08-18
WGO,"Winnebago Industries, Inc.",Consumer Discretionary,Automobile Manufacturers,31.57999992370605,892731638.7832545,2.235,1.49,14.129753880852821,21.19463082127923,0.5,28268893.0,2026-09-24,1985674000.0,24800000.0,48600000.0,57100000.0,442900000.0,edgar,4 quarterly filings,2026-05-30,True,extrapolated_clamped,realized TTM growth clamped to +50% before extrapolating (raw rate was distorted),"projected from 8 filings, 91d cadence",2026-08-18
WH,Wyndham Hotels & Resorts,Consumer Discretionary,"Hotels, Resorts & Cruise Lines",72.94000244140625,5412959419.859497,6.493243243243245,4.65,11.233215776616152,15.686022030409944,0.39639639639639657,74211122.0,2026-10-22,1429000000.0,163000000.0,288000000.0,69000000.0,,edgar,4 quarterly filings,2026-06-30,True,extrapolated,"extrapolated realized TTM growth (not consensus, not guidance)","projected from 8 filings, 91d cadence",2026-08-18
WHD,"Cactus, Inc.",Energy,Oil & Gas Equipment & Services,73.44999694824219,5500653524.854553,0.41500000000000004,0.8300000000000001,176.98794445359562,88.49397222679781,-0.5,74889772.0,2026-10-30,837877000.0,81902000.0,133086000.0,365821000.0,30000000.0,edgar,4 quarterly filings,2021-03-31,True,extrapolated_clamped,realized TTM growth clamped to -50% before extrapolating (raw rate was distorted),"projected from 8 filings, 91d cadence",2026-08-18
WHR,Whirlpool Corporation,Consumer Discretionary,Household Appliances,39.59000015258789,2581243384.9686356,1.885873015873015,2.1799999999999997,20.99292996896758,18.160550528710043,-0.13492063492063522,65199378.0,2026-11-05,4911000000.0,6000000.0,181000000.0,1239000000.0,6169000000.0,edgar,4 quarterly filings,2026-06-30,True,extrapolated,"extrapolated realized TTM growth (not consensus, not guidance)","projected from 8 filings, 93d cadence",2026-08-18
WINA,Winmark,Consumer Discretionary,Other Specialty Retail,349.7799987792969,1256468868.435028,11.444400000000002,11.22,30.563419557101884,31.174687948243925,0.020000000000000018,3592169.0,2026-10-14,42815700.0,19649600.0,26002700.0,25834500.0,47687500.0,edgar,4 quarterly filings,2026-06-27,True,extrapolated,"extrapolated realized TTM growth (not consensus, not guidance)","projected from 8 filings, 91d cadence",2026-08-18
WING,Wingstop,Consumer Discretionary,Restaurants,115.72000122070312,3152507456.375061,2.939320066334991,4.21,39.36964964995909,27.486936156936608,-0.30182421227197354,27242546.0,2026-10-28,369289000.0,61171000.0,105039000.0,127455000.0,1220925000.0,edgar,4 quarterly filings,2026-06-27,True,extrapolated,"extrapolated realized TTM growth (not consensus, not guidance)","projected from 8 filings, 91d cadence",2026-08-18
WKC,World Kinect Corporation,Energy,Oil & Gas Refining & Marketing,35.63999938964844,1823043705.5795288,-2.0799999999999996,-4.159999999999999,-17.134615091177135,-8.567307545588568,-0.5,51151620.0,2026-10-21,23276200000.0,74600000.0,152400000.0,135300000.0,260649000.0,edgar,4 quarterly filings,2026-06-30,True,extrapolated_clamped,realized TTM growth clamped to -50% before extrapolating (raw rate was distorted),"projected from 8 filings, 89d cadence",2026-08-18
WLK,Westlake Corporation,Materials,Specialty Chemicals,78.20999908447266,9994967902.078766,-3.235,-6.47,-24.17619755316002,-12.08809877658001,-0.5,127796548.0,2026-11-04,5923000000.0,91000000.0,192000000.0,1643000000.0,5067000000.0,edgar,4 quarterly filings,2026-06-30,True,extrapolated_clamped,realized TTM growth clamped to -50% before extrapolating (raw rate was distorted),"projected from 8 filings, 91d cadence",2026-08-18
WLY,John Wiley & Sons,Communication Services,Publishing,50.79999923706055,3092937176.3487434,1.19,1.19,42.68907498912651,42.68907498912651,,60884591.0,2026-09-23,1796103000.0,221617000.0,276859000.0,75622000.0,683397000.0,edgar,4 quarterly filings,2026-01-31,True,flat,no growth signal; forward EPS held flat at trailing,"projected from 8 filings, 91d cadence",2026-08-18
WM,Waste Management,Industrials,Environmental & Facilities Services,224.0200042724609,89544197227.4475,7.162449275362319,7.03,31.2770109301931,31.86628794771848,0.018840579710144967,399715184.0,2026-10-28,3511000000.0,1508000000.0,2366000000.0,557000000.0,,edgar,4 quarterly filings,2026-06-30,True,extrapolated,"extrapolated realized TTM growth (not consensus, not guidance)","projected from 8 filings, 91d cadence",2026-08-18
WMB,Williams Companies,Energy,Oil & Gas Storage & Transportation,73.44999694824219,89841647085.58911,2.798793969849246,2.36,26.243445476695268,31.122880062814488,0.18592964824120606,1223167472.0,2026-11-02,6083000000.0,1692000000.0,2503000000.0,2074000000.0,,edgar,4 quarterly filings,2026-06-30,True,extrapolated,"extrapolated realized TTM growth (not consensus, not guidance)","projected from 8 filings, 91d cadence",2026-08-18
WMG,Warner Music Group,Communication Services,Movies & Entertainment,26.3700008392334,28189.530897140503,,,,,,1069.0,2026-11-04,1335000000.0,563000000.0,857000000.0,618000000.0,4710000000.0,edgar,insufficient EPS filings,,False,flat,no growth signal; forward EPS held flat at trailing,"projected from 8 filings, 91d cadence",2026-08-18
WMS,Advanced Drainage Systems,Industrials,Building Products,147.97999572753906,11158482186.993622,8.508036006546643,7.21,17.392967732350158,20.52427125208586,0.18003273322422242,75405342.0,2026-11-05,1001112000.0,168521000.0,254548000.0,162251000.0,1630251000.0,edgar,4 quarterly filings,2026-06-30,True,extrapolated,"extrapolated realized TTM growth (not consensus, not guidance)","projected from 8 filings, 91d cadence",2026-08-18
WMT,Walmart,Consumer Staples,Consumer Staples Merchandise Retail,114.33000183105467,909847204362.828,4.32,2.88,26.465278201633023,39.69791730244954,0.5,7958079155.0,2026-08-26,177751000000.0,5330000000.0,7493000000.0,10729000000.0,38166000000.0,edgar,4 quarterly filings,2026-04-30,True,extrapolated_clamped,realized TTM growth clamped to +50% before extrapolating (raw rate was distorted),"projected from 8 filings, 89d cadence",2026-08-18
WOR,Worthington Enterprises,Industrials,Building Products,57.709999084472656,2824005102.559204,4.4399999999999995,2.96,12.997747541547897,19.496621312321842,0.5,48934416.0,2026-10-29,1381292000.0,156085000.0,76209000.0,27725000.0,306914000.0,edgar,4 quarterly filings,2026-02-28,True,extrapolated_clamped,realized TTM growth clamped to +50% before extrapolating (raw rate was distorted),"projected from 8 filings, 91d cadence",2026-08-18
WPC,W. P. Carey,Real Estate,Diversified REITs,71.5199966430664,16293462421.313866,4.374745098039216,3.34,16.34838031480327,21.413172647624673,0.30980392156862746,227816879.0,2026-10-28,915573000.0,361691000.0,209879000.0,163538000.0,8851851000.0,edgar,4 quarterly filings,2018-12-31,True,extrapolated,"extrapolated realized TTM growth (not consensus, not guidance)","projected from 8 filings, 91d cadence",2026-08-18
WRB,W. R. Berkley Corporation,Financials,Property & Casualty Insurance,69.75,25893120147.75,5.673636363636364,4.74,12.2937029322224,14.715189873417721,0.19696969696969702,371227529.0,2026-10-29,7406453000.0,967478000.0,,2606530000.0,,edgar,4 quarterly filings,2026-06-30,True,extrapolated,"extrapolated realized TTM growth (not consensus, not guidance)","projected from 8 filings, 90d cadence",2026-08-18
WRBY,Warby Parker,Consumer Discretionary,"Apparel, Accessories & Luxury Goods",25.600000381469727,2897484203.1758785,0.11,0.11,232.72727619517934,232.72727619517934,,113182975.0,2026-11-05,477958000.0,7821000.0,4834000.0,292674000.0,,edgar,4 quarterly filings,2026-06-30,True,flat,no growth signal; forward EPS held flat at trailing,"projected from 8 filings, 91d cadence",2026-08-18
WRLD,World Acceptance Corporation,Financials,Consumer Finance,190.0,886004200.0,4.688126272912424,8.31,40.52791860530786,22.86401925391095,-0.4358452138492872,4663180.0,2026-11-05,139208923.0,6106806.0,,10420032.0,572830649.0,edgar,4 quarterly filings,2026-06-30,True,extrapolated,"extrapolated realized TTM growth (not consensus, not guidance)","projected from 8 filings, 91d cadence",2026-08-18
WS,Worthington Steel,Materials,Steel,37.869998931884766,1929406234.601509,1.457245508982036,1.56,25.987384211147088,24.27564034095177,-0.06586826347305386,50948146.0,2026-10-30,3443800000.0,8500000.0,-1400000.0,84600000.0,71400000.0,edgar,4 quarterly filings,2026-02-28,True,extrapolated,"extrapolated realized TTM growth (not consensus, not guidance)","projected from 8 filings, 92d cadence",2026-08-18
WSBC,WesBanco,Financials,Regional Banks,42.47999954223633,4074082120.817768,4.800000000000001,3.2,8.849999904632567,13.274999856948853,0.5,95905889.0,2026-10-27,,181313000.0,,871774000.0,,edgar,4 quarterly filings,2026-06-30,True,extrapolated_clamped,realized TTM growth clamped to +50% before extrapolating (raw rate was distorted),"projected from 8 filings, 89d cadence",2026-08-18
WSC,WillScot Holdings Corp.,Industrials,Office Services & Supplies,23.57999992370605,4272482775.8162265,0.91,0.91,25.912087828248406,25.912087828248406,,181190958.0,2026-11-07,1160779000.0,75096000.0,214157000.0,18167000.0,2236408000.0,edgar,4 quarterly filings,2026-06-30,True,flat,no growth signal; forward EPS held flat at trailing,"projected from 8 filings, 93d cadence",2026-08-18
WSFS,WSFS Financial Corporation,Financials,Regional Banks,81.80999755859375,4179722270.3170776,7.849011235955056,5.91,10.42296858792039,13.842639180811124,0.32808988764044944,51090605.0,2026-11-05,672683000.0,171225000.0,,1699154000.0,21990000.0,edgar,4 quarterly filings,2026-06-30,True,extrapolated,"extrapolated realized TTM growth (not consensus, not guidance)","projected from 8 filings, 92d cadence",2026-08-18
WSM,"Williams-Sonoma, Inc.",Consumer Discretionary,Homefurnishing Retail,240.4199981689453,28308640001.019516,8.13961956521739,7.74,29.537006765809974,31.062015267305593,0.05163043478260865,117746611.0,2026-08-20,1805456000.0,231362000.0,291688000.0,651601000.0,7273000.0,edgar,4 quarterly filings,2026-05-03,True,extrapolated,"extrapolated realized TTM growth (not consensus, not guidance)","projected from 8 filings, 90d cadence",2026-08-18
WSO,Watsco,Industrials,Trading Companies & Distributors,311.8599853515625,11875399336.958252,16.11997658079625,14.37,19.34618104365497,21.70215625271834,0.12177985948477743,38079266.0,2026-11-06,3637869000.0,242410000.0,348556000.0,364189000.0,219792000.0,edgar,4 quarterly filings,2026-06-30,True,extrapolated,"extrapolated realized TTM growth (not consensus, not guidance)","projected from 8 filings, 91d cadence",2026-08-18
WST,West Pharmaceutical Services,Health Care,Health Care Supplies,346.6099853515625,24392941835.92505,9.934218241042345,7.81,34.89051447647626,44.38027981454066,0.271986970684039,70375762.0,2026-10-22,695400000.0,292800000.0,356200000.0,435800000.0,202900000.0,edgar,4 quarterly filings,2026-06-30,True,extrapolated,"extrapolated realized TTM growth (not consensus, not guidance)","projected from 8 filings, 91d cadence",2026-08-18
WT,"WisdomTree Investments, Inc.",Financials,Asset Management & Custody Banks,23.09000015258789,3498414666.1089134,0.5603333333333333,0.41000000000000003,41.207614787485824,56.31707354289729,0.3666666666666665,151512111.0,2026-11-04,336630000.0,21153000.0,131161000.0,132459000.0,274514000.0,edgar,4 quarterly filings,2026-06-30,True,extrapolated,"extrapolated realized TTM growth (not consensus, not guidance)","projected from 8 filings, 91d cadence",2026-08-18
WTFC,Wintrust Financial,Financials,Regional Banks,160.9600067138672,10859322501.277542,14.071976856316297,12.08,11.438336515002101,13.324503867041985,0.16489874638379942,67465967.0,2026-11-04,1812261000.0,461081000.0,113265000.0,270823000.0,764298000.0,edgar,4 quarterly filings,2026-06-30,True,extrapolated,"extrapolated realized TTM growth (not consensus, not guidance)","projected from 8 filings, 91d cadence",2026-08-18
WTRG,Essential Utilities,Utilities,Water Utilities,39.79999923706055,11294388262.494106,1.3821739130434783,1.87,28.795218070223108,21.283422051904033,-0.26086956521739135,283778605.0,2026-11-05,1392613000.0,330117000.0,503913000.0,8634000.0,3062395000.0,edgar,4 quarterly filings,2026-06-30,True,extrapolated,"extrapolated realized TTM growth (not consensus, not guidance)","projected from 8 filings, 92d cadence",2026-08-18
WTS,Watts Water Technologies,Industrials,Building Products,385.1799926757813,12903529754.638674,16.108288288288293,11.96,23.911913282296457,32.205685006336225,0.3468468468468471,33500000.0,2026-11-05,1440400000.0,217900000.0,287000000.0,347900000.0,200000000.0,edgar,4 quarterly filings,2026-06-28,True,extrapolated,"extrapolated realized TTM growth (not consensus, not guidance)","projected from 8 filings, 91d cadence",2026-08-18
WTW,Willis Towers Watson,Financials,Insurance Brokers,326.0599975585937,30281823551.48187,11.96,11.96,27.262541601889104,27.262541601889104,,92871937.0,2026-10-29,4878000000.0,526000000.0,812000000.0,1627000000.0,9685000000.0,edgar,4 quarterly filings,2026-06-30,True,flat,no growth signal; forward EPS held flat at trailing,"projected from 8 filings, 91d cadence",2026-08-18
WU,Western Union,Financials,Transaction & Payment Processing Services,7.179999828338623,2239291030.0424247,0.7844897959183674,1.24,9.152445150587734,5.790322442208567,-0.36734693877551017,311878981.0,2026-10-30,1995900000.0,141400000.0,255100000.0,919800000.0,2510300000.0,edgar,4 quarterly filings,2026-06-30,True,extrapolated,"extrapolated realized TTM growth (not consensus, not guidance)","projected from 8 filings, 92d cadence",2026-08-18
WWD,"Woodward, Inc.",Industrials,Electrical Components & Equipment,370.3999938964844,21870571367.612915,11.36,8.52,32.605633265535594,43.474177687380795,0.33333333333333326,59045820.0,2026-10-29,3196727000.0,414407000.0,,474851000.0,579902000.0,edgar,4 quarterly filings,2026-06-30,True,extrapolated,"extrapolated realized TTM growth (not consensus, not guidance)","projected from 8 filings, 91d cadence",2026-08-18
WWW,"Wolverine World Wide, Inc.",Consumer Discretionary,Footwear,19.82999992370605,1627375496.108835,1.845,1.23,10.747967438323062,16.121951157484595,0.5,82066339.0,2026-11-14,1874300000.0,51400000.0,81200000.0,161700000.0,601100000.0,edgar,4 quarterly filings,2026-07-04,True,extrapolated_clamped,realized TTM growth clamped to +50% before extrapolating (raw rate was distorted),"projected from 8 filings, 93d cadence",2026-08-18
WY,Weyerhaeuser,Real Estate,Timber REITs,24.07999992370605,17355322825.012203,1.02,0.68,23.60784306245691,35.41176459368537,0.5,720736000.0,2026-11-01,3594000000.0,318000000.0,470000000.0,527000000.0,5572000000.0,edgar,4 quarterly filings,2026-06-30,True,extrapolated_clamped,realized TTM growth clamped to +50% before extrapolating (raw rate was distorted),"projected from 8 filings, 93d cadence",2026-08-18
WYNN,Wynn Resorts,Consumer Discretionary,Casinos & Gaming,102.79000091552734,10584686350.165413,5.67911877394636,3.85,18.099639223445866,26.698701536500607,0.47509578544061304,102973891.0,2026-11-05,6717660000.0,260516000.0,580192000.0,1573353000.0,10724660000.0,edgar,4 quarterly filings,2026-06-30,True,extrapolated,"extrapolated realized TTM growth (not consensus, not guidance)","projected from 8 filings, 91d cadence",2026-08-18
XEL,Xcel Energy,Utilities,Multi-Utilities,79.20999908447266,49477282806.39021,3.4301152737752165,3.45,23.09251811158329,22.959420024484828,-0.0057636887608067955,624634306.0,2026-10-29,8731000000.0,1142000000.0,1460000000.0,2010000000.0,36947000000.0,edgar,4 quarterly filings,2026-06-30,True,extrapolated,"extrapolated realized TTM growth (not consensus, not guidance)","projected from 8 filings, 91d cadence",2026-08-18
XHR,"Xenia Hotels & Resorts, Inc.",Real Estate,Hotel & Resort REITs,19.06999969482422,1759128045.2988052,0.5690322580645162,0.42000000000000004,33.51303801244619,45.404761178152896,0.3548387096774195,92245835.0,2026-10-29,590900000.0,433000.0,41654000.0,112357000.0,1359120000.0,edgar,4 quarterly filings,2026-06-30,True,extrapolated,"extrapolated realized TTM growth (not consensus, not guidance)","projected from 8 filings, 91d cadence",2026-08-18
XNCR,Xencor Inc,Health Care,Biotechnology,23.1200008392334,1719050601.039854,-2.4899999999999998,-2.4899999999999998,-9.285140899290523,-9.285140899290523,,74353397.0,2026-11-04,55737000.0,-150645000.0,-114930000.0,44663000.0,77537000.0,edgar,4 quarterly filings,2026-06-30,True,flat,no growth signal; forward EPS held flat at trailing,"projected from 8 filings, 91d cadence",2026-08-18
XOM,ExxonMobil,Energy,Integrated Oil & Gas,161.4600067138672,663909332668.4308,,,,,,4111911960.0,2026-11-02,201155000000.0,18708000000.0,,10588000000.0,,edgar,insufficient EPS filings,,False,flat,no growth signal; forward EPS held flat at trailing,"projected from 1 filings, 91d cadence",2026-08-18
XPEL,"XPEL, Inc.",Consumer Discretionary,Automotive Parts & Equipment,49.994998931884766,1378399516.811264,2.6542331288343557,2.08,18.835948654533137,24.036057178790752,0.2760736196319018,27570748.0,2026-11-06,260407000.0,28384000.0,36226000.0,40675000.0,458188.0,edgar,4 quarterly filings,2026-06-30,True,extrapolated,"extrapolated realized TTM growth (not consensus, not guidance)","projected from 8 filings, 91d cadence",2026-08-18
XPO,"XPO, Inc.",Industrials,Cargo Ground Transportation,210.9900054931641,24704073893.525166,4.493207547169812,3.7800000000000002,46.95754720390399,55.81746177067833,0.18867924528301883,117086465.0,2026-10-29,6150000000.0,263000000.0,445000000.0,298000000.0,4857200000.0,edgar,4 quarterly filings,2026-06-30,True,extrapolated,"extrapolated realized TTM growth (not consensus, not guidance)","projected from 8 filings, 91d cadence",2026-08-18
XRAY,Dentsply Sirona,Health Care,Health Care Supplies,11.1899995803833,2230769788.7877846,-2.23,-2.23,-5.017937031562019,-5.017937031562019,,199353876.0,2026-11-05,1778000000.0,27000000.0,47000000.0,239000000.0,2276000000.0,edgar,4 quarterly filings,2026-06-30,True,flat,no growth signal; forward EPS held flat at trailing,"projected from 8 filings, 91d cadence",2026-08-18
XYL,Xylem Inc.,Industrials,Industrial Machinery & Supplies & Components,117.47000122070312,27427696090.65808,4.696877076411961,3.7600000000000002,25.01023537759707,31.24202160125083,0.24916943521594703,233486812.0,2026-10-26,4461000000.0,456000000.0,634000000.0,1276000000.0,2947000000.0,edgar,4 quarterly filings,2026-06-30,True,extrapolated,"extrapolated realized TTM growth (not consensus, not guidance)","projected from 8 filings, 90d cadence",2026-08-18
XYZ,"Block, Inc.",Financials,Transaction & Payment Processing Services,80.19999694824219,47935698575.95825,0.8542222222222222,1.24,93.88657291027312,64.6774168937437,-0.3111111111111111,597702000.0,2026-11-04,12674534000.0,-220164000.0,274880000.0,6427331000.0,5720569000.0,edgar,4 quarterly filings,2026-06-30,True,extrapolated,"extrapolated realized TTM growth (not consensus, not guidance)","projected from 8 filings, 91d cadence",2026-08-18
YELP,"Yelp, Inc.",Communication Services,Interactive Media & Services,23.06999969482422,1251861719.910057,2.7846385542168672,2.15,8.28473758645932,10.730232416197312,0.29518072289156616,54263621.0,2026-11-06,736976000.0,49387000.0,71028000.0,94142000.0,17621000.0,edgar,4 quarterly filings,2026-06-30,True,extrapolated,"extrapolated realized TTM growth (not consensus, not guidance)","projected from 8 filings, 91d cadence",2026-08-18
YETI,Yeti Holdings,Consumer Discretionary,Leisure Products,43.0,3138518228.0,2.8623312883435585,2.16,15.022719478737995,19.907407407407405,0.32515337423312896,72988796.0,2026-11-14,864282000.0,81168000.0,105956000.0,19008000.0,73828000.0,edgar,4 quarterly filings,2026-07-04,True,extrapolated,"extrapolated realized TTM growth (not consensus, not guidance)","projected from 8 filings, 93d cadence",2026-08-18
YOU,"Clear Secure, Inc.",Information Technology,Application Software,43.84000015258789,3847434844.43124,,,,,,87760831.0,2026-11-04,530760000.0,88845000.0,144953000.0,128228000.0,,edgar,none,,False,flat,no growth signal; forward EPS held flat at trailing,"projected from 8 filings, 91d cadence",2026-08-18
YUM,Yum! Brands,Consumer Discretionary,Restaurants,145.13999938964844,39608863310.3344,11.055,7.37,13.12890089458602,19.693351341879026,0.5,272901085.0,2026-11-04,4228000000.0,1285000000.0,1299000000.0,674000000.0,2200000000.0,edgar,4 quarterly filings,2026-06-30,True,extrapolated_clamped,realized TTM growth clamped to +50% before extrapolating (raw rate was distorted),"projected from 8 filings, 91d cadence",2026-08-18
ZBH,Zimmer Biomet,Health Care,Health Care Equipment,98.1999969482422,18730440477.71477,4.200096153846154,4.18,23.380416388400423,23.49282223642158,0.004807692307692291,190737689.0,2026-11-04,4263700000.0,436500000.0,699200000.0,410000000.0,1000000000.0,edgar,4 quarterly filings,2026-06-30,True,extrapolated,"extrapolated realized TTM growth (not consensus, not guidance)","projected from 8 filings, 91d cadence",2026-08-18
ZBRA,Zebra Technologies,Information Technology,Electronic Equipment & Instruments,371.260009765625,17564556093.618164,14.24357142857143,11.73,26.065092707079632,31.650469715739554,0.2142857142857144,47310660.0,2026-11-03,3052000000.0,368000000.0,536000000.0,157000000.0,2776000000.0,edgar,4 quarterly filings,2026-07-04,True,extrapolated,"extrapolated realized TTM growth (not consensus, not guidance)","projected from 8 filings, 91d cadence",2026-08-18
ZD,Ziff Davis,Communication Services,Advertising,54.310001373291016,1862138313.5663147,27.435,18.29,1.9795881674244948,2.9693822511367425,0.5,34287208.0,2026-11-06,1364028000.0,646722000.0,-41791000.0,1606112000.0,867640000.0,edgar,4 quarterly filings,2026-06-30,True,extrapolated_clamped,realized TTM growth clamped to +50% before extrapolating (raw rate was distorted),"projected from 8 filings, 91d cadence",2026-08-18
ZION,Zions Bancorporation,Financials,Regional Banks,71.58000183105469,10447341418.148575,11.265539305301646,7.85,6.353890381206039,9.118471570834993,0.4351005484460695,145953355.0,2026-11-05,354000000.0,686000000.0,,,946000000.0,edgar,4 quarterly filings,2026-06-30,True,extrapolated,"extrapolated realized TTM growth (not consensus, not guidance)","projected from 8 filings, 91d cadence",2026-08-18
ZTS,Zoetis,Health Care,Pharmaceuticals,72.97000122070312,30152926742.363342,7.258858695652173,6.33,10.0525446602797,11.52764632238596,0.14673913043478248,413223602.0,2026-11-06,4730000000.0,1292000000.0,,1476000000.0,9048000000.0,edgar,4 quarterly filings,2026-06-30,True,extrapolated,"extrapolated realized TTM growth (not consensus, not guidance)","projected from 8 filings, 92d cadence",2026-08-18
ZWS,Zurn Elkay Water Solutions Corp.,Industrials,Industrial Machinery & Supplies & Components,50.310001373291016,8395326172.193699,1.6711578947368422,1.26,30.10487610520689,39.928572518484934,0.32631578947368434,166871913.0,2026-10-27,1530500000.0,58900000.0,82100000.0,273500000.0,499000000.0,edgar,4 quarterly filings,2026-03-31,True,extrapolated,"extrapolated realized TTM growth (not consensus, not guidance)","projected from 8 filings, 91d cadence",2026-08-18
